Title,URL,timestamp,Comment,Author,Channel,Date
【雑談】ただいま！！あけおめ！！！【ぶいすぽ/八雲べに】,https://www.youtube.com/watch?v=caev60c-r9g&t=505s,8:25,やくもべにの声はもっとえっどかったな,@ちくわの輪切り,八雲べに,2026-01-06T18:22:53Z
【雑談】ただいま！！あけおめ！！！【ぶいすぽ/八雲べに】,https://www.youtube.com/watch?v=caev60c-r9g&t=4599s,1:16:39,えっど,@シンディー27,八雲べに,2026-01-06T18:22:53Z
【雑談】ただいま！！あけおめ！！！【ぶいすぽ/八雲べに】,https://www.youtube.com/watch?v=caev60c-r9g&t=7113s,1:58:33,えっど,@shimotsukimoo4399,八雲べに,2026-01-06T18:22:53Z
【雑談】ただいま！！あけおめ！！！【ぶいすぽ/八雲べに】,https://www.youtube.com/watch?v=caev60c-r9g&t=7121s,1:58:41,えっど,@ソンナバナナオト,八雲べに,2026-01-06T18:22:53Z
【雑談】ただいま！！あけおめ！！！【ぶいすぽ/八雲べに】,https://www.youtube.com/watch?v=caev60c-r9g&t=7126s,1:58:46,えっどｗ,@ざく-zaku,八雲べに,2026-01-06T18:22:53Z
【雑談】ただいま！！あけおめ！！！【ぶいすぽ/八雲べに】,https://www.youtube.com/watch?v=caev60c-r9g&t=7809s,2:10:09,えっど,@きしべろ,八雲べに,2026-01-06T18:22:53Z
【雑談】ただいま！！あけおめ！！！【ぶいすぽ/八雲べに】,https://www.youtube.com/watch?v=caev60c-r9g&t=7814s,2:10:14,えっど,@0q0_ハルhal_896,八雲べに,2026-01-06T18:22:53Z
【雑談】ただいま！！あけおめ！！！【ぶいすぽ/八雲べに】,https://www.youtube.com/watch?v=caev60c-r9g&t=7815s,2:10:15,えっど,@腐ったラムネ,八雲べに,2026-01-06T18:22:53Z
【雑談】ただいま！！あけおめ！！！【ぶいすぽ/八雲べに】,https://www.youtube.com/watch?v=caev60c-r9g&t=7816s,2:10:16,えっど,@jiangwilly2625,八雲べに,2026-01-06T18:22:53Z
【雑談】ただいま！！あけおめ！！！【ぶいすぽ/八雲べに】,https://www.youtube.com/watch?v=caev60c-r9g&t=7820s,2:10:20,えっど,@Cele-rish,八雲べに,2026-01-06T18:22:53Z
【雑談】ただいま！！あけおめ！！！【ぶいすぽ/八雲べに】,https://www.youtube.com/watch?v=caev60c-r9g&t=7823s,2:10:23,えっど,@mori-b6x,八雲べに,2026-01-06T18:22:53Z
【雑談】ただいま！！あけおめ！！！【ぶいすぽ/八雲べに】,https://www.youtube.com/watch?v=caev60c-r9g&t=7830s,2:10:30,えっど,@ぶどう10-p2b,八雲べに,2026-01-06T18:22:53Z
【雑談】ただいま！！あけおめ！！！【ぶいすぽ/八雲べに】,https://www.youtube.com/watch?v=caev60c-r9g&t=7830s,2:10:30,えっど,@ソンナバナナオト,八雲べに,2026-01-06T18:22:53Z
【雑談】ただいま！！あけおめ！！！【ぶいすぽ/八雲べに】,https://www.youtube.com/watch?v=caev60c-r9g&t=7830s,2:10:30,えっど,@Tleaf311,八雲べに,2026-01-06T18:22:53Z
【雑談】ただいま！！あけおめ！！！【ぶいすぽ/八雲べに】,https://www.youtube.com/watch?v=caev60c-r9g&t=7845s,2:10:45,えっど,@あかさ田中ak,八雲べに,2026-01-06T18:22:53Z
【雑談】ただいま！！あけおめ！！！【ぶいすぽ/八雲べに】,https://www.youtube.com/watch?v=caev60c-r9g&t=7846s,2:10:46,えっど,@YFalcon0106,八雲べに,2026-01-06T18:22:53Z
【雑談】ただいま！！あけおめ！！！【ぶいすぽ/八雲べに】,https://www.youtube.com/watch?v=caev60c-r9g&t=7846s,2:10:46,えっど,@腐ったラムネ,八雲べに,2026-01-06T18:22:53Z
【雑談】ただいま！！あけおめ！！！【ぶいすぽ/八雲べに】,https://www.youtube.com/watch?v=caev60c-r9g&t=7853s,2:10:53,ちょいえっど！！,@つっきーXanadu,八雲べに,2026-01-06T18:22:53Z
【雑談】ただいま！！あけおめ！！！【ぶいすぽ/八雲べに】,https://www.youtube.com/watch?v=caev60c-r9g&t=8032s,2:13:52,長文申し訳ないです。普段あんまりチャットしないので読んでくれたら嬉しいです。私は今年で大学四年の陸上してる女性です。今年は全国大会に出るのを目標にしてます。春の大会に向けて筋トレなどを頑張って今体脂肪率が6.2%で腹筋や太ももに血管が浮き出るくらいに絞ってスクワットでは110kg上げれるようになりました。べにさんは学生の時は何か本気でやってた事はありますか？,@hina-like68,八雲べに,2026-01-06T18:22:53Z
【雑談】ただいま！！あけおめ！！！【ぶいすぽ/八雲べに】,https://www.youtube.com/watch?v=caev60c-r9g&t=10087s,2:48:07,使う筋肉違うからなぁｗ,@nAoTa0896,八雲べに,2026-01-06T18:22:53Z
【雑談】ただいま！！あけおめ！！！【ぶいすぽ/八雲べに】,https://www.youtube.com/watch?v=caev60c-r9g&t=10087s,2:48:07,腕立てって筋肉同じなんかな,@ubu_です,八雲べに,2026-01-06T18:22:53Z
【雑談】ただいま！！あけおめ！！！【ぶいすぽ/八雲べに】,https://www.youtube.com/watch?v=caev60c-r9g&t=10157s,2:49:17,いいよー！筋肉喜んでるよー！,@マサラオ_fnc,八雲べに,2026-01-06T18:22:53Z
【雑談】ただいま！！あけおめ！！！【ぶいすぽ/八雲べに】,https://www.youtube.com/watch?v=caev60c-r9g&t=10171s,2:49:31,明日筋肉痛やw,@れま_rema,八雲べに,2026-01-06T18:22:53Z
【雑談】ただいま！！あけおめ！！！【ぶいすぽ/八雲べに】,https://www.youtube.com/watch?v=caev60c-r9g&t=10179s,2:49:39,翌日筋肉痛,@紫電_stir,八雲べに,2026-01-06T18:22:53Z
【雑談】ただいま！！あけおめ！！！【ぶいすぽ/八雲べに】,https://www.youtube.com/watch?v=caev60c-r9g&t=10179s,2:49:39,筋肉が喜んでますね,@Akkeyあっきー,八雲べに,2026-01-06T18:22:53Z
【雑談】ただいま！！あけおめ！！！【ぶいすぽ/八雲べに】,https://www.youtube.com/watch?v=caev60c-r9g&t=10183s,2:49:43,腹筋は？,@モノクロ-monokuro,八雲べに,2026-01-06T18:22:53Z
【雑談】ただいま！！あけおめ！！！【ぶいすぽ/八雲べに】,https://www.youtube.com/watch?v=caev60c-r9g&t=10250s,2:50:50,筋肉もビックリするわ,@ラル-l9c,八雲べに,2026-01-06T18:22:53Z
【雑談】ただいま！！あけおめ！！！【ぶいすぽ/八雲べに】,https://www.youtube.com/watch?v=caev60c-r9g&t=10277s,2:51:17,ついでに腹筋もできますか？w,@kenken0729,八雲べに,2026-01-06T18:22:53Z
【雑談】ただいま！！あけおめ！！！【ぶいすぽ/八雲べに】,https://www.youtube.com/watch?v=caev60c-r9g&t=10279s,2:51:19,明日筋肉痛になるよｗ,@Cele-rish,八雲べに,2026-01-06T18:22:53Z
【雑談】ただいま！！あけおめ！！！【ぶいすぽ/八雲べに】,https://www.youtube.com/watch?v=caev60c-r9g&t=10284s,2:51:24,腹筋はどうなん,@1158日ぷーたろー,八雲べに,2026-01-06T18:22:53Z
【雑談】ただいま！！あけおめ！！！【ぶいすぽ/八雲べに】,https://www.youtube.com/watch?v=caev60c-r9g&t=10292s,2:51:32,腹筋はやってるのか,@にゃおまさ,八雲べに,2026-01-06T18:22:53Z
【雑談】ただいま！！あけおめ！！！【ぶいすぽ/八雲べに】,https://www.youtube.com/watch?v=caev60c-r9g&t=10297s,2:51:37,腹筋バタ足,@きしべろ,八雲べに,2026-01-06T18:22:53Z
【雑談】ただいま！！あけおめ！！！【ぶいすぽ/八雲べに】,https://www.youtube.com/watch?v=caev60c-r9g&t=10313s,2:51:53,腹筋100ならムキムキにならん？,@ラル-l9c,八雲べに,2026-01-06T18:22:53Z
【雑談】ただいま！！あけおめ！！！【ぶいすぽ/八雲べに】,https://www.youtube.com/watch?v=caev60c-r9g&t=10319s,2:51:59,腹筋割れてる？,@ここどーる,八雲べに,2026-01-06T18:22:53Z
【雑談】ただいま！！あけおめ！！！【ぶいすぽ/八雲べに】,https://www.youtube.com/watch?v=caev60c-r9g&t=10319s,2:51:59,腹筋割ろう,@Maro_Maro_416,八雲べに,2026-01-06T18:22:53Z
【雑談】ただいま！！あけおめ！！！【ぶいすぽ/八雲べに】,https://www.youtube.com/watch?v=caev60c-r9g&t=10321s,2:52:01,腹筋ローラーで,@イーリ-l3f,八雲べに,2026-01-06T18:22:53Z
【雑談】ただいま！！あけおめ！！！【ぶいすぽ/八雲べに】,https://www.youtube.com/watch?v=caev60c-r9g&t=10322s,2:52:02,V字腹筋,@1158日ぷーたろー,八雲べに,2026-01-06T18:22:53Z
【雑談】ただいま！！あけおめ！！！【ぶいすぽ/八雲べに】,https://www.youtube.com/watch?v=caev60c-r9g&t=10337s,2:52:17,腹筋ローラー立ちながら出来る？,@大盛しお,八雲べに,2026-01-06T18:22:53Z
【雑談】ただいま！！あけおめ！！！【ぶいすぽ/八雲べに】,https://www.youtube.com/watch?v=caev60c-r9g&t=10338s,2:52:18,逆に足上げる方の腹筋はしやすいかもね,@ShimeSaba_1011,八雲べに,2026-01-06T18:22:53Z
【雑談】ただいま！！あけおめ！！！【ぶいすぽ/八雲べに】,https://www.youtube.com/watch?v=caev60c-r9g&t=10342s,2:52:22,GIGOフィギュアみたいなうっすら腹筋目指そう,@0q0_ハルhal_896,八雲べに,2026-01-06T18:22:53Z
【雑談】ただいま！！あけおめ！！！【ぶいすぽ/八雲べに】,https://www.youtube.com/watch?v=caev60c-r9g&t=10346s,2:52:26,腹筋は腰悪くなるって話もある,@まりのすけ-f5e,八雲べに,2026-01-06T18:22:53Z
【雑談】ただいま！！あけおめ！！！【ぶいすぽ/八雲べに】,https://www.youtube.com/watch?v=caev60c-r9g&t=10348s,2:52:28,腹筋ローラーとかは？,@ゆうれい-yurei,八雲べに,2026-01-06T18:22:53Z
【雑談】ただいま！！あけおめ！！！【ぶいすぽ/八雲べに】,https://www.youtube.com/watch?v=caev60c-r9g&t=10365s,2:52:45,水着着たら腹筋目立ちそう,@ラル-l9c,八雲べに,2026-01-06T18:22:53Z
【雑談】ただいま！！あけおめ！！！【ぶいすぽ/八雲べに】,https://www.youtube.com/watch?v=caev60c-r9g&t=10387s,2:53:07,下半身のトレーニング結構大切よ。体の中で一番大きい筋肉だし。,@大盛しお,八雲べに,2026-01-06T18:22:53Z
【雑談】ただいま！！あけおめ！！！【ぶいすぽ/八雲べに】,https://www.youtube.com/watch?v=caev60c-r9g&t=10401s,2:53:21,べにさんは筋肉質だね,@にゃおまさ,八雲べに,2026-01-06T18:22:53Z
【雑談】ただいま！！あけおめ！！！【ぶいすぽ/八雲べに】,https://www.youtube.com/watch?v=caev60c-r9g&t=10448s,2:54:08,腕立て伏せは腹筋無いと後半しんどくなるからねー,@めがね-m2t,八雲べに,2026-01-06T18:22:53Z
【雑談】ただいま！！あけおめ！！！【ぶいすぽ/八雲べに】,https://www.youtube.com/watch?v=caev60c-r9g&t=10640s,2:57:20,毎日筋肉できそう,@ふーへい,八雲べに,2026-01-06T18:22:53Z
【雑談】ただいま！！あけおめ！！！【ぶいすぽ/八雲べに】,https://www.youtube.com/watch?v=caev60c-r9g&t=10644s,2:57:24,腹筋で参加したよ,@さがだち,八雲べに,2026-01-06T18:22:53Z
【雑談】ただいま！！あけおめ！！！【ぶいすぽ/八雲べに】,https://www.youtube.com/watch?v=caev60c-r9g&t=10685s,2:58:05,明日筋肉痛や,@つっきーXanadu,八雲べに,2026-01-06T18:22:53Z
【雑談】ただいま！！あけおめ！！！【ぶいすぽ/八雲べに】,https://www.youtube.com/watch?v=caev60c-r9g&t=10688s,2:58:08,腹筋でも良い？,@さがだち,八雲べに,2026-01-06T18:22:53Z
【雑談】ただいま！！あけおめ！！！【ぶいすぽ/八雲べに】,https://www.youtube.com/watch?v=caev60c-r9g&t=10705s,2:58:25,えっどいのくる？,@YFalcon0106,八雲べに,2026-01-06T18:22:53Z
【雑談】ただいま！！あけおめ！！！【ぶいすぽ/八雲べに】,https://www.youtube.com/watch?v=caev60c-r9g&t=10760s,2:59:20,寝て起きたら筋肉痛なってるわ,@hayuyun-a192y,八雲べに,2026-01-06T18:22:53Z
【雑談】ただいま！！あけおめ！！！【ぶいすぽ/八雲べに】,https://www.youtube.com/watch?v=caev60c-r9g&t=10888s,3:01:28,絶対明後日筋肉痛だ,@Cele-rish,八雲べに,2026-01-06T18:22:53Z
【雑談】ただいま！！あけおめ！！！【ぶいすぽ/八雲べに】,https://www.youtube.com/watch?v=caev60c-r9g&t=10897s,3:01:37,明日筋肉痛確定,@ひなみざわ_L5,八雲べに,2026-01-06T18:22:53Z
【雑談】ただいま！！あけおめ！！！【ぶいすぽ/八雲べに】,https://www.youtube.com/watch?v=caev60c-r9g&t=10899s,3:01:39,八雲べにさん明日筋肉痛になったら少し恨みますw,@kenken0729,八雲べに,2026-01-06T18:22:53Z
【雑談】ただいま！！あけおめ！！！【ぶいすぽ/八雲べに】,https://www.youtube.com/watch?v=caev60c-r9g&t=10919s,3:01:59,筋肉痛なるぅ。,@goma2343,八雲べに,2026-01-06T18:22:53Z
【雑談】ただいま！！あけおめ！！！【ぶいすぽ/八雲べに】,https://www.youtube.com/watch?v=caev60c-r9g&t=10940s,3:02:20,これは明日筋肉痛来るわw,@ikejun_896,八雲べに,2026-01-06T18:22:53Z
【雑談】ただいま！！あけおめ！！！【ぶいすぽ/八雲べに】,https://www.youtube.com/watch?v=caev60c-r9g&t=10955s,3:02:35,腹筋とかもやるよね,@nAoTa0896,八雲べに,2026-01-06T18:22:53Z
【雑談】ただいま！！あけおめ！！！【ぶいすぽ/八雲べに】,https://www.youtube.com/watch?v=caev60c-r9g&t=10965s,3:02:45,ちゃんと使えてる筋肉意識する事はいいですね,@スティービー,八雲べに,2026-01-06T18:22:53Z
【雑談】ただいま！！あけおめ！！！【ぶいすぽ/八雲べに】,https://www.youtube.com/watch?v=caev60c-r9g&t=10995s,3:03:15,次は腹筋？,@ぶどう10-p2b,八雲べに,2026-01-06T18:22:53Z
【雑談】ただいま！！あけおめ！！！【ぶいすぽ/八雲べに】,https://www.youtube.com/watch?v=caev60c-r9g&t=11041s,3:04:01,腹筋割りたいのでお願いします。,@goma2343,八雲べに,2026-01-06T18:22:53Z
【雑談】ただいま！！あけおめ！！！【ぶいすぽ/八雲べに】,https://www.youtube.com/watch?v=caev60c-r9g&t=11088s,3:04:48,腹筋6LDKかい♡,@いくみ-0524,八雲べに,2026-01-06T18:22:53Z
【雑談】ただいま！！あけおめ！！！【ぶいすぽ/八雲べに】,https://www.youtube.com/watch?v=caev60c-r9g&t=11879s,3:17:59,去年彼氏に誘われてジムに通い続けて体脂肪率が6%減り12%になり腹筋が縦と横に力入れなくても割れるようになりました。今年は腹筋の下腹部に血管が出るようにする事と桃尻になる事です。ぶいすぽのメンバーや周りの女性の方で腹筋割れてる方はいますか？,@yuna-99xyz,八雲べに,2026-01-06T18:22:53Z
【雑談】ただいま！！あけおめ！！！【ぶいすぽ/八雲べに】,https://www.youtube.com/watch?v=caev60c-r9g&t=12656s,3:30:56,私は去年は筋トレとダイエットを頑張ってウエストが53cmなり腹筋が6packになりました。握力も43kgになってました。彼氏にはやりすぎって言われましたがべにさんは女性で腹筋割れてるのは好きですか？,@りな0631,八雲べに,2026-01-06T18:22:53Z
【雑談】ただいま！！あけおめ！！！【ぶいすぽ/八雲べに】,https://www.youtube.com/watch?v=caev60c-r9g&t=14064s,3:54:24,腹筋に縦線概念,@ShimeSaba_1011,八雲べに,2026-01-06T18:22:53Z
【雑談】ただいま！！あけおめ！！！【ぶいすぽ/八雲べに】,https://www.youtube.com/watch?v=caev60c-r9g&t=14065s,3:54:25,筋トレしたら筋肉の妖精たちがあつまってきた,@0q0_ハルhal_896,八雲べに,2026-01-06T18:22:53Z
【雑談】ただいま！！あけおめ！！！【ぶいすぽ/八雲べに】,https://www.youtube.com/watch?v=caev60c-r9g&t=14194s,3:56:34,女性で腹筋割るのは相当努力した証よな,@スティービー,八雲べに,2026-01-06T18:22:53Z
【雑談】ただいま！！あけおめ！！！【ぶいすぽ/八雲べに】,https://www.youtube.com/watch?v=caev60c-r9g&t=14204s,3:56:44,べにさまはどこまで腹筋割れてる？,@覇王キチィのポップコーン,八雲べに,2026-01-06T18:22:53Z
【雑談】ただいま！！あけおめ！！！【ぶいすぽ/八雲べに】,https://www.youtube.com/watch?v=caev60c-r9g&t=14215s,3:56:55,やはり筋肉か・・・,@モノクロ-monokuro,八雲べに,2026-01-06T18:22:53Z
【雑談】ただいま！！あけおめ！！！【ぶいすぽ/八雲べに】,https://www.youtube.com/watch?v=caev60c-r9g&t=14227s,3:57:07,筋肉が一番のファッションかぁ,@0q0_ハルhal_896,八雲べに,2026-01-06T18:22:53Z
【雑談】ただいま！！あけおめ！！！【ぶいすぽ/八雲べに】,https://www.youtube.com/watch?v=caev60c-r9g&t=14288s,3:58:08,あの頃の細身のお兄ちゃんがあそこまで筋肉質にナイスガイになってるの時代って感じがするわ,@RR__________,八雲べに,2026-01-06T18:22:53Z
【 Escape from Tarkov 】2026タルコフ始め【ぶいすぽ/八雲べに】,https://www.youtube.com/watch?v=PBq1nyCOGL8&t=74s,1:14,イケボえっど,@ShimeSaba_1011,八雲べに,2026-01-08T09:52:10Z
【 Escape from Tarkov 】2026タルコフ始め【ぶいすぽ/八雲べに】,https://www.youtube.com/watch?v=PBq1nyCOGL8&t=9772s,2:42:52,首とか肩の筋肉使うから全部に響く,@woody42nd,八雲べに,2026-01-08T09:52:10Z
【 Escape from Tarkov 】2026タルコフ始め【ぶいすぽ/八雲べに】,https://www.youtube.com/watch?v=PBq1nyCOGL8&t=9963s,2:46:03,腹筋筋肉痛になるよね,@nari9482,八雲べに,2026-01-08T09:52:10Z
【 Escape from Tarkov 】2026タルコフ始め【ぶいすぽ/八雲べに】,https://www.youtube.com/watch?v=PBq1nyCOGL8&t=12960s,3:36:00,えっどｗ,@ubuge-rock,八雲べに,2026-01-08T09:52:10Z
【 Escape from Tarkov 】2026タルコフ始め【ぶいすぽ/八雲べに】,https://www.youtube.com/watch?v=PBq1nyCOGL8&t=12969s,3:36:09,えっど,@らっきょ1,八雲べに,2026-01-08T09:52:10Z
【 Escape from Tarkov 】昼コフ隊 w/rassya ツルギ【ぶいすぽ/八雲べに】,https://www.youtube.com/watch?v=IGpRdyjhAwY&t=9635s,2:40:35,えっど,@シーバスリーガル-y5l,八雲べに,2026-01-09T09:28:26Z
【 Escape from Tarkov 】昼コフ隊 w/rassya ツルギ【ぶいすぽ/八雲べに】,https://www.youtube.com/watch?v=IGpRdyjhAwY&t=20198s,5:36:38,とりあえずジェイソンステイサムの筋肉好き,@chill9634,八雲べに,2026-01-09T09:28:26Z
【 Escape from Tarkov 】もうすぐ30レべだと・・・？【ぶいすぽ/八雲べに】,https://www.youtube.com/watch?v=-rghcOLvdYA&t=3923s,1:05:23,合鍵えっど,@hane-chan0,八雲べに,2026-01-11T20:58:42Z
【 Escape from Tarkov 】もうすぐ30レべだと・・・？【ぶいすぽ/八雲べに】,https://www.youtube.com/watch?v=-rghcOLvdYA&t=8291s,2:18:11,えっどい衣装が多い,@Howl_Lee_ハウル,八雲べに,2026-01-11T20:58:42Z
【 Escape from Tarkov 】もうすぐ30レべだと・・・？【ぶいすぽ/八雲べに】,https://www.youtube.com/watch?v=-rghcOLvdYA&t=14635s,4:03:55,えっどいな,@owaさん,八雲べに,2026-01-11T20:58:42Z
【 Escape from Tarkov 】もうすぐ30レべだと・・・？【ぶいすぽ/八雲べに】,https://www.youtube.com/watch?v=-rghcOLvdYA&t=15897s,4:24:57,えっど,@こーんAB,八雲べに,2026-01-11T20:58:42Z
【 Escape from Tarkov 】もうすぐ30レべだと・・・？【ぶいすぽ/八雲べに】,https://www.youtube.com/watch?v=-rghcOLvdYA&t=16113s,4:28:33,えっど,@まだまだお-n3u,八雲べに,2026-01-11T20:58:42Z
【 Escape from Tarkov 】もうすぐ30レべだと・・・？【ぶいすぽ/八雲べに】,https://www.youtube.com/watch?v=-rghcOLvdYA&t=17440s,4:50:40,いい筋肉,@シャトーブリアン涼太,八雲べに,2026-01-11T20:58:42Z
【 Escape from Tarkov 】もうすぐ30レべだと・・・？【ぶいすぽ/八雲べに】,https://www.youtube.com/watch?v=-rghcOLvdYA&t=17450s,4:50:50,筋肉いいねぇって言われると嬉しい,@Kotatutako-HK9300,八雲べに,2026-01-11T20:58:42Z
【 Escape from Tarkov 】30歳、もうバブとは言えなくなってしまった。w/ レイード【ぶいすぽ/八雲べに】,https://www.youtube.com/watch?v=WU1L_kYcB_k&t=516s,8:36,筋肉痛でもいけなかったか,@オレンジ帽子-j2k,八雲べに,2026-01-12T19:12:14Z
【 Escape from Tarkov 】30歳、もうバブとは言えなくなってしまった。w/ レイード【ぶいすぽ/八雲べに】,https://www.youtube.com/watch?v=WU1L_kYcB_k&t=8204s,2:16:44,えっどい隙間から見てるな,@むすたふぁ-i7u,八雲べに,2026-01-12T19:12:14Z
【 Escape from Tarkov 】30歳、もうバブとは言えなくなってしまった。w/ レイード【ぶいすぽ/八雲べに】,https://www.youtube.com/watch?v=WU1L_kYcB_k&t=8216s,2:16:56,その隙間えっどいな,@あぷ-s6,八雲べに,2026-01-12T19:12:14Z
【 Escape from Tarkov 】30歳、もうバブとは言えなくなってしまった。w/ レイード【ぶいすぽ/八雲べに】,https://www.youtube.com/watch?v=WU1L_kYcB_k&t=19806s,5:30:06,えっど,@taishoo1,八雲べに,2026-01-12T19:12:14Z
【 Escape from Tarkov 】森に行きたくなった🌳【ぶいすぽ/八雲べに】,https://www.youtube.com/watch?v=Me015MTgIz4&t=2878s,47:58,えっど,@ぺぺぺぺったん,八雲べに,2026-01-14T17:48:43Z
【 Escape from Tarkov 】森に行きたくなった🌳【ぶいすぽ/八雲べに】,https://www.youtube.com/watch?v=Me015MTgIz4&t=2881s,48:01,えっど,@afl0,八雲べに,2026-01-14T17:48:43Z
【 Escape from Tarkov 】森に行きたくなった🌳【ぶいすぽ/八雲べに】,https://www.youtube.com/watch?v=Me015MTgIz4&t=2885s,48:05,えっど,@たうろんなん,八雲べに,2026-01-14T17:48:43Z
【 Escape from Tarkov 】森に行きたくなった🌳【ぶいすぽ/八雲べに】,https://www.youtube.com/watch?v=Me015MTgIz4&t=2896s,48:16,→えっど,@にーはち_kneehighp,八雲べに,2026-01-14T17:48:43Z
【 Escape from Tarkov 】森に行きたくなった🌳【ぶいすぽ/八雲べに】,https://www.youtube.com/watch?v=Me015MTgIz4&t=3152s,52:32,えっど,@sangbumkang9815,八雲べに,2026-01-14T17:48:43Z
【雑談】今週もよくがんばりました🌙【ぶいすぽ/八雲べに】,https://www.youtube.com/watch?v=Yv8y5oY7zu8&t=839s,13:59,えっど,@641-i1u,八雲べに,2026-01-16T16:30:15Z
【雑談】今週もよくがんばりました🌙【ぶいすぽ/八雲べに】,https://www.youtube.com/watch?v=Yv8y5oY7zu8&t=844s,14:04,えっど,@ぴょまえのジーニョ,八雲べに,2026-01-16T16:30:15Z
【雑談】今週もよくがんばりました🌙【ぶいすぽ/八雲べに】,https://www.youtube.com/watch?v=Yv8y5oY7zu8&t=1305s,21:45,えっど,@saki_13723,八雲べに,2026-01-16T16:30:15Z
【雑談】今週もよくがんばりました🌙【ぶいすぽ/八雲べに】,https://www.youtube.com/watch?v=Yv8y5oY7zu8&t=1315s,21:55,えっど,@benli1005,八雲べに,2026-01-16T16:30:15Z
【雑談】今週もよくがんばりました🌙【ぶいすぽ/八雲べに】,https://www.youtube.com/watch?v=Yv8y5oY7zu8&t=2654s,44:14,えっど,@YAMADA87451,八雲べに,2026-01-16T16:30:15Z
【雑談】今週もよくがんばりました🌙【ぶいすぽ/八雲べに】,https://www.youtube.com/watch?v=Yv8y5oY7zu8&t=3284s,54:44,えっど！,@神無月健二,八雲べに,2026-01-16T16:30:15Z
【雑談】今週もよくがんばりました🌙【ぶいすぽ/八雲べに】,https://www.youtube.com/watch?v=Yv8y5oY7zu8&t=3325s,55:25,えっど,@らっきょ1,八雲べに,2026-01-16T16:30:15Z
【雑談】今週もよくがんばりました🌙【ぶいすぽ/八雲べに】,https://www.youtube.com/watch?v=Yv8y5oY7zu8&t=3330s,55:30,えっど,@あぷ-s6,八雲べに,2026-01-16T16:30:15Z
【雑談】今週もよくがんばりました🌙【ぶいすぽ/八雲べに】,https://www.youtube.com/watch?v=Yv8y5oY7zu8&t=3330s,55:30,えっど,@Gooexe,八雲べに,2026-01-16T16:30:15Z
【雑談】今週もよくがんばりました🌙【ぶいすぽ/八雲べに】,https://www.youtube.com/watch?v=Yv8y5oY7zu8&t=3332s,55:32,えっど,@magoku661,八雲べに,2026-01-16T16:30:15Z
【雑談】今週もよくがんばりました🌙【ぶいすぽ/八雲べに】,https://www.youtube.com/watch?v=Yv8y5oY7zu8&t=3333s,55:33,えっど,@あお-i9n4s,八雲べに,2026-01-16T16:30:15Z
【雑談】今週もよくがんばりました🌙【ぶいすぽ/八雲べに】,https://www.youtube.com/watch?v=Yv8y5oY7zu8&t=3336s,55:36,えっど,@ハムたろすけ,八雲べに,2026-01-16T16:30:15Z
【雑談】今週もよくがんばりました🌙【ぶいすぽ/八雲べに】,https://www.youtube.com/watch?v=Yv8y5oY7zu8&t=3337s,55:37,ほくろえっど,@ここのん_0,八雲べに,2026-01-16T16:30:15Z
【雑談】今週もよくがんばりました🌙【ぶいすぽ/八雲べに】,https://www.youtube.com/watch?v=Yv8y5oY7zu8&t=3341s,55:41,えっど！,@みちゃん-t6c,八雲べに,2026-01-16T16:30:15Z
【雑談】今週もよくがんばりました🌙【ぶいすぽ/八雲べに】,https://www.youtube.com/watch?v=Yv8y5oY7zu8&t=3345s,55:45,ほくろえっど,@けい-896,八雲べに,2026-01-16T16:30:15Z
【雑談】今週もよくがんばりました🌙【ぶいすぽ/八雲べに】,https://www.youtube.com/watch?v=Yv8y5oY7zu8&t=3347s,55:47,えっど！,@伍坂GoSaka,八雲べに,2026-01-16T16:30:15Z
【雑談】今週もよくがんばりました🌙【ぶいすぽ/八雲べに】,https://www.youtube.com/watch?v=Yv8y5oY7zu8&t=3364s,56:04,えっど,@あいうえお-e7f4b,八雲べに,2026-01-16T16:30:15Z
【雑談】今週もよくがんばりました🌙【ぶいすぽ/八雲べに】,https://www.youtube.com/watch?v=Yv8y5oY7zu8&t=3368s,56:08,えっど,@らっきょ1,八雲べに,2026-01-16T16:30:15Z
【雑談】今週もよくがんばりました🌙【ぶいすぽ/八雲べに】,https://www.youtube.com/watch?v=Yv8y5oY7zu8&t=3368s,56:08,えっど,@hazukichannel01,八雲べに,2026-01-16T16:30:15Z
【雑談】今週もよくがんばりました🌙【ぶいすぽ/八雲べに】,https://www.youtube.com/watch?v=Yv8y5oY7zu8&t=3372s,56:12,えっど,@腐ったラムネ,八雲べに,2026-01-16T16:30:15Z
【雑談】今週もよくがんばりました🌙【ぶいすぽ/八雲べに】,https://www.youtube.com/watch?v=Yv8y5oY7zu8&t=3372s,56:12,くびれえっど,@けーた_0815,八雲べに,2026-01-16T16:30:15Z
【雑談】今週もよくがんばりました🌙【ぶいすぽ/八雲べに】,https://www.youtube.com/watch?v=Yv8y5oY7zu8&t=3378s,56:18,えっどぉぉぉぉぉぉぉ,@やまみっちぃ,八雲べに,2026-01-16T16:30:15Z
【雑談】今週もよくがんばりました🌙【ぶいすぽ/八雲べに】,https://www.youtube.com/watch?v=Yv8y5oY7zu8&t=3440s,57:20,えっど,@gjam147,八雲べに,2026-01-16T16:30:15Z
【雑談】今週もよくがんばりました🌙【ぶいすぽ/八雲べに】,https://www.youtube.com/watch?v=Yv8y5oY7zu8&t=3447s,57:27,えっど,@村人-o4r,八雲べに,2026-01-16T16:30:15Z
【雑談】今週もよくがんばりました🌙【ぶいすぽ/八雲べに】,https://www.youtube.com/watch?v=Yv8y5oY7zu8&t=3447s,57:27,えっどどどどどど,@ダンセル-m7f,八雲べに,2026-01-16T16:30:15Z
【雑談】今週もよくがんばりました🌙【ぶいすぽ/八雲べに】,https://www.youtube.com/watch?v=Yv8y5oY7zu8&t=3447s,57:27,えっど,@ソンナバナナオト,八雲べに,2026-01-16T16:30:15Z
【雑談】今週もよくがんばりました🌙【ぶいすぽ/八雲べに】,https://www.youtube.com/watch?v=Yv8y5oY7zu8&t=3470s,57:50,えっど,@角ケモ信者,八雲べに,2026-01-16T16:30:15Z
【雑談】今週もよくがんばりました🌙【ぶいすぽ/八雲べに】,https://www.youtube.com/watch?v=Yv8y5oY7zu8&t=3476s,57:56,えっど！,@kiraha963,八雲べに,2026-01-16T16:30:15Z
【雑談】今週もよくがんばりました🌙【ぶいすぽ/八雲べに】,https://www.youtube.com/watch?v=Yv8y5oY7zu8&t=3479s,57:59,えっど,@和みん-n4t,八雲べに,2026-01-16T16:30:15Z
【雑談】今週もよくがんばりました🌙【ぶいすぽ/八雲べに】,https://www.youtube.com/watch?v=Yv8y5oY7zu8&t=3515s,58:35,えっど,@やまみっちぃ,八雲べに,2026-01-16T16:30:15Z
【雑談】今週もよくがんばりました🌙【ぶいすぽ/八雲べに】,https://www.youtube.com/watch?v=Yv8y5oY7zu8&t=3516s,58:36,えっど,@lemonRAIM,八雲べに,2026-01-16T16:30:15Z
【雑談】今週もよくがんばりました🌙【ぶいすぽ/八雲べに】,https://www.youtube.com/watch?v=Yv8y5oY7zu8&t=3523s,58:43,えっど,@クリッカー-f4z,八雲べに,2026-01-16T16:30:15Z
【雑談】今週もよくがんばりました🌙【ぶいすぽ/八雲べに】,https://www.youtube.com/watch?v=Yv8y5oY7zu8&t=3600s,1:00:00,えっど,@あんころもち896,八雲べに,2026-01-16T16:30:15Z
【雑談】今週もよくがんばりました🌙【ぶいすぽ/八雲べに】,https://www.youtube.com/watch?v=Yv8y5oY7zu8&t=3620s,1:00:20,えっどかったな,@あいうえお-e7f4b,八雲べに,2026-01-16T16:30:15Z
【雑談】今週もよくがんばりました🌙【ぶいすぽ/八雲べに】,https://www.youtube.com/watch?v=Yv8y5oY7zu8&t=3711s,1:01:51,NIKKEはえっどい,@0q0_ハルhal_896,八雲べに,2026-01-16T16:30:15Z
【雑談】今週もよくがんばりました🌙【ぶいすぽ/八雲べに】,https://www.youtube.com/watch?v=Yv8y5oY7zu8&t=7924s,2:12:04,筋肉つきそう,@おに_oni9876,八雲べに,2026-01-16T16:30:15Z
【雑談】今週もよくがんばりました🌙【ぶいすぽ/八雲べに】,https://www.youtube.com/watch?v=Yv8y5oY7zu8&t=7940s,2:12:20,だからベニ様足の筋肉すごいんか,@gjam147,八雲べに,2026-01-16T16:30:15Z
【雑談】今週もよくがんばりました🌙【ぶいすぽ/八雲べに】,https://www.youtube.com/watch?v=Yv8y5oY7zu8&t=7981s,2:13:01,足筋肉さっき見れば良かった,@ふぇいりっく,八雲べに,2026-01-16T16:30:15Z
【 Escape from Tarkov 】Lv32~ そろそろ向き合うタルコフシューターYB【ぶいすぽ/八雲べに】,https://www.youtube.com/watch?v=OfkHfM6O96A&t=3791s,1:03:11,そのすきまえっどいな,@chill9634,八雲べに,2026-01-17T17:16:29Z
【 Escape from Tarkov 】スコッパーさんと駆け回る w/ レイード、エニちゃん【ぶいすぽ/八雲べに】,https://www.youtube.com/watch?v=uswzpGlbvvM&t=450s,7:30,えっど,@和みん-n4t,八雲べに,2026-01-18T20:05:28Z
【 Escape from Tarkov 】スコッパーさんと駆け回る w/ レイード、エニちゃん【ぶいすぽ/八雲べに】,https://www.youtube.com/watch?v=uswzpGlbvvM&t=6524s,1:48:44,えっどな店,@まるる-e8r,八雲べに,2026-01-18T20:05:28Z
【 Escape from Tarkov 】スコッパーさんと駆け回る w/ レイード、エニちゃん【ぶいすぽ/八雲べに】,https://www.youtube.com/watch?v=uswzpGlbvvM&t=6529s,1:48:49,えっど,@bleu-y6u,八雲べに,2026-01-18T20:05:28Z
【 Escape from Tarkov 】スコッパーさんと駆け回る w/ レイード、エニちゃん【ぶいすぽ/八雲べに】,https://www.youtube.com/watch?v=uswzpGlbvvM&t=6562s,1:49:22,これを映えと言うエニと、えっど連呼のぶいすぽw,@taishoo1,八雲べに,2026-01-18T20:05:28Z
【 Escape from Tarkov 】スコッパーさんと駆け回る w/ レイード、エニちゃん【ぶいすぽ/八雲べに】,https://www.youtube.com/watch?v=uswzpGlbvvM&t=11051s,3:04:11,えっど,@なおいnaoi_dona,八雲べに,2026-01-18T20:05:28Z
【 Escape from Tarkov 】スコッパーさんと駆け回る w/ レイード、エニちゃん【ぶいすぽ/八雲べに】,https://www.youtube.com/watch?v=uswzpGlbvvM&t=11053s,3:04:13,えっど,@ymat66,八雲べに,2026-01-18T20:05:28Z
【 Escape from Tarkov 】スコッパーさんと駆け回る w/ レイード、エニちゃん【ぶいすぽ/八雲べに】,https://www.youtube.com/watch?v=uswzpGlbvvM&t=11061s,3:04:21,えっど,@Radical-qv6ys,八雲べに,2026-01-18T20:05:28Z
【 Escape from Tarkov 】スコッパーさんと駆け回る w/ レイード、エニちゃん【ぶいすぽ/八雲べに】,https://www.youtube.com/watch?v=uswzpGlbvvM&t=11072s,3:04:32,マジえっどいな,@いくみ-0524,八雲べに,2026-01-18T20:05:28Z
【 Escape from Tarkov 】スコッパーさんと駆け回る w/ レイード、エニちゃん【ぶいすぽ/八雲べに】,https://www.youtube.com/watch?v=uswzpGlbvvM&t=12042s,3:20:42,えっど,@諏訪蔵人,八雲べに,2026-01-18T20:05:28Z
【 Escape from Tarkov 】スコッパーさんと駆け回る w/ レイード、エニちゃん【ぶいすぽ/八雲べに】,https://www.youtube.com/watch?v=uswzpGlbvvM&t=12044s,3:20:44,えっど,@i2ai344,八雲べに,2026-01-18T20:05:28Z
【 Escape from Tarkov 】スコッパーさんと駆け回る w/ レイード、エニちゃん【ぶいすぽ/八雲べに】,https://www.youtube.com/watch?v=uswzpGlbvvM&t=12044s,3:20:44,えっどいなぁ,@むすたふぁ-i7u,八雲べに,2026-01-18T20:05:28Z
【 Escape from Tarkov 】スコッパーさんと駆け回る w/ レイード、エニちゃん【ぶいすぽ/八雲べに】,https://www.youtube.com/watch?v=uswzpGlbvvM&t=12045s,3:20:45,えっど,@ふぇいりっく,八雲べに,2026-01-18T20:05:28Z
【 Escape from Tarkov 】スコッパーさんと駆け回る w/ レイード、エニちゃん【ぶいすぽ/八雲べに】,https://www.youtube.com/watch?v=uswzpGlbvvM&t=12047s,3:20:47,えっどｗ,@ざく-zaku,八雲べに,2026-01-18T20:05:28Z
【 Escape from Tarkov 】スコッパーさんと駆け回る w/ レイード、エニちゃん【ぶいすぽ/八雲べに】,https://www.youtube.com/watch?v=uswzpGlbvvM&t=12050s,3:20:50,えっど,@しゃる_家会議,八雲べに,2026-01-18T20:05:28Z
【 Escape from Tarkov 】スコッパーさんと駆け回る w/ レイード、エニちゃん【ぶいすぽ/八雲べに】,https://www.youtube.com/watch?v=uswzpGlbvvM&t=12055s,3:20:55,えっどｗ,@ymat66,八雲べに,2026-01-18T20:05:28Z
【 Escape from Tarkov 】スコッパーさんと駆け回る w/ レイード、エニちゃん【ぶいすぽ/八雲べに】,https://www.youtube.com/watch?v=uswzpGlbvvM&t=12055s,3:20:55,えっど,@愛試合亭黄身人,八雲べに,2026-01-18T20:05:28Z
【 Escape from Tarkov 】スコッパーさんと駆け回る w/ レイード、エニちゃん【ぶいすぽ/八雲べに】,https://www.youtube.com/watch?v=uswzpGlbvvM&t=12056s,3:20:56,えっど！！,@タチコマフチコマ,八雲べに,2026-01-18T20:05:28Z
【 Escape from Tarkov 】スコッパーさんと駆け回る w/ レイード、エニちゃん【ぶいすぽ/八雲べに】,https://www.youtube.com/watch?v=uswzpGlbvvM&t=12057s,3:20:57,えっどｗ,@afl0,八雲べに,2026-01-18T20:05:28Z
【 Escape from Tarkov 】スコッパーさんと駆け回る w/ レイード、エニちゃん【ぶいすぽ/八雲べに】,https://www.youtube.com/watch?v=uswzpGlbvvM&t=12059s,3:20:59,えっど,@Radical-qv6ys,八雲べに,2026-01-18T20:05:28Z
【 Escape from Tarkov 】スコッパーさんと駆け回る w/ レイード、エニちゃん【ぶいすぽ/八雲べに】,https://www.youtube.com/watch?v=uswzpGlbvvM&t=17317s,4:48:37,筋肉…は基礎代謝か,@Kogetu_v_lis,八雲べに,2026-01-18T20:05:28Z
【 Escape from Tarkov 】スコッパーさんと駆け回る w/ レイード、エニちゃん【ぶいすぽ/八雲べに】,https://www.youtube.com/watch?v=uswzpGlbvvM&t=17324s,4:48:44,筋肉量じゃない？,@らい-b1d4p,八雲べに,2026-01-18T20:05:28Z
【 Escape from Tarkov 】スコッパーさんと駆け回る w/ レイード、エニちゃん【ぶいすぽ/八雲べに】,https://www.youtube.com/watch?v=uswzpGlbvvM&t=17327s,4:48:47,筋肉つけましょう,@Ironheart-r8e,八雲べに,2026-01-18T20:05:28Z
【 Escape from Tarkov 】Lv34~ キルタスクやりますか・・・【ぶいすぽ/八雲べに】,https://www.youtube.com/watch?v=Zim1ieAeNzU&t=2315s,38:35,えっど,@hajime-61,八雲べに,2026-01-22T16:43:06Z
【 Escape from Tarkov 】Lv34~ キルタスクやりますか・・・【ぶいすぽ/八雲べに】,https://www.youtube.com/watch?v=Zim1ieAeNzU&t=7465s,2:04:25,筋肉バブ普通に強くて無理だよ,@あんでぃー_hogepoyo,八雲べに,2026-01-22T16:43:06Z
【 Escape from Tarkov 】Lv34~ キルタスクやりますか・・・【ぶいすぽ/八雲べに】,https://www.youtube.com/watch?v=Zim1ieAeNzU&t=12110s,3:21:50,えっど,@とべい3,八雲べに,2026-01-22T16:43:06Z
【 Escape from Tarkov 】Lv34~ キルタスクやりますか・・・【ぶいすぽ/八雲べに】,https://www.youtube.com/watch?v=Zim1ieAeNzU&t=12111s,3:21:51,うおえっど,@CIEN2960,八雲べに,2026-01-22T16:43:06Z
【 Escape from Tarkov 】Lv34~ キルタスクやりますか・・・【ぶいすぽ/八雲べに】,https://www.youtube.com/watch?v=Zim1ieAeNzU&t=12113s,3:21:53,えっど,@バーガハリ,八雲べに,2026-01-22T16:43:06Z
【 Escape from Tarkov 】Lv34~ キルタスクやりますか・・・【ぶいすぽ/八雲べに】,https://www.youtube.com/watch?v=Zim1ieAeNzU&t=12115s,3:21:55,えっどｗ,@JM-gd2qr,八雲べに,2026-01-22T16:43:06Z
【 Escape from Tarkov 】Lv34~ キルタスクやりますか・・・【ぶいすぽ/八雲べに】,https://www.youtube.com/watch?v=Zim1ieAeNzU&t=12119s,3:21:59,えっど,@刃夜神,八雲べに,2026-01-22T16:43:06Z
【 Escape from Tarkov 】Lv34~ キルタスクやりますか・・・【ぶいすぽ/八雲べに】,https://www.youtube.com/watch?v=Zim1ieAeNzU&t=14819s,4:06:59,えっど,@hajime-61,八雲べに,2026-01-22T16:43:06Z
【 Escape from Tarkov 】Lv34~ キルタスクやりますか・・・【ぶいすぽ/八雲べに】,https://www.youtube.com/watch?v=Zim1ieAeNzU&t=14822s,4:07:02,えっど,@らっきょ1,八雲べに,2026-01-22T16:43:06Z
【 Escape from Tarkov 】Lv34~ キルタスクやりますか・・・【ぶいすぽ/八雲べに】,https://www.youtube.com/watch?v=Zim1ieAeNzU&t=16615s,4:36:55,えっど,@らっきょ1,八雲べに,2026-01-22T16:43:06Z
【 Escape from Tarkov 】Lv34~ キルタスクやりますか・・・【ぶいすぽ/八雲べに】,https://www.youtube.com/watch?v=Zim1ieAeNzU&t=17228s,4:47:08,えっど,@オーガニックDG,八雲べに,2026-01-22T16:43:06Z
【 Escape from Tarkov 】Lv34~ キルタスクやりますか・・・【ぶいすぽ/八雲べに】,https://www.youtube.com/watch?v=Zim1ieAeNzU&t=17231s,4:47:11,えっど,@まだまだお-n3u,八雲べに,2026-01-22T16:43:06Z
【 Escape from Tarkov 】Lv34~ キルタスクやりますか・・・【ぶいすぽ/八雲べに】,https://www.youtube.com/watch?v=Zim1ieAeNzU&t=17232s,4:47:12,えっど,@Maro_Maro_416,八雲べに,2026-01-22T16:43:06Z
【 Escape from Tarkov 】Lv34~ キルタスクやりますか・・・【ぶいすぽ/八雲べに】,https://www.youtube.com/watch?v=Zim1ieAeNzU&t=17347s,4:49:07,えっど,@ShimeSaba_1011,八雲べに,2026-01-22T16:43:06Z
【 Escape from Tarkov 】Lv34~ キルタスクやりますか・・・【ぶいすぽ/八雲べに】,https://www.youtube.com/watch?v=Zim1ieAeNzU&t=17581s,4:53:01,えっどいスタンプ？,@ギアふっしー,八雲べに,2026-01-22T16:43:06Z
【 Escape from Tarkov 】Lv34~ キルタスクやりますか・・・【ぶいすぽ/八雲べに】,https://www.youtube.com/watch?v=Zim1ieAeNzU&t=17764s,4:56:04,えっど,@オーガニックDG,八雲べに,2026-01-22T16:43:06Z
【#クロスタTCG】れんくんとXross Starsブースターパック第2弾で開封対決するぞおお🔥【ぶいすぽ/八雲べに】,https://www.youtube.com/watch?v=EsP6qn8iW1A&t=1375s,22:55,腹筋やばすぎね,@新芽-sinme,八雲べに,2026-01-23T12:11:16Z
【 Escape from Tarkov 】ついにYB学園に入学希望者がきましたw/一ノ瀬うるは【ぶいすぽ/八雲べに】,https://www.youtube.com/watch?v=uU_ohkim2zI&t=2838s,47:18,筋肉が喜んでるよぉ～,@vita054,八雲べに,2026-01-25T17:15:42Z
【 Escape from Tarkov 】ついにYB学園に入学希望者がきましたw/一ノ瀬うるは【ぶいすぽ/八雲べに】,https://www.youtube.com/watch?v=uU_ohkim2zI&t=2840s,47:20,筋肉喜んでるよー,@CIEN2960,八雲べに,2026-01-25T17:15:42Z
【 Escape from Tarkov 】ついにYB学園に入学希望者がきましたw/一ノ瀬うるは【ぶいすぽ/八雲べに】,https://www.youtube.com/watch?v=uU_ohkim2zI&t=3020s,50:20,筋肉痛は筋トレしたから,@sion_0821,八雲べに,2026-01-25T17:15:42Z
【 Escape from Tarkov 】ついにYB学園に入学希望者がきましたw/一ノ瀬うるは【ぶいすぽ/八雲べに】,https://www.youtube.com/watch?v=uU_ohkim2zI&t=3527s,58:47,重量と筋肉で変わる慣性が入ってるからかなり難しいゲームです,@hzk-frznbrk,八雲べに,2026-01-25T17:15:42Z
【勝利の女神:NIKKE】💞NIKKEバレンタインきたあああああああ💞【ぶいすぽ/八雲べに】,https://www.youtube.com/watch?v=G4HMTYOwsZA&t=171s,2:51,えっどいぞぉ,@0q0_ハルhal_896,八雲べに,2026-01-29T12:45:29Z
【勝利の女神:NIKKE】💞NIKKEバレンタインきたあああああああ💞【ぶいすぽ/八雲べに】,https://www.youtube.com/watch?v=G4HMTYOwsZA&t=261s,4:21,えっど,@108_こし22,八雲べに,2026-01-29T12:45:29Z
【勝利の女神:NIKKE】💞NIKKEバレンタインきたあああああああ💞【ぶいすぽ/八雲べに】,https://www.youtube.com/watch?v=G4HMTYOwsZA&t=267s,4:27,えっど,@RAZ_noob,八雲べに,2026-01-29T12:45:29Z
【勝利の女神:NIKKE】💞NIKKEバレンタインきたあああああああ💞【ぶいすぽ/八雲べに】,https://www.youtube.com/watch?v=G4HMTYOwsZA&t=278s,4:38,えっど,@あぷ-s6,八雲べに,2026-01-29T12:45:29Z
【勝利の女神:NIKKE】💞NIKKEバレンタインきたあああああああ💞【ぶいすぽ/八雲べに】,https://www.youtube.com/watch?v=G4HMTYOwsZA&t=281s,4:41,えっど,@浪速のおにぎり,八雲べに,2026-01-29T12:45:29Z
【勝利の女神:NIKKE】💞NIKKEバレンタインきたあああああああ💞【ぶいすぽ/八雲べに】,https://www.youtube.com/watch?v=G4HMTYOwsZA&t=286s,4:46,えっど,@投資修行中,八雲べに,2026-01-29T12:45:29Z
【勝利の女神:NIKKE】💞NIKKEバレンタインきたあああああああ💞【ぶいすぽ/八雲べに】,https://www.youtube.com/watch?v=G4HMTYOwsZA&t=287s,4:47,えっど,@ふぁます-e3u,八雲べに,2026-01-29T12:45:29Z
【勝利の女神:NIKKE】💞NIKKEバレンタインきたあああああああ💞【ぶいすぽ/八雲べに】,https://www.youtube.com/watch?v=G4HMTYOwsZA&t=289s,4:49,えっど,@benli1005,八雲べに,2026-01-29T12:45:29Z
【勝利の女神:NIKKE】💞NIKKEバレンタインきたあああああああ💞【ぶいすぽ/八雲べに】,https://www.youtube.com/watch?v=G4HMTYOwsZA&t=309s,5:09,ホクロえっど,@niym_896,八雲べに,2026-01-29T12:45:29Z
【勝利の女神:NIKKE】💞NIKKEバレンタインきたあああああああ💞【ぶいすぽ/八雲べに】,https://www.youtube.com/watch?v=G4HMTYOwsZA&t=309s,5:09,えっど,@アーモ-q9o,八雲べに,2026-01-29T12:45:29Z
【勝利の女神:NIKKE】💞NIKKEバレンタインきたあああああああ💞【ぶいすぽ/八雲べに】,https://www.youtube.com/watch?v=G4HMTYOwsZA&t=573s,9:33,えっどｗ,@ざく-zaku,八雲べに,2026-01-29T12:45:29Z
【勝利の女神:NIKKE】💞NIKKEバレンタインきたあああああああ💞【ぶいすぽ/八雲べに】,https://www.youtube.com/watch?v=G4HMTYOwsZA&t=587s,9:47,えっど,@和みん-n4t,八雲べに,2026-01-29T12:45:29Z
【勝利の女神:NIKKE】💞NIKKEバレンタインきたあああああああ💞【ぶいすぽ/八雲べに】,https://www.youtube.com/watch?v=G4HMTYOwsZA&t=596s,9:56,えっど,@うぬ-uN,八雲べに,2026-01-29T12:45:29Z
【勝利の女神:NIKKE】💞NIKKEバレンタインきたあああああああ💞【ぶいすぽ/八雲べに】,https://www.youtube.com/watch?v=G4HMTYOwsZA&t=614s,10:14,えっどぉぉ,@散々亭ふびん-f1f,八雲べに,2026-01-29T12:45:29Z
【勝利の女神:NIKKE】💞NIKKEバレンタインきたあああああああ💞【ぶいすぽ/八雲べに】,https://www.youtube.com/watch?v=G4HMTYOwsZA&t=614s,10:14,えっど,@ゲサフェルスタイン,八雲べに,2026-01-29T12:45:29Z
【勝利の女神:NIKKE】💞NIKKEバレンタインきたあああああああ💞【ぶいすぽ/八雲べに】,https://www.youtube.com/watch?v=G4HMTYOwsZA&t=616s,10:16,えっど！！！！！,@黒ホッパー,八雲べに,2026-01-29T12:45:29Z
【勝利の女神:NIKKE】💞NIKKEバレンタインきたあああああああ💞【ぶいすぽ/八雲べに】,https://www.youtube.com/watch?v=G4HMTYOwsZA&t=617s,10:17,えっど,@ミナセユウヤ,八雲べに,2026-01-29T12:45:29Z
【勝利の女神:NIKKE】💞NIKKEバレンタインきたあああああああ💞【ぶいすぽ/八雲べに】,https://www.youtube.com/watch?v=G4HMTYOwsZA&t=621s,10:21,えっど,@ここのん_0,八雲べに,2026-01-29T12:45:29Z
【勝利の女神:NIKKE】💞NIKKEバレンタインきたあああああああ💞【ぶいすぽ/八雲べに】,https://www.youtube.com/watch?v=G4HMTYOwsZA&t=624s,10:24,えっど,@あるあ-x8p,八雲べに,2026-01-29T12:45:29Z
【勝利の女神:NIKKE】💞NIKKEバレンタインきたあああああああ💞【ぶいすぽ/八雲べに】,https://www.youtube.com/watch?v=G4HMTYOwsZA&t=624s,10:24,えっどお,@mario-yt9pi,八雲べに,2026-01-29T12:45:29Z
【勝利の女神:NIKKE】💞NIKKEバレンタインきたあああああああ💞【ぶいすぽ/八雲べに】,https://www.youtube.com/watch?v=G4HMTYOwsZA&t=639s,10:39,えっど,@andyj35,八雲べに,2026-01-29T12:45:29Z
【勝利の女神:NIKKE】💞NIKKEバレンタインきたあああああああ💞【ぶいすぽ/八雲べに】,https://www.youtube.com/watch?v=G4HMTYOwsZA&t=679s,11:19,左手えっど,@KaminagiNagi,八雲べに,2026-01-29T12:45:29Z
【勝利の女神:NIKKE】💞NIKKEバレンタインきたあああああああ💞【ぶいすぽ/八雲べに】,https://www.youtube.com/watch?v=G4HMTYOwsZA&t=904s,15:04,えっど,@kurapan779,八雲べに,2026-01-29T12:45:29Z
【勝利の女神:NIKKE】💞NIKKEバレンタインきたあああああああ💞【ぶいすぽ/八雲べに】,https://www.youtube.com/watch?v=G4HMTYOwsZA&t=960s,16:00,えっど,@しゅあsyua_ahaa,八雲べに,2026-01-29T12:45:29Z
【勝利の女神:NIKKE】💞NIKKEバレンタインきたあああああああ💞【ぶいすぽ/八雲べに】,https://www.youtube.com/watch?v=G4HMTYOwsZA&t=969s,16:09,えっど,@黒ホッパー,八雲べに,2026-01-29T12:45:29Z
【勝利の女神:NIKKE】💞NIKKEバレンタインきたあああああああ💞【ぶいすぽ/八雲べに】,https://www.youtube.com/watch?v=G4HMTYOwsZA&t=972s,16:12,えっど,@神楽-f8n,八雲べに,2026-01-29T12:45:29Z
【勝利の女神:NIKKE】💞NIKKEバレンタインきたあああああああ💞【ぶいすぽ/八雲べに】,https://www.youtube.com/watch?v=G4HMTYOwsZA&t=981s,16:21,えっど,@neoん,八雲べに,2026-01-29T12:45:29Z
【勝利の女神:NIKKE】💞NIKKEバレンタインきたあああああああ💞【ぶいすぽ/八雲べに】,https://www.youtube.com/watch?v=G4HMTYOwsZA&t=997s,16:37,えっど,@しゅあsyua_ahaa,八雲べに,2026-01-29T12:45:29Z
【勝利の女神:NIKKE】💞NIKKEバレンタインきたあああああああ💞【ぶいすぽ/八雲べに】,https://www.youtube.com/watch?v=G4HMTYOwsZA&t=1017s,16:57,えっど,@にゃおまさ,八雲べに,2026-01-29T12:45:29Z
【勝利の女神:NIKKE】💞NIKKEバレンタインきたあああああああ💞【ぶいすぽ/八雲べに】,https://www.youtube.com/watch?v=G4HMTYOwsZA&t=1028s,17:08,えっどすぎ…,@ayu_109,八雲べに,2026-01-29T12:45:29Z
【勝利の女神:NIKKE】💞NIKKEバレンタインきたあああああああ💞【ぶいすぽ/八雲べに】,https://www.youtube.com/watch?v=G4HMTYOwsZA&t=1171s,19:31,えっどｗ,@Alanアラン-13,八雲べに,2026-01-29T12:45:29Z
【勝利の女神:NIKKE】💞NIKKEバレンタインきたあああああああ💞【ぶいすぽ/八雲べに】,https://www.youtube.com/watch?v=G4HMTYOwsZA&t=1175s,19:35,エマえっど,@突破-toppa,八雲べに,2026-01-29T12:45:29Z
【勝利の女神:NIKKE】💞NIKKEバレンタインきたあああああああ💞【ぶいすぽ/八雲べに】,https://www.youtube.com/watch?v=G4HMTYOwsZA&t=1183s,19:43,えっど,@neoん,八雲べに,2026-01-29T12:45:29Z
【勝利の女神:NIKKE】💞NIKKEバレンタインきたあああああああ💞【ぶいすぽ/八雲べに】,https://www.youtube.com/watch?v=G4HMTYOwsZA&t=1232s,20:32,えっど,@しゅあsyua_ahaa,八雲べに,2026-01-29T12:45:29Z
【勝利の女神:NIKKE】💞NIKKEバレンタインきたあああああああ💞【ぶいすぽ/八雲べに】,https://www.youtube.com/watch?v=G4HMTYOwsZA&t=1466s,24:26,黒マスクえっど,@投資修行中,八雲べに,2026-01-29T12:45:29Z
【勝利の女神:NIKKE】💞NIKKEバレンタインきたあああああああ💞【ぶいすぽ/八雲べに】,https://www.youtube.com/watch?v=G4HMTYOwsZA&t=1957s,32:37,えっど！,@黒ホッパー,八雲べに,2026-01-29T12:45:29Z
【勝利の女神:NIKKE】💞NIKKEバレンタインきたあああああああ💞【ぶいすぽ/八雲べに】,https://www.youtube.com/watch?v=G4HMTYOwsZA&t=2287s,38:07,えっど,@しゅあsyua_ahaa,八雲べに,2026-01-29T12:45:29Z
【勝利の女神:NIKKE】💞NIKKEバレンタインきたあああああああ💞【ぶいすぽ/八雲べに】,https://www.youtube.com/watch?v=G4HMTYOwsZA&t=2450s,40:50,舌がえっどい,@アル先生,八雲べに,2026-01-29T12:45:29Z
【勝利の女神:NIKKE】💞NIKKEバレンタインきたあああああああ💞【ぶいすぽ/八雲べに】,https://www.youtube.com/watch?v=G4HMTYOwsZA&t=2492s,41:32,えっど...,@kiraha963,八雲べに,2026-01-29T12:45:29Z
【勝利の女神:NIKKE】💞NIKKEバレンタインきたあああああああ💞【ぶいすぽ/八雲べに】,https://www.youtube.com/watch?v=G4HMTYOwsZA&t=2733s,45:33,えっど,@kiraha963,八雲べに,2026-01-29T12:45:29Z
【勝利の女神:NIKKE】💞NIKKEバレンタインきたあああああああ💞【ぶいすぽ/八雲べに】,https://www.youtube.com/watch?v=G4HMTYOwsZA&t=2920s,48:40,えっど,@ぴょまえのジーニョ,八雲べに,2026-01-29T12:45:29Z
【勝利の女神:NIKKE】💞NIKKEバレンタインきたあああああああ💞【ぶいすぽ/八雲べに】,https://www.youtube.com/watch?v=G4HMTYOwsZA&t=2925s,48:45,えっど,@ar8135,八雲べに,2026-01-29T12:45:29Z
【勝利の女神:NIKKE】💞NIKKEバレンタインきたあああああああ💞【ぶいすぽ/八雲べに】,https://www.youtube.com/watch?v=G4HMTYOwsZA&t=2950s,49:10,バニーの時はフルボイスだったけど喋り方もえっどかった,@miyabi_neko,八雲べに,2026-01-29T12:45:29Z
【勝利の女神:NIKKE】💞NIKKEバレンタインきたあああああああ💞【ぶいすぽ/八雲べに】,https://www.youtube.com/watch?v=G4HMTYOwsZA&t=3713s,1:01:53,「ミッション」報酬にベルベットのえっどいロビー絵があります,@やすのしゅうじ2039,八雲べに,2026-01-29T12:45:29Z
【勝利の女神:NIKKE】💞NIKKEバレンタインきたあああああああ💞【ぶいすぽ/八雲べに】,https://www.youtube.com/watch?v=G4HMTYOwsZA&t=3829s,1:03:49,えっど,@にゃおまさ,八雲べに,2026-01-29T12:45:29Z
【勝利の女神:NIKKE】💞NIKKEバレンタインきたあああああああ💞【ぶいすぽ/八雲べに】,https://www.youtube.com/watch?v=G4HMTYOwsZA&t=3866s,1:04:26,えっど,@kiraha963,八雲べに,2026-01-29T12:45:29Z
【勝利の女神:NIKKE】💞NIKKEバレンタインきたあああああああ💞【ぶいすぽ/八雲べに】,https://www.youtube.com/watch?v=G4HMTYOwsZA&t=3932s,1:05:32,えっど！,@YFalcon0106,八雲べに,2026-01-29T12:45:29Z
【勝利の女神:NIKKE】💞NIKKEバレンタインきたあああああああ💞【ぶいすぽ/八雲べに】,https://www.youtube.com/watch?v=G4HMTYOwsZA&t=4348s,1:12:28,えっど,@とく-q6m,八雲べに,2026-01-29T12:45:29Z
【勝利の女神:NIKKE】💞NIKKEバレンタインきたあああああああ💞【ぶいすぽ/八雲べに】,https://www.youtube.com/watch?v=G4HMTYOwsZA&t=4349s,1:12:29,えっど,@YFalcon0106,八雲べに,2026-01-29T12:45:29Z
【勝利の女神:NIKKE】💞NIKKEバレンタインきたあああああああ💞【ぶいすぽ/八雲べに】,https://www.youtube.com/watch?v=G4HMTYOwsZA&t=4602s,1:16:42,えっど,@uzii_.0-fa,八雲べに,2026-01-29T12:45:29Z
【第4回】🎍一致するまで終われまテン！2026🐎【#ぶいすぽ終われまテン2026】,https://www.youtube.com/watch?v=_nWJIjKLqUU&t=422s,7:02,えっど,@bleu-y6u,八雲べに,2026-01-29T15:16:57Z
【第4回】🎍一致するまで終われまテン！2026🐎【#ぶいすぽ終われまテン2026】,https://www.youtube.com/watch?v=_nWJIjKLqUU&t=432s,7:12,えっど,@HArF-はーふ,八雲べに,2026-01-29T15:16:57Z
【第4回】🎍一致するまで終われまテン！2026🐎【#ぶいすぽ終われまテン2026】,https://www.youtube.com/watch?v=_nWJIjKLqUU&t=433s,7:13,えっど,@しにだ_あすお,八雲べに,2026-01-29T15:16:57Z
【第4回】🎍一致するまで終われまテン！2026🐎【#ぶいすぽ終われまテン2026】,https://www.youtube.com/watch?v=_nWJIjKLqUU&t=438s,7:18,えっど,@おすず_osuzu,八雲べに,2026-01-29T15:16:57Z
【第4回】🎍一致するまで終われまテン！2026🐎【#ぶいすぽ終われまテン2026】,https://www.youtube.com/watch?v=_nWJIjKLqUU&t=442s,7:22,えっど,@からん-いろは,八雲べに,2026-01-29T15:16:57Z
【第4回】🎍一致するまで終われまテン！2026🐎【#ぶいすぽ終われまテン2026】,https://www.youtube.com/watch?v=_nWJIjKLqUU&t=447s,7:27,えっど,@YFalcon0106,八雲べに,2026-01-29T15:16:57Z
【第4回】🎍一致するまで終われまテン！2026🐎【#ぶいすぽ終われまテン2026】,https://www.youtube.com/watch?v=_nWJIjKLqUU&t=449s,7:29,えっど,@jAckLio1025,八雲べに,2026-01-29T15:16:57Z
【第4回】🎍一致するまで終われまテン！2026🐎【#ぶいすぽ終われまテン2026】,https://www.youtube.com/watch?v=_nWJIjKLqUU&t=453s,7:33,えっど,@matsu8895,八雲べに,2026-01-29T15:16:57Z
【第4回】🎍一致するまで終われまテン！2026🐎【#ぶいすぽ終われまテン2026】,https://www.youtube.com/watch?v=_nWJIjKLqUU&t=459s,7:39,めっさんえっど,@ShimeSaba_1011,八雲べに,2026-01-29T15:16:57Z
【第4回】🎍一致するまで終われまテン！2026🐎【#ぶいすぽ終われまテン2026】,https://www.youtube.com/watch?v=_nWJIjKLqUU&t=469s,7:49,えっど,@なお1223,八雲べに,2026-01-29T15:16:57Z
【第4回】🎍一致するまで終われまテン！2026🐎【#ぶいすぽ終われまテン2026】,https://www.youtube.com/watch?v=_nWJIjKLqUU&t=471s,7:51,えっど,@zzzzzz-129,八雲べに,2026-01-29T15:16:57Z
【第4回】🎍一致するまで終われまテン！2026🐎【#ぶいすぽ終われまテン2026】,https://www.youtube.com/watch?v=_nWJIjKLqUU&t=1488s,24:48,あきれすけんきるなｗ筋肉を信じろ,@yuugarii,八雲べに,2026-01-29T15:16:57Z
【第4回】🎍一致するまで終われまテン！2026🐎【#ぶいすぽ終われまテン2026】,https://www.youtube.com/watch?v=_nWJIjKLqUU&t=3775s,1:02:55,えっど幕府,@ごくおじ,八雲べに,2026-01-29T15:16:57Z
【第4回】🎍一致するまで終われまテン！2026🐎【#ぶいすぽ終われまテン2026】,https://www.youtube.com/watch?v=_nWJIjKLqUU&t=4896s,1:21:36,えっど,@あるる-nv,八雲べに,2026-01-29T15:16:57Z
【第4回】🎍一致するまで終われまテン！2026🐎【#ぶいすぽ終われまテン2026】,https://www.youtube.com/watch?v=_nWJIjKLqUU&t=4896s,1:21:36,えっど,@たっきー_tacky3,八雲べに,2026-01-29T15:16:57Z
【第4回】🎍一致するまで終われまテン！2026🐎【#ぶいすぽ終われまテン2026】,https://www.youtube.com/watch?v=_nWJIjKLqUU&t=4902s,1:21:42,えっど,@murqb1t0_b20,八雲べに,2026-01-29T15:16:57Z
【第4回】🎍一致するまで終われまテン！2026🐎【#ぶいすぽ終われまテン2026】,https://www.youtube.com/watch?v=_nWJIjKLqUU&t=4902s,1:21:42,えっど,@msod9432,八雲べに,2026-01-29T15:16:57Z
【第4回】🎍一致するまで終われまテン！2026🐎【#ぶいすぽ終われまテン2026】,https://www.youtube.com/watch?v=_nWJIjKLqUU&t=4905s,1:21:45,えっど,@spertan2965,八雲べに,2026-01-29T15:16:57Z
【第4回】🎍一致するまで終われまテン！2026🐎【#ぶいすぽ終われまテン2026】,https://www.youtube.com/watch?v=_nWJIjKLqUU&t=4906s,1:21:46,えっど,@さらださん-b7o,八雲べに,2026-01-29T15:16:57Z
【第4回】🎍一致するまで終われまテン！2026🐎【#ぶいすぽ終われまテン2026】,https://www.youtube.com/watch?v=_nWJIjKLqUU&t=4908s,1:21:48,えっど,@村人A-i6d,八雲べに,2026-01-29T15:16:57Z
【第4回】🎍一致するまで終われまテン！2026🐎【#ぶいすぽ終われまテン2026】,https://www.youtube.com/watch?v=_nWJIjKLqUU&t=4912s,1:21:52,えっど！,@ムーンストーン-MS,八雲べに,2026-01-29T15:16:57Z
【第4回】🎍一致するまで終われまテン！2026🐎【#ぶいすぽ終われまテン2026】,https://www.youtube.com/watch?v=_nWJIjKLqUU&t=4912s,1:21:52,えっど,@あかさ田中ak,八雲べに,2026-01-29T15:16:57Z
【第4回】🎍一致するまで終われまテン！2026🐎【#ぶいすぽ終われまテン2026】,https://www.youtube.com/watch?v=_nWJIjKLqUU&t=4914s,1:21:54,たやえっど,@さなきち_sa,八雲べに,2026-01-29T15:16:57Z
【第4回】🎍一致するまで終われまテン！2026🐎【#ぶいすぽ終われまテン2026】,https://www.youtube.com/watch?v=_nWJIjKLqUU&t=4915s,1:21:55,えっど,@dc1957_APXgp,八雲べに,2026-01-29T15:16:57Z
【第4回】🎍一致するまで終われまテン！2026🐎【#ぶいすぽ終われまテン2026】,https://www.youtube.com/watch?v=_nWJIjKLqUU&t=4915s,1:21:55,えっど,@黒猫-cat,八雲べに,2026-01-29T15:16:57Z
【第4回】🎍一致するまで終われまテン！2026🐎【#ぶいすぽ終われまテン2026】,https://www.youtube.com/watch?v=_nWJIjKLqUU&t=8682s,2:24:42,えっど,@ナント-b5c,八雲べに,2026-01-29T15:16:57Z
【第4回】🎍一致するまで終われまテン！2026🐎【#ぶいすぽ終われまテン2026】,https://www.youtube.com/watch?v=_nWJIjKLqUU&t=8699s,2:24:59,えっどｗｗｗ,@りょーた-5195E1,八雲べに,2026-01-29T15:16:57Z
【第4回】🎍一致するまで終われまテン！2026🐎【#ぶいすぽ終われまテン2026】,https://www.youtube.com/watch?v=_nWJIjKLqUU&t=8700s,2:25:00,えっど,@なお1223,八雲べに,2026-01-29T15:16:57Z
【第4回】🎍一致するまで終われまテン！2026🐎【#ぶいすぽ終われまテン2026】,https://www.youtube.com/watch?v=_nWJIjKLqUU&t=8700s,2:25:00,えっど,@kaedeeeeeee,八雲べに,2026-01-29T15:16:57Z
【第4回】🎍一致するまで終われまテン！2026🐎【#ぶいすぽ終われまテン2026】,https://www.youtube.com/watch?v=_nWJIjKLqUU&t=8704s,2:25:04,えっど,@ハ卜-orz,八雲べに,2026-01-29T15:16:57Z
【第4回】🎍一致するまで終われまテン！2026🐎【#ぶいすぽ終われまテン2026】,https://www.youtube.com/watch?v=_nWJIjKLqUU&t=8707s,2:25:07,えっど,@どばー-w8p,八雲べに,2026-01-29T15:16:57Z
【第4回】🎍一致するまで終われまテン！2026🐎【#ぶいすぽ終われまテン2026】,https://www.youtube.com/watch?v=_nWJIjKLqUU&t=8708s,2:25:08,えっど,@スタミナ-sta,八雲べに,2026-01-29T15:16:57Z
【第4回】🎍一致するまで終われまテン！2026🐎【#ぶいすぽ終われまテン2026】,https://www.youtube.com/watch?v=_nWJIjKLqUU&t=8709s,2:25:09,えっど,@yamitukiii,八雲べに,2026-01-29T15:16:57Z
【第4回】🎍一致するまで終われまテン！2026🐎【#ぶいすぽ終われまテン2026】,https://www.youtube.com/watch?v=_nWJIjKLqUU&t=8709s,2:25:09,えっど,@ごくおじ,八雲べに,2026-01-29T15:16:57Z
【第4回】🎍一致するまで終われまテン！2026🐎【#ぶいすぽ終われまテン2026】,https://www.youtube.com/watch?v=_nWJIjKLqUU&t=8709s,2:25:09,えっどw,@Kiriさん,八雲べに,2026-01-29T15:16:57Z
【第4回】🎍一致するまで終われまテン！2026🐎【#ぶいすぽ終われまテン2026】,https://www.youtube.com/watch?v=_nWJIjKLqUU&t=8711s,2:25:11,えっど,@シャトー_ch,八雲べに,2026-01-29T15:16:57Z
【第4回】🎍一致するまで終われまテン！2026🐎【#ぶいすぽ終われまテン2026】,https://www.youtube.com/watch?v=_nWJIjKLqUU&t=8711s,2:25:11,えっど,@こしあん-p3m,八雲べに,2026-01-29T15:16:57Z
【第4回】🎍一致するまで終われまテン！2026🐎【#ぶいすぽ終われまテン2026】,https://www.youtube.com/watch?v=_nWJIjKLqUU&t=8712s,2:25:12,えっど,@Ayase1028,八雲べに,2026-01-29T15:16:57Z
【第4回】🎍一致するまで終われまテン！2026🐎【#ぶいすぽ終われまテン2026】,https://www.youtube.com/watch?v=_nWJIjKLqUU&t=8712s,2:25:12,えっど,@matsu8895,八雲べに,2026-01-29T15:16:57Z
【第4回】🎍一致するまで終われまテン！2026🐎【#ぶいすぽ終われまテン2026】,https://www.youtube.com/watch?v=_nWJIjKLqUU&t=8713s,2:25:13,えっどいな,@0_takun,八雲べに,2026-01-29T15:16:57Z
【第4回】🎍一致するまで終われまテン！2026🐎【#ぶいすぽ終われまテン2026】,https://www.youtube.com/watch?v=_nWJIjKLqUU&t=8714s,2:25:14,えっどw,@かくちゃん-l5r,八雲べに,2026-01-29T15:16:57Z
【第4回】🎍一致するまで終われまテン！2026🐎【#ぶいすぽ終われまテン2026】,https://www.youtube.com/watch?v=_nWJIjKLqUU&t=8714s,2:25:14,えっどw,@けい-896,八雲べに,2026-01-29T15:16:57Z
【第4回】🎍一致するまで終われまテン！2026🐎【#ぶいすぽ終われまテン2026】,https://www.youtube.com/watch?v=_nWJIjKLqUU&t=8715s,2:25:15,えっど,@kinakoagepan,八雲べに,2026-01-29T15:16:57Z
【第4回】🎍一致するまで終われまテン！2026🐎【#ぶいすぽ終われまテン2026】,https://www.youtube.com/watch?v=_nWJIjKLqUU&t=8716s,2:25:16,えっどww,@haru-tz6hi,八雲べに,2026-01-29T15:16:57Z
【第4回】🎍一致するまで終われまテン！2026🐎【#ぶいすぽ終われまテン2026】,https://www.youtube.com/watch?v=_nWJIjKLqUU&t=8717s,2:25:17,えっど,@Maro_Maro_416,八雲べに,2026-01-29T15:16:57Z
【第4回】🎍一致するまで終われまテン！2026🐎【#ぶいすぽ終われまテン2026】,https://www.youtube.com/watch?v=_nWJIjKLqUU&t=8717s,2:25:17,えっど,@メガンテ-l8b,八雲べに,2026-01-29T15:16:57Z
【第4回】🎍一致するまで終われまテン！2026🐎【#ぶいすぽ終われまテン2026】,https://www.youtube.com/watch?v=_nWJIjKLqUU&t=8717s,2:25:17,えっど,@オムライス-g6i,八雲べに,2026-01-29T15:16:57Z
【第4回】🎍一致するまで終われまテン！2026🐎【#ぶいすぽ終われまテン2026】,https://www.youtube.com/watch?v=_nWJIjKLqUU&t=8718s,2:25:18,えっど…,@YFalcon0106,八雲べに,2026-01-29T15:16:57Z
【第4回】🎍一致するまで終われまテン！2026🐎【#ぶいすぽ終われまテン2026】,https://www.youtube.com/watch?v=_nWJIjKLqUU&t=8720s,2:25:20,えっどw,@まどりーぬ-u5y,八雲べに,2026-01-29T15:16:57Z
【第4回】🎍一致するまで終われまテン！2026🐎【#ぶいすぽ終われまテン2026】,https://www.youtube.com/watch?v=_nWJIjKLqUU&t=8721s,2:25:21,えっど,@きくちゃん_99,八雲べに,2026-01-29T15:16:57Z
【第4回】🎍一致するまで終われまテン！2026🐎【#ぶいすぽ終われまテン2026】,https://www.youtube.com/watch?v=_nWJIjKLqUU&t=8722s,2:25:22,えっど,@hanatsukimi4026,八雲べに,2026-01-29T15:16:57Z
【第4回】🎍一致するまで終われまテン！2026🐎【#ぶいすぽ終われまテン2026】,https://www.youtube.com/watch?v=_nWJIjKLqUU&t=8722s,2:25:22,えっどｗ,@てかちゅ,八雲べに,2026-01-29T15:16:57Z
【第4回】🎍一致するまで終われまテン！2026🐎【#ぶいすぽ終われまテン2026】,https://www.youtube.com/watch?v=_nWJIjKLqUU&t=8723s,2:25:23,えっど,@Blue-dayo,八雲べに,2026-01-29T15:16:57Z
【第4回】🎍一致するまで終われまテン！2026🐎【#ぶいすぽ終われまテン2026】,https://www.youtube.com/watch?v=_nWJIjKLqUU&t=8724s,2:25:24,えっど,@ウェザリア,八雲べに,2026-01-29T15:16:57Z
【第4回】🎍一致するまで終われまテン！2026🐎【#ぶいすぽ終われまテン2026】,https://www.youtube.com/watch?v=_nWJIjKLqUU&t=8725s,2:25:25,えっど,@黄昏土竜,八雲べに,2026-01-29T15:16:57Z
【第4回】🎍一致するまで終われまテン！2026🐎【#ぶいすぽ終われまテン2026】,https://www.youtube.com/watch?v=_nWJIjKLqUU&t=8729s,2:25:29,えっど,@panko5368,八雲べに,2026-01-29T15:16:57Z
【第4回】🎍一致するまで終われまテン！2026🐎【#ぶいすぽ終われまテン2026】,https://www.youtube.com/watch?v=_nWJIjKLqUU&t=8732s,2:25:32,えっど,@poi2880,八雲べに,2026-01-29T15:16:57Z
【第4回】🎍一致するまで終われまテン！2026🐎【#ぶいすぽ終われまテン2026】,https://www.youtube.com/watch?v=_nWJIjKLqUU&t=8732s,2:25:32,えっど,@ノルネ_拡張,八雲べに,2026-01-29T15:16:57Z
【 Escape from Tarkov 】タスク...しなきゃ...うっ...【ぶいすぽ/八雲べに】,https://www.youtube.com/watch?v=FbzOeRCpOCo&t=3144s,52:24,えっど,@yeisgod022,八雲べに,2026-01-31T11:11:45Z
【 Escape from Tarkov 】タスク...しなきゃ...うっ...【ぶいすぽ/八雲べに】,https://www.youtube.com/watch?v=FbzOeRCpOCo&t=8505s,2:21:45,えっど,@ムーンストーン-MS,八雲べに,2026-01-31T11:11:45Z
【ALTERNIGHT ZONE】眠らない街とやらをらむちと調査します🌙【ぶいすぽ/八雲べに】,https://www.youtube.com/watch?v=mBV0EIzW6Ok&t=593s,9:53,えっど,@YFalcon0106,八雲べに,2026-01-31T16:05:12Z
【ALTERNIGHT ZONE】眠らない街とやらをらむちと調査します🌙【ぶいすぽ/八雲べに】,https://www.youtube.com/watch?v=mBV0EIzW6Ok&t=662s,11:02,えっどい,@YFalcon0106,八雲べに,2026-01-31T16:05:12Z
【ALTERNIGHT ZONE】眠らない街とやらをらむちと調査します🌙【ぶいすぽ/八雲べに】,https://www.youtube.com/watch?v=mBV0EIzW6Ok&t=1117s,18:37,えっど,@YFalcon0106,八雲べに,2026-01-31T16:05:12Z
【 Escape from Tarkov 】37歳を迎えたい【ぶいすぽ/八雲べに】,https://www.youtube.com/watch?v=9nlkeKvxXWs&t=1264s,21:04,えっど,@nununu2790,八雲べに,2026-02-04T16:04:44Z
【 Escape from Tarkov 】37歳を迎えたい【ぶいすぽ/八雲べに】,https://www.youtube.com/watch?v=9nlkeKvxXWs&t=1889s,31:29,えっど,@ゴアメタル,八雲べに,2026-02-04T16:04:44Z
【 Escape from Tarkov 】37歳を迎えたい【ぶいすぽ/八雲べに】,https://www.youtube.com/watch?v=9nlkeKvxXWs&t=1893s,31:33,えっど,@jollybass2701,八雲べに,2026-02-04T16:04:44Z
【 Escape from Tarkov 】37歳を迎えたい【ぶいすぽ/八雲べに】,https://www.youtube.com/watch?v=9nlkeKvxXWs&t=3605s,1:00:05,えっど,@massshin3751,八雲べに,2026-02-04T16:04:44Z
【 Escape from Tarkov 】37歳を迎えたい【ぶいすぽ/八雲べに】,https://www.youtube.com/watch?v=9nlkeKvxXWs&t=3612s,1:00:12,えっど,@きくちゃん_99,八雲べに,2026-02-04T16:04:44Z
【 Escape from Tarkov 】37歳を迎えたい【ぶいすぽ/八雲べに】,https://www.youtube.com/watch?v=9nlkeKvxXWs&t=3617s,1:00:17,えっど,@YFalcon0106,八雲べに,2026-02-04T16:04:44Z
【 Escape from Tarkov 】37歳を迎えたい【ぶいすぽ/八雲べに】,https://www.youtube.com/watch?v=9nlkeKvxXWs&t=3625s,1:00:25,えっどい宇宙服の可能性！？ｗ,@JM-gd2qr,八雲べに,2026-02-04T16:04:44Z
【 Escape from Tarkov 】37歳を迎えたい【ぶいすぽ/八雲べに】,https://www.youtube.com/watch?v=9nlkeKvxXWs&t=4037s,1:07:17,えっど,@てへぽろり,八雲べに,2026-02-04T16:04:44Z
【 Escape from Tarkov 】37歳を迎えたい【ぶいすぽ/八雲べに】,https://www.youtube.com/watch?v=9nlkeKvxXWs&t=7005s,1:56:45,お散歩‥腹筋鍛えられるw,@冬馬俊,八雲べに,2026-02-04T16:04:44Z
【 Escape from Tarkov 】37歳を迎えたい【ぶいすぽ/八雲べに】,https://www.youtube.com/watch?v=9nlkeKvxXWs&t=9110s,2:31:50,えっど,@props3129,八雲べに,2026-02-04T16:04:44Z
【 Escape from Tarkov 】37歳を迎えたい【ぶいすぽ/八雲べに】,https://www.youtube.com/watch?v=9nlkeKvxXWs&t=10772s,2:59:32,えっどいね,@らっきょ1,八雲べに,2026-02-04T16:04:44Z
【 Escape from Tarkov 】37歳を迎えたい【ぶいすぽ/八雲べに】,https://www.youtube.com/watch?v=9nlkeKvxXWs&t=10780s,2:59:40,えっど,@YFalcon0106,八雲べに,2026-02-04T16:04:44Z
【 Escape from Tarkov 】37歳を迎えたい【ぶいすぽ/八雲べに】,https://www.youtube.com/watch?v=9nlkeKvxXWs&t=10803s,3:00:03,えっど,@saki_13723,八雲べに,2026-02-04T16:04:44Z
【 Escape from Tarkov 】37歳を迎えたい【ぶいすぽ/八雲べに】,https://www.youtube.com/watch?v=9nlkeKvxXWs&t=13134s,3:38:54,筋肉少女帯だったかも,@くまゆー-b3g,八雲べに,2026-02-04T16:04:44Z
【UMIGARI | ウミガリ】海と漁なら任せてください【ぶいすぽ/八雲べに】,https://www.youtube.com/watch?v=63mi3xNu_W0&t=385s,6:25,えっど,@hajime-61,八雲べに,2026-02-05T15:36:19Z
【UMIGARI | ウミガリ】海と漁なら任せてください【ぶいすぽ/八雲べに】,https://www.youtube.com/watch?v=63mi3xNu_W0&t=1724s,28:44,いやんえっど,@YFalcon0106,八雲べに,2026-02-05T15:36:19Z
【UMIGARI | ウミガリ】海と漁なら任せてください【ぶいすぽ/八雲べに】,https://www.youtube.com/watch?v=63mi3xNu_W0&t=2169s,36:09,えっど,@kntalex2626,八雲べに,2026-02-05T15:36:19Z
【UMIGARI | ウミガリ】海と漁なら任せてください【ぶいすぽ/八雲べに】,https://www.youtube.com/watch?v=63mi3xNu_W0&t=2172s,36:12,えっど！,@神無月健二,八雲べに,2026-02-05T15:36:19Z
【UMIGARI | ウミガリ】海と漁なら任せてください【ぶいすぽ/八雲べに】,https://www.youtube.com/watch?v=63mi3xNu_W0&t=2178s,36:18,べに様えっど,@YFalcon0106,八雲べに,2026-02-05T15:36:19Z
【UMIGARI | ウミガリ】海と漁なら任せてください【ぶいすぽ/八雲べに】,https://www.youtube.com/watch?v=63mi3xNu_W0&t=2190s,36:30,えっど,@Genius_JP,八雲べに,2026-02-05T15:36:19Z
【UMIGARI | ウミガリ】海と漁なら任せてください【ぶいすぽ/八雲べに】,https://www.youtube.com/watch?v=63mi3xNu_W0&t=2648s,44:08,えっど,@Genius_JP,八雲べに,2026-02-05T15:36:19Z
【UMIGARI | ウミガリ】海と漁なら任せてください【ぶいすぽ/八雲べに】,https://www.youtube.com/watch?v=63mi3xNu_W0&t=3393s,56:33,えっど,@Maro_Maro_416,八雲べに,2026-02-05T15:36:19Z
【UMIGARI | ウミガリ】海と漁なら任せてください【ぶいすぽ/八雲べに】,https://www.youtube.com/watch?v=63mi3xNu_W0&t=3398s,56:38,えっど,@ねこじろう.222,八雲べに,2026-02-05T15:36:19Z
【UMIGARI | ウミガリ】海と漁なら任せてください【ぶいすぽ/八雲べに】,https://www.youtube.com/watch?v=63mi3xNu_W0&t=3399s,56:39,えっど,@shmalusmalus2525,八雲べに,2026-02-05T15:36:19Z
【UMIGARI | ウミガリ】海と漁なら任せてください【ぶいすぽ/八雲べに】,https://www.youtube.com/watch?v=63mi3xNu_W0&t=3404s,56:44,えっど,@さんごしょう-u2b,八雲べに,2026-02-05T15:36:19Z
【UMIGARI | ウミガリ】海と漁なら任せてください【ぶいすぽ/八雲べに】,https://www.youtube.com/watch?v=63mi3xNu_W0&t=3406s,56:46,えっど,@ればんで,八雲べに,2026-02-05T15:36:19Z
【UMIGARI | ウミガリ】海と漁なら任せてください【ぶいすぽ/八雲べに】,https://www.youtube.com/watch?v=63mi3xNu_W0&t=3698s,1:01:38,えっどw,@ざく-zaku,八雲べに,2026-02-05T15:36:19Z
【UMIGARI | ウミガリ】海と漁なら任せてください【ぶいすぽ/八雲べに】,https://www.youtube.com/watch?v=63mi3xNu_W0&t=3700s,1:01:40,なんでそんなえっどい読み方すんだよw,@YFalcon0106,八雲べに,2026-02-05T15:36:19Z
【UMIGARI | ウミガリ】海と漁なら任せてください【ぶいすぽ/八雲べに】,https://www.youtube.com/watch?v=63mi3xNu_W0&t=3707s,1:01:47,えっど,@オーガニックDG,八雲べに,2026-02-05T15:36:19Z
【UMIGARI | ウミガリ】海と漁なら任せてください【ぶいすぽ/八雲べに】,https://www.youtube.com/watch?v=63mi3xNu_W0&t=6778s,1:52:58,えっど,@himegamikuon,八雲べに,2026-02-05T15:36:19Z
【UMIGARI | ウミガリ】海と漁なら任せてください【ぶいすぽ/八雲べに】,https://www.youtube.com/watch?v=63mi3xNu_W0&t=7131s,1:58:51,えっど,@YFalcon0106,八雲べに,2026-02-05T15:36:19Z
【UMIGARI | ウミガリ】海と漁なら任せてください【ぶいすぽ/八雲べに】,https://www.youtube.com/watch?v=63mi3xNu_W0&t=7159s,1:59:19,声えっど,@あんころもち896,八雲べに,2026-02-05T15:36:19Z
【UMIGARI | ウミガリ】海と漁なら任せてください【ぶいすぽ/八雲べに】,https://www.youtube.com/watch?v=63mi3xNu_W0&t=7193s,1:59:53,えっど,@ぴょまえのジーニョ,八雲べに,2026-02-05T15:36:19Z
【UMIGARI | ウミガリ】海と漁なら任せてください【ぶいすぽ/八雲べに】,https://www.youtube.com/watch?v=63mi3xNu_W0&t=9134s,2:32:14,えっどいｗ,@ピースケ-d8n,八雲べに,2026-02-05T15:36:19Z
【UMIGARI | ウミガリ】海と漁なら任せてください【ぶいすぽ/八雲べに】,https://www.youtube.com/watch?v=63mi3xNu_W0&t=9841s,2:44:01,えっど,@オーガニックDG,八雲べに,2026-02-05T15:36:19Z
【UMIGARI | ウミガリ】海と漁なら任せてください【ぶいすぽ/八雲べに】,https://www.youtube.com/watch?v=63mi3xNu_W0&t=10042s,2:47:22,えっど,@神無月健二,八雲べに,2026-02-05T15:36:19Z
【UMIGARI | ウミガリ】海と漁なら任せてください【ぶいすぽ/八雲べに】,https://www.youtube.com/watch?v=63mi3xNu_W0&t=10055s,2:47:35,えっど,@めっしerzA,八雲べに,2026-02-05T15:36:19Z
【VALORANT】弾撃ってみよう【ぶいすぽ/八雲べに】,https://www.youtube.com/watch?v=km_KWYFVIus&t=4066s,1:07:46,ほな、やっぱ筋肉だよ。筋肉は全て解決する。,@あんころもち896,八雲べに,2026-02-06T10:44:18Z
【VALORANT】弾撃ってみよう【ぶいすぽ/八雲べに】,https://www.youtube.com/watch?v=km_KWYFVIus&t=7005s,1:56:45,えっど,@よしぽん-u4x,八雲べに,2026-02-06T10:44:18Z
【VALORANT】寝起き弾撃ち【ぶいすぽ/八雲べに】,https://www.youtube.com/watch?v=dcw0WE-jNDc&t=1784s,29:44,筋肉痛ならワンチャン,@シャトーブリアン涼太,八雲べに,2026-02-09T09:06:33Z
【VALORANT】寝起き弾撃ち【ぶいすぽ/八雲べに】,https://www.youtube.com/watch?v=dcw0WE-jNDc&t=6997s,1:56:37,えっど,@マサラオ_fnc,八雲べに,2026-02-09T09:06:33Z
【VALORANT】寝起き弾撃ち【ぶいすぽ/八雲べに】,https://www.youtube.com/watch?v=dcw0WE-jNDc&t=7030s,1:57:10,えっどぃ,@ウメイロ0627,八雲べに,2026-02-09T09:06:33Z
【VALORANT】寝起き弾撃ち【ぶいすぽ/八雲べに】,https://www.youtube.com/watch?v=dcw0WE-jNDc&t=7036s,1:57:16,えっど,@もちもちもっちー-tv,八雲べに,2026-02-09T09:06:33Z
【VALORANT】寝起き弾撃ち【ぶいすぽ/八雲べに】,https://www.youtube.com/watch?v=dcw0WE-jNDc&t=7173s,1:59:33,まあえっどいからいいか,@YFalcon0106,八雲べに,2026-02-09T09:06:33Z
【VALORANT】寝起き弾撃ち【ぶいすぽ/八雲べに】,https://www.youtube.com/watch?v=dcw0WE-jNDc&t=7191s,1:59:51,えっど,@泉-s2t,八雲べに,2026-02-09T09:06:33Z
【VALORANT】寝起き弾撃ち【ぶいすぽ/八雲べに】,https://www.youtube.com/watch?v=dcw0WE-jNDc&t=7212s,2:00:12,えっど,@ぴょまえのジーニョ,八雲べに,2026-02-09T09:06:33Z
【VALORANT】寝起き弾撃ち【ぶいすぽ/八雲べに】,https://www.youtube.com/watch?v=dcw0WE-jNDc&t=7225s,2:00:25,えっど,@墨示威亜蘭,八雲べに,2026-02-09T09:06:33Z
【VALORANT】寝起き弾撃ち【ぶいすぽ/八雲べに】,https://www.youtube.com/watch?v=dcw0WE-jNDc&t=7261s,2:01:01,えっど,@YFalcon0106,八雲べに,2026-02-09T09:06:33Z
【VALORANT】寝起き弾撃ち【ぶいすぽ/八雲べに】,https://www.youtube.com/watch?v=dcw0WE-jNDc&t=7270s,2:01:10,えっど,@ぴょまえのジーニョ,八雲べに,2026-02-09T09:06:33Z
【VALORANT】寝起き弾撃ち【ぶいすぽ/八雲べに】,https://www.youtube.com/watch?v=dcw0WE-jNDc&t=7298s,2:01:38,えっど,@ぴょまえのジーニョ,八雲べに,2026-02-09T09:06:33Z
【VALORANT】寝起き弾撃ち【ぶいすぽ/八雲べに】,https://www.youtube.com/watch?v=dcw0WE-jNDc&t=8046s,2:14:06,えっどいIRIS OUT,@ぴょまえのジーニョ,八雲べに,2026-02-09T09:06:33Z
【VALORANT】顔洗って歯磨いて弾を撃つ【ぶいすぽ/八雲べに】,https://www.youtube.com/watch?v=3PH9qfsz8lE&t=203s,3:23,えっど,@どっぺるげんがー-u8u,八雲べに,2026-02-10T11:09:13Z
【VALORANT】顔洗って歯磨いて弾を撃つ【ぶいすぽ/八雲べに】,https://www.youtube.com/watch?v=3PH9qfsz8lE&t=992s,16:32,えっど,@ぴょまえのジーニョ,八雲べに,2026-02-10T11:09:13Z
【VALORANT】顔洗って歯磨いて弾を撃つ【ぶいすぽ/八雲べに】,https://www.youtube.com/watch?v=3PH9qfsz8lE&t=4745s,1:19:05,えっど,@zerihiko-ff5us,八雲べに,2026-02-10T11:09:13Z
【VALORANT】顔洗って歯磨いて弾を撃つ【ぶいすぽ/八雲べに】,https://www.youtube.com/watch?v=3PH9qfsz8lE&t=4772s,1:19:32,えっど,@ここのん_0,八雲べに,2026-02-10T11:09:13Z
【VALORANT】顔洗って歯磨いて弾を撃つ【ぶいすぽ/八雲べに】,https://www.youtube.com/watch?v=3PH9qfsz8lE&t=4777s,1:19:37,えっど,@hajime-61,八雲べに,2026-02-10T11:09:13Z
【VALORANT】顔洗って歯磨いて弾を撃つ【ぶいすぽ/八雲べに】,https://www.youtube.com/watch?v=3PH9qfsz8lE&t=4783s,1:19:43,えっどw,@れたす-g7n,八雲べに,2026-02-10T11:09:13Z
【VALORANT】顔洗って歯磨いて弾を撃つ【ぶいすぽ/八雲べに】,https://www.youtube.com/watch?v=3PH9qfsz8lE&t=4855s,1:20:55,えっど,@亀甲万次郎,八雲べに,2026-02-10T11:09:13Z
【VALORANT】顔洗って歯磨いて弾を撃つ【ぶいすぽ/八雲べに】,https://www.youtube.com/watch?v=3PH9qfsz8lE&t=4867s,1:21:07,えっど…,@YFalcon0106,八雲べに,2026-02-10T11:09:13Z
【VALORANT】顔洗って歯磨いて弾を撃つ【ぶいすぽ/八雲べに】,https://www.youtube.com/watch?v=3PH9qfsz8lE&t=4882s,1:21:22,えっど！！！！！,@YFalcon0106,八雲べに,2026-02-10T11:09:13Z
【VALORANT】顔洗って歯磨いて弾を撃つ【ぶいすぽ/八雲べに】,https://www.youtube.com/watch?v=3PH9qfsz8lE&t=4886s,1:21:26,えっど,@moon46_game,八雲べに,2026-02-10T11:09:13Z
【VALORANT】顔洗って歯磨いて弾を撃つ【ぶいすぽ/八雲べに】,https://www.youtube.com/watch?v=3PH9qfsz8lE&t=4904s,1:21:44,えっど,@YFalcon0106,八雲べに,2026-02-10T11:09:13Z
【VALORANT】AIMを取り戻せ【ぶいすぽ/八雲べに】,https://www.youtube.com/watch?v=yf6yz8osj1Y&t=81s,1:21,えっど,@nうむ,八雲べに,2026-02-16T13:56:52Z
【VALORANT】AIMを取り戻せ【ぶいすぽ/八雲べに】,https://www.youtube.com/watch?v=yf6yz8osj1Y&t=86s,1:26,えっど,@ここのん_0,八雲べに,2026-02-16T13:56:52Z
【VALORANT】AIMを取り戻せ【ぶいすぽ/八雲べに】,https://www.youtube.com/watch?v=yf6yz8osj1Y&t=92s,1:32,えっど,@ばーちゃる-x3b,八雲べに,2026-02-16T13:56:52Z
【VALORANT】AIMを取り戻せ【ぶいすぽ/八雲べに】,https://www.youtube.com/watch?v=yf6yz8osj1Y&t=96s,1:36,えっど,@Jazzinghen,八雲べに,2026-02-16T13:56:52Z
【雑談】 健康朝活🌅【ぶいすぽ/八雲べに】,https://www.youtube.com/watch?v=3gRteKA4LQo&t=3956s,1:05:56,えっど,@snowf11ake,八雲べに,2026-02-24T03:58:23Z
【雑談】 健康朝活🌅【ぶいすぽ/八雲べに】,https://www.youtube.com/watch?v=3gRteKA4LQo&t=3959s,1:05:59,えっど,@gjam147,八雲べに,2026-02-24T03:58:23Z
【雑談】 健康朝活🌅【ぶいすぽ/八雲べに】,https://www.youtube.com/watch?v=3gRteKA4LQo&t=3962s,1:06:02,えっど,@かなちょすー,八雲べに,2026-02-24T03:58:23Z
【雑談】 健康朝活🌅【ぶいすぽ/八雲べに】,https://www.youtube.com/watch?v=3gRteKA4LQo&t=3965s,1:06:05,えっど,@donicaconica,八雲べに,2026-02-24T03:58:23Z
【雑談】 健康朝活🌅【ぶいすぽ/八雲べに】,https://www.youtube.com/watch?v=3gRteKA4LQo&t=3979s,1:06:19,ボインえっど,@l_TAT_l,八雲べに,2026-02-24T03:58:23Z
【雑談】 健康朝活🌅【ぶいすぽ/八雲べに】,https://www.youtube.com/watch?v=3gRteKA4LQo&t=3981s,1:06:21,えっど、配達員になりたい,@フォルス-d4g,八雲べに,2026-02-24T03:58:23Z
【雑談】 健康朝活🌅【ぶいすぽ/八雲べに】,https://www.youtube.com/watch?v=3gRteKA4LQo&t=7800s,2:10:00,えっどどど,@nobu6407,八雲べに,2026-02-24T03:58:23Z
【雑談】 健康朝活🌅【ぶいすぽ/八雲べに】,https://www.youtube.com/watch?v=3gRteKA4LQo&t=11075s,3:04:35,えっど,@らっきょ1,八雲べに,2026-02-24T03:58:23Z
【雑談】 健康朝活🌅【ぶいすぽ/八雲べに】,https://www.youtube.com/watch?v=3gRteKA4LQo&t=11081s,3:04:41,えっど,@Saki_miets,八雲べに,2026-02-24T03:58:23Z
【雑談】 健康朝活🌅【ぶいすぽ/八雲べに】,https://www.youtube.com/watch?v=3gRteKA4LQo&t=11083s,3:04:43,えっど,@641-i1u,八雲べに,2026-02-24T03:58:23Z
【雑談】 健康朝活🌅【ぶいすぽ/八雲べに】,https://www.youtube.com/watch?v=3gRteKA4LQo&t=11087s,3:04:47,えっど,@しゅあsyua_ahaa,八雲べに,2026-02-24T03:58:23Z
【雑談】 健康朝活🌅【ぶいすぽ/八雲べに】,https://www.youtube.com/watch?v=3gRteKA4LQo&t=11090s,3:04:50,えっど,@ムーンストーン-MS,八雲べに,2026-02-24T03:58:23Z
【雑談】 健康朝活🌅【ぶいすぽ/八雲べに】,https://www.youtube.com/watch?v=3gRteKA4LQo&t=11093s,3:04:53,人妻えっど,@ShimeSaba_1011,八雲べに,2026-02-24T03:58:23Z
【雑談】 健康朝活🌅【ぶいすぽ/八雲べに】,https://www.youtube.com/watch?v=3gRteKA4LQo&t=11114s,3:05:14,人妻えっど,@しゅあsyua_ahaa,八雲べに,2026-02-24T03:58:23Z
【雑談】 健康朝活🌅【ぶいすぽ/八雲べに】,https://www.youtube.com/watch?v=3gRteKA4LQo&t=11127s,3:05:27,えっど,@l_TAT_l,八雲べに,2026-02-24T03:58:23Z
【雑談】 健康朝活🌅【ぶいすぽ/八雲べに】,https://www.youtube.com/watch?v=3gRteKA4LQo&t=11132s,3:05:32,えっど,@tube_watcher2025,八雲べに,2026-02-24T03:58:23Z
【雑談】 健康朝活🌅【ぶいすぽ/八雲べに】,https://www.youtube.com/watch?v=3gRteKA4LQo&t=11139s,3:05:39,えっど,@song_su,八雲べに,2026-02-24T03:58:23Z
【#八雲べに新衣装】ついに！！新衣装お披露目きたーー💚【ぶいすぽ/八雲べに】,https://www.youtube.com/watch?v=MeFTYWfsT_o&t=259s,4:19,えっど,@gotsuo-6n,八雲べに,2026-03-02T12:29:03Z
【#八雲べに新衣装】ついに！！新衣装お披露目きたーー💚【ぶいすぽ/八雲べに】,https://www.youtube.com/watch?v=MeFTYWfsT_o&t=299s,4:59,新衣装えっど！たすかる,@いろはに_ch,八雲べに,2026-03-02T12:29:03Z
【#八雲べに新衣装】ついに！！新衣装お披露目きたーー💚【ぶいすぽ/八雲べに】,https://www.youtube.com/watch?v=MeFTYWfsT_o&t=416s,6:56,べにのこれからのえっどの姿すべて見せてみろ。ちゃんと知っておきたい。これからも俺が推すvtuberの本当の姿を,@gogonoTea3,八雲べに,2026-03-02T12:29:03Z
【#八雲べに新衣装】ついに！！新衣装お披露目きたーー💚【ぶいすぽ/八雲べに】,https://www.youtube.com/watch?v=MeFTYWfsT_o&t=430s,7:10,その髪型の水着えっど,@kajuzo,八雲べに,2026-03-02T12:29:03Z
【#八雲べに新衣装】ついに！！新衣装お披露目きたーー💚【ぶいすぽ/八雲べに】,https://www.youtube.com/watch?v=MeFTYWfsT_o&t=466s,7:46,えっど,@たこ-e4m,八雲べに,2026-03-02T12:29:03Z
【#八雲べに新衣装】ついに！！新衣装お披露目きたーー💚【ぶいすぽ/八雲べに】,https://www.youtube.com/watch?v=MeFTYWfsT_o&t=475s,7:55,えっど,@jpmt8d,八雲べに,2026-03-02T12:29:03Z
【#八雲べに新衣装】ついに！！新衣装お披露目きたーー💚【ぶいすぽ/八雲べに】,https://www.youtube.com/watch?v=MeFTYWfsT_o&t=494s,8:14,えっど,@l_TAT_l,八雲べに,2026-03-02T12:29:03Z
【#八雲べに新衣装】ついに！！新衣装お披露目きたーー💚【ぶいすぽ/八雲べに】,https://www.youtube.com/watch?v=MeFTYWfsT_o&t=495s,8:15,えっど,@しゅあsyua_ahaa,八雲べに,2026-03-02T12:29:03Z
【#八雲べに新衣装】ついに！！新衣装お披露目きたーー💚【ぶいすぽ/八雲べに】,https://www.youtube.com/watch?v=MeFTYWfsT_o&t=502s,8:22,えっど,@かに-kani99,八雲べに,2026-03-02T12:29:03Z
【#八雲べに新衣装】ついに！！新衣装お披露目きたーー💚【ぶいすぽ/八雲べに】,https://www.youtube.com/watch?v=MeFTYWfsT_o&t=643s,10:43,えっど,@itzal8411,八雲べに,2026-03-02T12:29:03Z
【#八雲べに新衣装】ついに！！新衣装お披露目きたーー💚【ぶいすぽ/八雲べに】,https://www.youtube.com/watch?v=MeFTYWfsT_o&t=647s,10:47,えっど！！！,@kiraha963,八雲べに,2026-03-02T12:29:03Z
【#八雲べに新衣装】ついに！！新衣装お披露目きたーー💚【ぶいすぽ/八雲べに】,https://www.youtube.com/watch?v=MeFTYWfsT_o&t=648s,10:48,えっど,@しょうちゅう-x1m,八雲べに,2026-03-02T12:29:03Z
【#八雲べに新衣装】ついに！！新衣装お披露目きたーー💚【ぶいすぽ/八雲べに】,https://www.youtube.com/watch?v=MeFTYWfsT_o&t=664s,11:04,えっど…,@jpmt8d,八雲べに,2026-03-02T12:29:03Z
【#八雲べに新衣装】ついに！！新衣装お披露目きたーー💚【ぶいすぽ/八雲べに】,https://www.youtube.com/watch?v=MeFTYWfsT_o&t=669s,11:09,えっどい,@ペーター333v,八雲べに,2026-03-02T12:29:03Z
【#八雲べに新衣装】ついに！！新衣装お披露目きたーー💚【ぶいすぽ/八雲べに】,https://www.youtube.com/watch?v=MeFTYWfsT_o&t=684s,11:24,えっどいな,@ちとまつ,八雲べに,2026-03-02T12:29:03Z
【#八雲べに新衣装】ついに！！新衣装お披露目きたーー💚【ぶいすぽ/八雲べに】,https://www.youtube.com/watch?v=MeFTYWfsT_o&t=800s,13:20,えっどいやつ,@アケチ_akechi,八雲べに,2026-03-02T12:29:03Z
【#八雲べに新衣装】ついに！！新衣装お披露目きたーー💚【ぶいすぽ/八雲べに】,https://www.youtube.com/watch?v=MeFTYWfsT_o&t=838s,13:58,えっどぉ・・・,@しにだ_あすお,八雲べに,2026-03-02T12:29:03Z
【#八雲べに新衣装】ついに！！新衣装お披露目きたーー💚【ぶいすぽ/八雲べに】,https://www.youtube.com/watch?v=MeFTYWfsT_o&t=967s,16:07,えっど,@ハッシー-m1m,八雲べに,2026-03-02T12:29:03Z
【#八雲べに新衣装】ついに！！新衣装お披露目きたーー💚【ぶいすぽ/八雲べに】,https://www.youtube.com/watch?v=MeFTYWfsT_o&t=995s,16:35,えっど,@しゅあsyua_ahaa,八雲べに,2026-03-02T12:29:03Z
【#八雲べに新衣装】ついに！！新衣装お披露目きたーー💚【ぶいすぽ/八雲べに】,https://www.youtube.com/watch?v=MeFTYWfsT_o&t=998s,16:38,えっど,@l_TAT_l,八雲べに,2026-03-02T12:29:03Z
【#八雲べに新衣装】ついに！！新衣装お披露目きたーー💚【ぶいすぽ/八雲べに】,https://www.youtube.com/watch?v=MeFTYWfsT_o&t=1027s,17:07,えっど,@チィヤィヤィ,八雲べに,2026-03-02T12:29:03Z
【#八雲べに新衣装】ついに！！新衣装お披露目きたーー💚【ぶいすぽ/八雲べに】,https://www.youtube.com/watch?v=MeFTYWfsT_o&t=1287s,21:27,ほくろえっど,@はるひこ-69,八雲べに,2026-03-02T12:29:03Z
【#八雲べに新衣装】ついに！！新衣装お披露目きたーー💚【ぶいすぽ/八雲べに】,https://www.youtube.com/watch?v=MeFTYWfsT_o&t=1305s,21:45,えっど,@いろはに_ch,八雲べに,2026-03-02T12:29:03Z
【#八雲べに新衣装】ついに！！新衣装お披露目きたーー💚【ぶいすぽ/八雲べに】,https://www.youtube.com/watch?v=MeFTYWfsT_o&t=1384s,23:04,この衣装かいっちゃんえっどくて好きです！,@yuuki_5638,八雲べに,2026-03-02T12:29:03Z
【#八雲べに新衣装】ついに！！新衣装お披露目きたーー💚【ぶいすぽ/八雲べに】,https://www.youtube.com/watch?v=MeFTYWfsT_o&t=1487s,24:47,えっど！,@シグXIII,八雲べに,2026-03-02T12:29:03Z
【#八雲べに新衣装】ついに！！新衣装お披露目きたーー💚【ぶいすぽ/八雲べに】,https://www.youtube.com/watch?v=MeFTYWfsT_o&t=1502s,25:02,えっどw,@Sh4Crash2,八雲べに,2026-03-02T12:29:03Z
【#八雲べに新衣装】ついに！！新衣装お披露目きたーー💚【ぶいすぽ/八雲べに】,https://www.youtube.com/watch?v=MeFTYWfsT_o&t=1504s,25:04,えっど,@らっきょ1,八雲べに,2026-03-02T12:29:03Z
【#八雲べに新衣装】ついに！！新衣装お披露目きたーー💚【ぶいすぽ/八雲べに】,https://www.youtube.com/watch?v=MeFTYWfsT_o&t=1517s,25:17,えっどがすぎたか,@くり-i1h,八雲べに,2026-03-02T12:29:03Z
【#八雲べに新衣装】ついに！！新衣装お披露目きたーー💚【ぶいすぽ/八雲べに】,https://www.youtube.com/watch?v=MeFTYWfsT_o&t=1535s,25:35,中心の肌色がえっどい,@kajuzo,八雲べに,2026-03-02T12:29:03Z
【#八雲べに新衣装】ついに！！新衣装お披露目きたーー💚【ぶいすぽ/八雲べに】,https://www.youtube.com/watch?v=MeFTYWfsT_o&t=1584s,26:24,えっど！！！,@hatosaburo7,八雲べに,2026-03-02T12:29:03Z
【#八雲べに新衣装】ついに！！新衣装お披露目きたーー💚【ぶいすぽ/八雲べに】,https://www.youtube.com/watch?v=MeFTYWfsT_o&t=1584s,26:24,えっど,@itzal8411,八雲べに,2026-03-02T12:29:03Z
【#八雲べに新衣装】ついに！！新衣装お披露目きたーー💚【ぶいすぽ/八雲べに】,https://www.youtube.com/watch?v=MeFTYWfsT_o&t=1592s,26:32,えっどぉ・・・,@しにだ_あすお,八雲べに,2026-03-02T12:29:03Z
【#八雲べに新衣装】ついに！！新衣装お披露目きたーー💚【ぶいすぽ/八雲べに】,https://www.youtube.com/watch?v=MeFTYWfsT_o&t=1601s,26:41,太ももえっど,@エツキ,八雲べに,2026-03-02T12:29:03Z
【#八雲べに新衣装】ついに！！新衣装お披露目きたーー💚【ぶいすぽ/八雲べに】,https://www.youtube.com/watch?v=MeFTYWfsT_o&t=1604s,26:44,えっどかわいい,@むいむい-777,八雲べに,2026-03-02T12:29:03Z
【#八雲べに新衣装】ついに！！新衣装お披露目きたーー💚【ぶいすぽ/八雲べに】,https://www.youtube.com/watch?v=MeFTYWfsT_o&t=1702s,28:22,えっど,@ごくおじ,八雲べに,2026-03-02T12:29:03Z
【#八雲べに新衣装】ついに！！新衣装お披露目きたーー💚【ぶいすぽ/八雲べに】,https://www.youtube.com/watch?v=MeFTYWfsT_o&t=1754s,29:14,えっどじゃん,@Hisar4gi,八雲べに,2026-03-02T12:29:03Z
【#八雲べに新衣装】ついに！！新衣装お披露目きたーー💚【ぶいすぽ/八雲べに】,https://www.youtube.com/watch?v=MeFTYWfsT_o&t=1778s,29:38,えっど,@ウメイロ0627,八雲べに,2026-03-02T12:29:03Z
【#八雲べに新衣装】ついに！！新衣装お披露目きたーー💚【ぶいすぽ/八雲べに】,https://www.youtube.com/watch?v=MeFTYWfsT_o&t=1778s,29:38,えっど,@どららさん,八雲べに,2026-03-02T12:29:03Z
【#八雲べに新衣装】ついに！！新衣装お披露目きたーー💚【ぶいすぽ/八雲べに】,https://www.youtube.com/watch?v=MeFTYWfsT_o&t=1780s,29:40,えっど,@Haru-cm5bk,八雲べに,2026-03-02T12:29:03Z
【#八雲べに新衣装】ついに！！新衣装お披露目きたーー💚【ぶいすぽ/八雲べに】,https://www.youtube.com/watch?v=MeFTYWfsT_o&t=1795s,29:55,えっど！えっど！(素振り,@hasuke66,八雲べに,2026-03-02T12:29:03Z
【#八雲べに新衣装】ついに！！新衣装お披露目きたーー💚【ぶいすぽ/八雲べに】,https://www.youtube.com/watch?v=MeFTYWfsT_o&t=1846s,30:46,えっど,@Suzu896,八雲べに,2026-03-02T12:29:03Z
【#八雲べに新衣装】ついに！！新衣装お披露目きたーー💚【ぶいすぽ/八雲べに】,https://www.youtube.com/watch?v=MeFTYWfsT_o&t=1851s,30:51,（火）扇子えっど,@641-i1u,八雲べに,2026-03-02T12:29:03Z
【#八雲べに新衣装】ついに！！新衣装お披露目きたーー💚【ぶいすぽ/八雲べに】,https://www.youtube.com/watch?v=MeFTYWfsT_o&t=1853s,30:53,えっど,@KS-dm9ow,八雲べに,2026-03-02T12:29:03Z
【#八雲べに新衣装】ついに！！新衣装お披露目きたーー💚【ぶいすぽ/八雲べに】,https://www.youtube.com/watch?v=MeFTYWfsT_o&t=1865s,31:05,ええっど,@ごくおじ,八雲べに,2026-03-02T12:29:03Z
【#八雲べに新衣装】ついに！！新衣装お披露目きたーー💚【ぶいすぽ/八雲べに】,https://www.youtube.com/watch?v=MeFTYWfsT_o&t=1866s,31:06,えっど！！！,@kiraha963,八雲べに,2026-03-02T12:29:03Z
【#八雲べに新衣装】ついに！！新衣装お披露目きたーー💚【ぶいすぽ/八雲べに】,https://www.youtube.com/watch?v=MeFTYWfsT_o&t=1875s,31:15,えっど,@REUSU119,八雲べに,2026-03-02T12:29:03Z
【#八雲べに新衣装】ついに！！新衣装お披露目きたーー💚【ぶいすぽ/八雲べに】,https://www.youtube.com/watch?v=MeFTYWfsT_o&t=1884s,31:24,えっど,@くり-i1h,八雲べに,2026-03-02T12:29:03Z
【#八雲べに新衣装】ついに！！新衣装お披露目きたーー💚【ぶいすぽ/八雲べに】,https://www.youtube.com/watch?v=MeFTYWfsT_o&t=1884s,31:24,鼻緒えっど,@641-i1u,八雲べに,2026-03-02T12:29:03Z
【#八雲べに新衣装】ついに！！新衣装お披露目きたーー💚【ぶいすぽ/八雲べに】,https://www.youtube.com/watch?v=MeFTYWfsT_o&t=1949s,32:29,ひざえっど,@gotsuo-6n,八雲べに,2026-03-02T12:29:03Z
【#八雲べに新衣装】ついに！！新衣装お披露目きたーー💚【ぶいすぽ/八雲べに】,https://www.youtube.com/watch?v=MeFTYWfsT_o&t=1980s,33:00,肌ないのにえっど,@梔子クチナシ-c6t,八雲べに,2026-03-02T12:29:03Z
【#八雲べに新衣装】ついに！！新衣装お披露目きたーー💚【ぶいすぽ/八雲べに】,https://www.youtube.com/watch?v=MeFTYWfsT_o&t=1984s,33:04,えっど,@エツキ,八雲べに,2026-03-02T12:29:03Z
【#八雲べに新衣装】ついに！！新衣装お披露目きたーー💚【ぶいすぽ/八雲べに】,https://www.youtube.com/watch?v=MeFTYWfsT_o&t=1996s,33:16,えっど,@しゅじゅめ-b9e,八雲べに,2026-03-02T12:29:03Z
【#八雲べに新衣装】ついに！！新衣装お披露目きたーー💚【ぶいすぽ/八雲べに】,https://www.youtube.com/watch?v=MeFTYWfsT_o&t=1997s,33:17,えっどおおお,@nuko_0x0,八雲べに,2026-03-02T12:29:03Z
【#八雲べに新衣装】ついに！！新衣装お披露目きたーー💚【ぶいすぽ/八雲べに】,https://www.youtube.com/watch?v=MeFTYWfsT_o&t=1999s,33:19,肌えっど,@Suzu896,八雲べに,2026-03-02T12:29:03Z
【#八雲べに新衣装】ついに！！新衣装お披露目きたーー💚【ぶいすぽ/八雲べに】,https://www.youtube.com/watch?v=MeFTYWfsT_o&t=2000s,33:20,えっど,@塩猫29Q,八雲べに,2026-03-02T12:29:03Z
【#八雲べに新衣装】ついに！！新衣装お披露目きたーー💚【ぶいすぽ/八雲べに】,https://www.youtube.com/watch?v=MeFTYWfsT_o&t=2000s,33:20,えっど,@梔子クチナシ-c6t,八雲べに,2026-03-02T12:29:03Z
【#八雲べに新衣装】ついに！！新衣装お披露目きたーー💚【ぶいすぽ/八雲べに】,https://www.youtube.com/watch?v=MeFTYWfsT_o&t=2000s,33:20,えっど,@gotsuo-6n,八雲べに,2026-03-02T12:29:03Z
【#八雲べに新衣装】ついに！！新衣装お披露目きたーー💚【ぶいすぽ/八雲べに】,https://www.youtube.com/watch?v=MeFTYWfsT_o&t=2000s,33:20,えっど,@Haru-cm5bk,八雲べに,2026-03-02T12:29:03Z
【#八雲べに新衣装】ついに！！新衣装お披露目きたーー💚【ぶいすぽ/八雲べに】,https://www.youtube.com/watch?v=MeFTYWfsT_o&t=2001s,33:21,えっど,@とぉしぃい,八雲べに,2026-03-02T12:29:03Z
【#八雲べに新衣装】ついに！！新衣装お披露目きたーー💚【ぶいすぽ/八雲べに】,https://www.youtube.com/watch?v=MeFTYWfsT_o&t=2004s,33:24,えっど,@kimera0111,八雲べに,2026-03-02T12:29:03Z
【#八雲べに新衣装】ついに！！新衣装お披露目きたーー💚【ぶいすぽ/八雲べに】,https://www.youtube.com/watch?v=MeFTYWfsT_o&t=2006s,33:26,えっど,@holylouis9635,八雲べに,2026-03-02T12:29:03Z
【#八雲べに新衣装】ついに！！新衣装お披露目きたーー💚【ぶいすぽ/八雲べに】,https://www.youtube.com/watch?v=MeFTYWfsT_o&t=2009s,33:29,えっど,@ahmanda_wawa,八雲べに,2026-03-02T12:29:03Z
【#八雲べに新衣装】ついに！！新衣装お披露目きたーー💚【ぶいすぽ/八雲べに】,https://www.youtube.com/watch?v=MeFTYWfsT_o&t=2010s,33:30,えっど,@MurasakiTsuru,八雲べに,2026-03-02T12:29:03Z
【#八雲べに新衣装】ついに！！新衣装お披露目きたーー💚【ぶいすぽ/八雲べに】,https://www.youtube.com/watch?v=MeFTYWfsT_o&t=2010s,33:30,えっど,@l_TAT_l,八雲べに,2026-03-02T12:29:03Z
【#八雲べに新衣装】ついに！！新衣装お披露目きたーー💚【ぶいすぽ/八雲べに】,https://www.youtube.com/watch?v=MeFTYWfsT_o&t=2011s,33:31,えっど,@パッピーエンド,八雲べに,2026-03-02T12:29:03Z
【#八雲べに新衣装】ついに！！新衣装お披露目きたーー💚【ぶいすぽ/八雲べに】,https://www.youtube.com/watch?v=MeFTYWfsT_o&t=2014s,33:34,えっど,@ちとまつ,八雲べに,2026-03-02T12:29:03Z
【#八雲べに新衣装】ついに！！新衣装お披露目きたーー💚【ぶいすぽ/八雲べに】,https://www.youtube.com/watch?v=MeFTYWfsT_o&t=2017s,33:37,えっど,@pomeso_7328,八雲べに,2026-03-02T12:29:03Z
【#八雲べに新衣装】ついに！！新衣装お披露目きたーー💚【ぶいすぽ/八雲べに】,https://www.youtube.com/watch?v=MeFTYWfsT_o&t=2018s,33:38,えっど,@あげだしどうふっ,八雲べに,2026-03-02T12:29:03Z
【#八雲べに新衣装】ついに！！新衣装お披露目きたーー💚【ぶいすぽ/八雲べに】,https://www.youtube.com/watch?v=MeFTYWfsT_o&t=2018s,33:38,えっど,@ソンナバナナオト,八雲べに,2026-03-02T12:29:03Z
【#八雲べに新衣装】ついに！！新衣装お披露目きたーー💚【ぶいすぽ/八雲べに】,https://www.youtube.com/watch?v=MeFTYWfsT_o&t=2021s,33:41,えっど,@村人-o4r,八雲べに,2026-03-02T12:29:03Z
【#八雲べに新衣装】ついに！！新衣装お披露目きたーー💚【ぶいすぽ/八雲べに】,https://www.youtube.com/watch?v=MeFTYWfsT_o&t=2025s,33:45,えっど,@オーロ-r1w,八雲べに,2026-03-02T12:29:03Z
【#八雲べに新衣装】ついに！！新衣装お披露目きたーー💚【ぶいすぽ/八雲べに】,https://www.youtube.com/watch?v=MeFTYWfsT_o&t=2042s,34:02,えっど,@あぴゃblooom,八雲べに,2026-03-02T12:29:03Z
【#八雲べに新衣装】ついに！！新衣装お披露目きたーー💚【ぶいすぽ/八雲べに】,https://www.youtube.com/watch?v=MeFTYWfsT_o&t=2046s,34:06,えっど,@まりもりん-w0,八雲べに,2026-03-02T12:29:03Z
【#八雲べに新衣装】ついに！！新衣装お披露目きたーー💚【ぶいすぽ/八雲べに】,https://www.youtube.com/watch?v=MeFTYWfsT_o&t=2096s,34:56,えっど,@tadanogame,八雲べに,2026-03-02T12:29:03Z
【#八雲べに新衣装】ついに！！新衣装お披露目きたーー💚【ぶいすぽ/八雲べに】,https://www.youtube.com/watch?v=MeFTYWfsT_o&t=2097s,34:57,えっど,@たこ祭り,八雲べに,2026-03-02T12:29:03Z
【#八雲べに新衣装】ついに！！新衣装お披露目きたーー💚【ぶいすぽ/八雲べに】,https://www.youtube.com/watch?v=MeFTYWfsT_o&t=2105s,35:05,えっどｗ,@しゅじゅめ-b9e,八雲べに,2026-03-02T12:29:03Z
【#八雲べに新衣装】ついに！！新衣装お披露目きたーー💚【ぶいすぽ/八雲べに】,https://www.youtube.com/watch?v=MeFTYWfsT_o&t=2109s,35:09,えっど,@梔子クチナシ-c6t,八雲べに,2026-03-02T12:29:03Z
【#八雲べに新衣装】ついに！！新衣装お披露目きたーー💚【ぶいすぽ/八雲べに】,https://www.youtube.com/watch?v=MeFTYWfsT_o&t=2111s,35:11,えっど,@claris6155,八雲べに,2026-03-02T12:29:03Z
【#八雲べに新衣装】ついに！！新衣装お披露目きたーー💚【ぶいすぽ/八雲べに】,https://www.youtube.com/watch?v=MeFTYWfsT_o&t=2112s,35:12,えっど！！！,@YFalcon0106,八雲べに,2026-03-02T12:29:03Z
【#八雲べに新衣装】ついに！！新衣装お披露目きたーー💚【ぶいすぽ/八雲べに】,https://www.youtube.com/watch?v=MeFTYWfsT_o&t=2114s,35:14,えっど…,@ばーちゃる-x3b,八雲べに,2026-03-02T12:29:03Z
【#八雲べに新衣装】ついに！！新衣装お披露目きたーー💚【ぶいすぽ/八雲べに】,https://www.youtube.com/watch?v=MeFTYWfsT_o&t=2119s,35:19,えっど,@えだは_edaha,八雲べに,2026-03-02T12:29:03Z
【#八雲べに新衣装】ついに！！新衣装お披露目きたーー💚【ぶいすぽ/八雲べに】,https://www.youtube.com/watch?v=MeFTYWfsT_o&t=2122s,35:22,えっど,@nathankim6399,八雲べに,2026-03-02T12:29:03Z
【#八雲べに新衣装】ついに！！新衣装お披露目きたーー💚【ぶいすぽ/八雲べに】,https://www.youtube.com/watch?v=MeFTYWfsT_o&t=2131s,35:31,えっど,@マーク-m7g,八雲べに,2026-03-02T12:29:03Z
【#八雲べに新衣装】ついに！！新衣装お披露目きたーー💚【ぶいすぽ/八雲べに】,https://www.youtube.com/watch?v=MeFTYWfsT_o&t=2155s,35:55,ほくろえっど,@saki_13723,八雲べに,2026-03-02T12:29:03Z
【#八雲べに新衣装】ついに！！新衣装お披露目きたーー💚【ぶいすぽ/八雲べに】,https://www.youtube.com/watch?v=MeFTYWfsT_o&t=2158s,35:58,えっどい,@にゃおしぃ,八雲べに,2026-03-02T12:29:03Z
【#八雲べに新衣装】ついに！！新衣装お披露目きたーー💚【ぶいすぽ/八雲べに】,https://www.youtube.com/watch?v=MeFTYWfsT_o&t=2163s,36:03,えっど,@ブリトー-f9w,八雲べに,2026-03-02T12:29:03Z
【#八雲べに新衣装】ついに！！新衣装お披露目きたーー💚【ぶいすぽ/八雲べに】,https://www.youtube.com/watch?v=MeFTYWfsT_o&t=2164s,36:04,えっど,@フィンズ,八雲べに,2026-03-02T12:29:03Z
【#八雲べに新衣装】ついに！！新衣装お披露目きたーー💚【ぶいすぽ/八雲べに】,https://www.youtube.com/watch?v=MeFTYWfsT_o&t=2167s,36:07,穴の具合えっど,@ゆるとろ1,八雲べに,2026-03-02T12:29:03Z
【#八雲べに新衣装】ついに！！新衣装お披露目きたーー💚【ぶいすぽ/八雲べに】,https://www.youtube.com/watch?v=MeFTYWfsT_o&t=2168s,36:08,えっど,@YFalcon0106,八雲べに,2026-03-02T12:29:03Z
【#八雲べに新衣装】ついに！！新衣装お披露目きたーー💚【ぶいすぽ/八雲べに】,https://www.youtube.com/watch?v=MeFTYWfsT_o&t=2176s,36:16,えっど,@daniel-ix8wx,八雲べに,2026-03-02T12:29:03Z
【#八雲べに新衣装】ついに！！新衣装お披露目きたーー💚【ぶいすぽ/八雲べに】,https://www.youtube.com/watch?v=MeFTYWfsT_o&t=2178s,36:18,えっど,@none2365,八雲べに,2026-03-02T12:29:03Z
【#八雲べに新衣装】ついに！！新衣装お披露目きたーー💚【ぶいすぽ/八雲べに】,https://www.youtube.com/watch?v=MeFTYWfsT_o&t=2180s,36:20,ふとももえっど,@しな-n9i,八雲べに,2026-03-02T12:29:03Z
【#八雲べに新衣装】ついに！！新衣装お披露目きたーー💚【ぶいすぽ/八雲べに】,https://www.youtube.com/watch?v=MeFTYWfsT_o&t=2186s,36:26,チラ見ええっど,@Maro_Maro_416,八雲べに,2026-03-02T12:29:03Z
【#八雲べに新衣装】ついに！！新衣装お披露目きたーー💚【ぶいすぽ/八雲べに】,https://www.youtube.com/watch?v=MeFTYWfsT_o&t=2187s,36:27,それはちょっとえっどいってw,@kato.s4697,八雲べに,2026-03-02T12:29:03Z
【#八雲べに新衣装】ついに！！新衣装お披露目きたーー💚【ぶいすぽ/八雲べに】,https://www.youtube.com/watch?v=MeFTYWfsT_o&t=2188s,36:28,えっど,@くり-i1h,八雲べに,2026-03-02T12:29:03Z
【#八雲べに新衣装】ついに！！新衣装お披露目きたーー💚【ぶいすぽ/八雲べに】,https://www.youtube.com/watch?v=MeFTYWfsT_o&t=2191s,36:31,えっど,@holylouis9635,八雲べに,2026-03-02T12:29:03Z
【#八雲べに新衣装】ついに！！新衣装お披露目きたーー💚【ぶいすぽ/八雲べに】,https://www.youtube.com/watch?v=MeFTYWfsT_o&t=2338s,38:58,痣えっど,@fneg8437,八雲べに,2026-03-02T12:29:03Z
【#八雲べに新衣装】ついに！！新衣装お披露目きたーー💚【ぶいすぽ/八雲べに】,https://www.youtube.com/watch?v=MeFTYWfsT_o&t=2357s,39:17,えっど,@カピバラ参,八雲べに,2026-03-02T12:29:03Z
【#八雲べに新衣装】ついに！！新衣装お披露目きたーー💚【ぶいすぽ/八雲べに】,https://www.youtube.com/watch?v=MeFTYWfsT_o&t=2362s,39:22,えっどい,@nanahoshi07_896,八雲べに,2026-03-02T12:29:03Z
【#八雲べに新衣装】ついに！！新衣装お披露目きたーー💚【ぶいすぽ/八雲べに】,https://www.youtube.com/watch?v=MeFTYWfsT_o&t=2365s,39:25,えっど,@moon46_game,八雲べに,2026-03-02T12:29:03Z
【#八雲べに新衣装】ついに！！新衣装お披露目きたーー💚【ぶいすぽ/八雲べに】,https://www.youtube.com/watch?v=MeFTYWfsT_o&t=2368s,39:28,えっど,@ジード_896,八雲べに,2026-03-02T12:29:03Z
【#八雲べに新衣装】ついに！！新衣装お披露目きたーー💚【ぶいすぽ/八雲べに】,https://www.youtube.com/watch?v=MeFTYWfsT_o&t=2370s,39:30,えっど,@梔子クチナシ-c6t,八雲べに,2026-03-02T12:29:03Z
【#八雲べに新衣装】ついに！！新衣装お披露目きたーー💚【ぶいすぽ/八雲べに】,https://www.youtube.com/watch?v=MeFTYWfsT_o&t=2371s,39:31,えっど,@MORIRINN_3939,八雲べに,2026-03-02T12:29:03Z
【#八雲べに新衣装】ついに！！新衣装お披露目きたーー💚【ぶいすぽ/八雲べに】,https://www.youtube.com/watch?v=MeFTYWfsT_o&t=2373s,39:33,えっど,@けい-896-b,八雲べに,2026-03-02T12:29:03Z
【#八雲べに新衣装】ついに！！新衣装お披露目きたーー💚【ぶいすぽ/八雲べに】,https://www.youtube.com/watch?v=MeFTYWfsT_o&t=2374s,39:34,えっど,@himegamikuon,八雲べに,2026-03-02T12:29:03Z
【#八雲べに新衣装】ついに！！新衣装お披露目きたーー💚【ぶいすぽ/八雲べに】,https://www.youtube.com/watch?v=MeFTYWfsT_o&t=2380s,39:40,えっど...,@タケノコソード,八雲べに,2026-03-02T12:29:03Z
【#八雲べに新衣装】ついに！！新衣装お披露目きたーー💚【ぶいすぽ/八雲べに】,https://www.youtube.com/watch?v=MeFTYWfsT_o&t=2380s,39:40,えっどがすぎやしないか？,@kwtdesu,八雲べに,2026-03-02T12:29:03Z
【#八雲べに新衣装】ついに！！新衣装お披露目きたーー💚【ぶいすぽ/八雲べに】,https://www.youtube.com/watch?v=MeFTYWfsT_o&t=2391s,39:51,えっど,@アトレ0520,八雲べに,2026-03-02T12:29:03Z
【#八雲べに新衣装】ついに！！新衣装お披露目きたーー💚【ぶいすぽ/八雲べに】,https://www.youtube.com/watch?v=MeFTYWfsT_o&t=2409s,40:09,えっど」,@カナタさん-g5y,八雲べに,2026-03-02T12:29:03Z
【#八雲べに新衣装】ついに！！新衣装お披露目きたーー💚【ぶいすぽ/八雲べに】,https://www.youtube.com/watch?v=MeFTYWfsT_o&t=2411s,40:11,ええええっど,@fneg8437,八雲べに,2026-03-02T12:29:03Z
【#八雲べに新衣装】ついに！！新衣装お披露目きたーー💚【ぶいすぽ/八雲べに】,https://www.youtube.com/watch?v=MeFTYWfsT_o&t=2421s,40:21,えっど,@mori-b6x,八雲べに,2026-03-02T12:29:03Z
【#八雲べに新衣装】ついに！！新衣装お披露目きたーー💚【ぶいすぽ/八雲べに】,https://www.youtube.com/watch?v=MeFTYWfsT_o&t=2423s,40:23,ほくろえっど,@blackeye4761,八雲べに,2026-03-02T12:29:03Z
【#八雲べに新衣装】ついに！！新衣装お披露目きたーー💚【ぶいすぽ/八雲べに】,https://www.youtube.com/watch?v=MeFTYWfsT_o&t=2433s,40:33,えっど,@piyoxtu3,八雲べに,2026-03-02T12:29:03Z
【#八雲べに新衣装】ついに！！新衣装お披露目きたーー💚【ぶいすぽ/八雲べに】,https://www.youtube.com/watch?v=MeFTYWfsT_o&t=2479s,41:19,えっど,@エンゲル係数-s8v,八雲べに,2026-03-02T12:29:03Z
【#八雲べに新衣装】ついに！！新衣装お披露目きたーー💚【ぶいすぽ/八雲べに】,https://www.youtube.com/watch?v=MeFTYWfsT_o&t=2484s,41:24,えっど,@やまいもごはん-u5j,八雲べに,2026-03-02T12:29:03Z
【#八雲べに新衣装】ついに！！新衣装お披露目きたーー💚【ぶいすぽ/八雲べに】,https://www.youtube.com/watch?v=MeFTYWfsT_o&t=2516s,41:56,いつもよりメイクがえっどい！,@みみそげ,八雲べに,2026-03-02T12:29:03Z
【#八雲べに新衣装】ついに！！新衣装お披露目きたーー💚【ぶいすぽ/八雲べに】,https://www.youtube.com/watch?v=MeFTYWfsT_o&t=2518s,41:58,えっど,@むっさん-w8q,八雲べに,2026-03-02T12:29:03Z
【#八雲べに新衣装】ついに！！新衣装お披露目きたーー💚【ぶいすぽ/八雲べに】,https://www.youtube.com/watch?v=MeFTYWfsT_o&t=2529s,42:09,わかる、目元えっどい,@miyasaaaan,八雲べに,2026-03-02T12:29:03Z
【#八雲べに新衣装】ついに！！新衣装お披露目きたーー💚【ぶいすぽ/八雲べに】,https://www.youtube.com/watch?v=MeFTYWfsT_o&t=2546s,42:26,鎖骨えっど,@イタチ山きゃろりんドリーム,八雲べに,2026-03-02T12:29:03Z
【#八雲べに新衣装】ついに！！新衣装お披露目きたーー💚【ぶいすぽ/八雲べに】,https://www.youtube.com/watch?v=MeFTYWfsT_o&t=2579s,42:59,流し目えっど,@tube_watcher2025,八雲べに,2026-03-02T12:29:03Z
【#八雲べに新衣装】ついに！！新衣装お披露目きたーー💚【ぶいすぽ/八雲べに】,https://www.youtube.com/watch?v=MeFTYWfsT_o&t=2582s,43:02,えっど,@しゅあsyua_ahaa,八雲べに,2026-03-02T12:29:03Z
【#八雲べに新衣装】ついに！！新衣装お披露目きたーー💚【ぶいすぽ/八雲べに】,https://www.youtube.com/watch?v=MeFTYWfsT_o&t=2612s,43:32,ごめんえっど,@takuemon44,八雲べに,2026-03-02T12:29:03Z
【#八雲べに新衣装】ついに！！新衣装お披露目きたーー💚【ぶいすぽ/八雲べに】,https://www.youtube.com/watch?v=MeFTYWfsT_o&t=2637s,43:57,えっど,@l_TAT_l,八雲べに,2026-03-02T12:29:03Z
【#八雲べに新衣装】ついに！！新衣装お披露目きたーー💚【ぶいすぽ/八雲べに】,https://www.youtube.com/watch?v=MeFTYWfsT_o&t=2637s,43:57,えっど,@ys-vh7eg,八雲べに,2026-03-02T12:29:03Z
【#八雲べに新衣装】ついに！！新衣装お披露目きたーー💚【ぶいすぽ/八雲べに】,https://www.youtube.com/watch?v=MeFTYWfsT_o&t=2663s,44:23,足えっど,@kaomoji_333,八雲べに,2026-03-02T12:29:03Z
【#八雲べに新衣装】ついに！！新衣装お披露目きたーー💚【ぶいすぽ/八雲べに】,https://www.youtube.com/watch?v=MeFTYWfsT_o&t=2704s,45:04,えっど,@テナアン,八雲べに,2026-03-02T12:29:03Z
【#八雲べに新衣装】ついに！！新衣装お披露目きたーー💚【ぶいすぽ/八雲べに】,https://www.youtube.com/watch?v=MeFTYWfsT_o&t=2753s,45:53,ギャップえっどおおおおおおおおお,@kajuzo,八雲べに,2026-03-02T12:29:03Z
【#八雲べに新衣装】ついに！！新衣装お披露目きたーー💚【ぶいすぽ/八雲べに】,https://www.youtube.com/watch?v=MeFTYWfsT_o&t=2864s,47:44,えっどどどど,@transparence25,八雲べに,2026-03-02T12:29:03Z
【#八雲べに新衣装】ついに！！新衣装お披露目きたーー💚【ぶいすぽ/八雲べに】,https://www.youtube.com/watch?v=MeFTYWfsT_o&t=3022s,50:22,えっど,@むいむい-777,八雲べに,2026-03-02T12:29:03Z
【#八雲べに新衣装】ついに！！新衣装お披露目きたーー💚【ぶいすぽ/八雲べに】,https://www.youtube.com/watch?v=MeFTYWfsT_o&t=3046s,50:46,えっど,@yusuke-akiyama,八雲べに,2026-03-02T12:29:03Z
【#八雲べに新衣装】ついに！！新衣装お披露目きたーー💚【ぶいすぽ/八雲べに】,https://www.youtube.com/watch?v=MeFTYWfsT_o&t=3066s,51:06,えっど,@ahmanda_wawa,八雲べに,2026-03-02T12:29:03Z
【#八雲べに新衣装】ついに！！新衣装お披露目きたーー💚【ぶいすぽ/八雲べに】,https://www.youtube.com/watch?v=MeFTYWfsT_o&t=3111s,51:51,えっど,@ヤスシア,八雲べに,2026-03-02T12:29:03Z
【#八雲べに新衣装】ついに！！新衣装お披露目きたーー💚【ぶいすぽ/八雲べに】,https://www.youtube.com/watch?v=MeFTYWfsT_o&t=3133s,52:13,えっど,@しゅあsyua_ahaa,八雲べに,2026-03-02T12:29:03Z
【#八雲べに新衣装】ついに！！新衣装お披露目きたーー💚【ぶいすぽ/八雲べに】,https://www.youtube.com/watch?v=MeFTYWfsT_o&t=3272s,54:32,泣き顔えっど,@Suzu896,八雲べに,2026-03-02T12:29:03Z
【#八雲べに新衣装】ついに！！新衣装お披露目きたーー💚【ぶいすぽ/八雲べに】,https://www.youtube.com/watch?v=MeFTYWfsT_o&t=3339s,55:39,えっど,@itzal8411,八雲べに,2026-03-02T12:29:03Z
【#八雲べに新衣装】ついに！！新衣装お披露目きたーー💚【ぶいすぽ/八雲べに】,https://www.youtube.com/watch?v=MeFTYWfsT_o&t=3672s,1:01:12,えっど,@えだは_edaha,八雲べに,2026-03-02T12:29:03Z
【#八雲べに新衣装】ついに！！新衣装お披露目きたーー💚【ぶいすぽ/八雲べに】,https://www.youtube.com/watch?v=MeFTYWfsT_o&t=3674s,1:01:14,えっど,@AKATUKI_YK,八雲べに,2026-03-02T12:29:03Z
【#八雲べに新衣装】ついに！！新衣装お披露目きたーー💚【ぶいすぽ/八雲べに】,https://www.youtube.com/watch?v=MeFTYWfsT_o&t=3676s,1:01:16,えっど,@あげだしどうふっ,八雲べに,2026-03-02T12:29:03Z
【#八雲べに新衣装】ついに！！新衣装お披露目きたーー💚【ぶいすぽ/八雲べに】,https://www.youtube.com/watch?v=MeFTYWfsT_o&t=3729s,1:02:09,えっど,@Zidanジダン,八雲べに,2026-03-02T12:29:03Z
【#八雲べに新衣装】ついに！！新衣装お披露目きたーー💚【ぶいすぽ/八雲べに】,https://www.youtube.com/watch?v=MeFTYWfsT_o&t=3794s,1:03:14,えっど,@LANBO0115,八雲べに,2026-03-02T12:29:03Z
【#八雲べに新衣装】ついに！！新衣装お披露目きたーー💚【ぶいすぽ/八雲べに】,https://www.youtube.com/watch?v=MeFTYWfsT_o&t=3954s,1:05:54,えっど,@アトレ0520,八雲べに,2026-03-02T12:29:03Z
【#八雲べに新衣装】ついに！！新衣装お披露目きたーー💚【ぶいすぽ/八雲べに】,https://www.youtube.com/watch?v=MeFTYWfsT_o&t=4153s,1:09:13,帯に胸乗りすぎや、えっど,@shmalusmalus2525,八雲べに,2026-03-02T12:29:03Z
【#八雲べに新衣装】ついに！！新衣装お披露目きたーー💚【ぶいすぽ/八雲べに】,https://www.youtube.com/watch?v=MeFTYWfsT_o&t=4573s,1:16:13,えっど,@fukurou1125,八雲べに,2026-03-02T12:29:03Z
【#八雲べに新衣装】ついに！！新衣装お披露目きたーー💚【ぶいすぽ/八雲べに】,https://www.youtube.com/watch?v=MeFTYWfsT_o&t=4979s,1:22:59,えっど,@yusuke-akiyama,八雲べに,2026-03-02T12:29:03Z
【#八雲べに新衣装】ついに！！新衣装お披露目きたーー💚【ぶいすぽ/八雲べに】,https://www.youtube.com/watch?v=MeFTYWfsT_o&t=6002s,1:40:02,えっどい,@さめぽよ,八雲べに,2026-03-02T12:29:03Z
【#八雲べに新衣装】ついに！！新衣装お披露目きたーー💚【ぶいすぽ/八雲べに】,https://www.youtube.com/watch?v=MeFTYWfsT_o&t=6098s,1:41:38,えっど,@KurataYui-d9p,八雲べに,2026-03-02T12:29:03Z
【#八雲べに新衣装】ついに！！新衣装お披露目きたーー💚【ぶいすぽ/八雲べに】,https://www.youtube.com/watch?v=MeFTYWfsT_o&t=6105s,1:41:45,えっどｗ,@kai-o2z5l,八雲べに,2026-03-02T12:29:03Z
【#八雲べに新衣装】ついに！！新衣装お披露目きたーー💚【ぶいすぽ/八雲べに】,https://www.youtube.com/watch?v=MeFTYWfsT_o&t=6117s,1:41:57,えっど,@Sycutia,八雲べに,2026-03-02T12:29:03Z
【#八雲べに新衣装】ついに！！新衣装お披露目きたーー💚【ぶいすぽ/八雲べに】,https://www.youtube.com/watch?v=MeFTYWfsT_o&t=6125s,1:42:05,えっど,@しょうちゅう-x1m,八雲べに,2026-03-02T12:29:03Z
【#八雲べに新衣装】ついに！！新衣装お披露目きたーー💚【ぶいすぽ/八雲べに】,https://www.youtube.com/watch?v=MeFTYWfsT_o&t=6227s,1:43:47,えっどおおおおお,@さめぽよ,八雲べに,2026-03-02T12:29:03Z
【#八雲べに新衣装】ついに！！新衣装お披露目きたーー💚【ぶいすぽ/八雲べに】,https://www.youtube.com/watch?v=MeFTYWfsT_o&t=6454s,1:47:34,えっど,@l_TAT_l,八雲べに,2026-03-02T12:29:03Z
【#八雲べに新衣装】ついに！！新衣装お披露目きたーー💚【ぶいすぽ/八雲べに】,https://www.youtube.com/watch?v=MeFTYWfsT_o&t=6607s,1:50:07,えっどおおおお,@さめぽよ,八雲べに,2026-03-02T12:29:03Z
【#八雲べに新衣装】ついに！！新衣装お披露目きたーー💚【ぶいすぽ/八雲べに】,https://www.youtube.com/watch?v=MeFTYWfsT_o&t=6772s,1:52:52,いまきた！！！えっど！！！！,@ytk-t3k,八雲べに,2026-03-02T12:29:03Z
【#八雲べに新衣装】ついに！！新衣装お披露目きたーー💚【ぶいすぽ/八雲べに】,https://www.youtube.com/watch?v=MeFTYWfsT_o&t=6820s,1:53:40,えっど！！！！！,@ytk-t3k,八雲べに,2026-03-02T12:29:03Z
【#八雲べに新衣装】ついに！！新衣装お披露目きたーー💚【ぶいすぽ/八雲べに】,https://www.youtube.com/watch?v=MeFTYWfsT_o&t=6830s,1:53:50,えっど,@KurataYui-d9p,八雲べに,2026-03-02T12:29:03Z
【#八雲べに新衣装】ついに！！新衣装お披露目きたーー💚【ぶいすぽ/八雲べに】,https://www.youtube.com/watch?v=MeFTYWfsT_o&t=6836s,1:53:56,えっどおおおおおお,@さめぽよ,八雲べに,2026-03-02T12:29:03Z
【#八雲べに新衣装】ついに！！新衣装お披露目きたーー💚【ぶいすぽ/八雲べに】,https://www.youtube.com/watch?v=MeFTYWfsT_o&t=6840s,1:54:00,えっど,@HOSK法介,八雲べに,2026-03-02T12:29:03Z
【#八雲べに新衣装】ついに！！新衣装お披露目きたーー💚【ぶいすぽ/八雲べに】,https://www.youtube.com/watch?v=MeFTYWfsT_o&t=7284s,2:01:24,えっどおおおおお,@さめぽよ,八雲べに,2026-03-02T12:29:03Z
【#八雲べに新衣装】ついに！！新衣装お披露目きたーー💚【ぶいすぽ/八雲べに】,https://www.youtube.com/watch?v=MeFTYWfsT_o&t=7693s,2:08:13,えっど,@さめぽよ,八雲べに,2026-03-02T12:29:03Z
【#八雲べに新衣装】ついに！！新衣装お披露目きたーー💚【ぶいすぽ/八雲べに】,https://www.youtube.com/watch?v=MeFTYWfsT_o&t=7721s,2:08:41,えっどおおおお,@さめぽよ,八雲べに,2026-03-02T12:29:03Z
【#八雲べに新衣装】ついに！！新衣装お披露目きたーー💚【ぶいすぽ/八雲べに】,https://www.youtube.com/watch?v=MeFTYWfsT_o&t=7955s,2:12:35,キセル持ってる手元ってえっどいんだよなぁ……,@ペーター333v,八雲べに,2026-03-02T12:29:03Z
【#八雲べに新衣装】ついに！！新衣装お披露目きたーー💚【ぶいすぽ/八雲べに】,https://www.youtube.com/watch?v=MeFTYWfsT_o&t=8030s,2:13:50,なんかえっど・・・,@神無月健二,八雲べに,2026-03-02T12:29:03Z
【雑談】 今晩は♡【ぶいすぽ/八雲べに】,https://www.youtube.com/watch?v=ebbfoFnFbGk&t=51s,0:51,えっど,@AstroWixAwp,八雲べに,2026-03-03T19:02:03Z
【雑談】 今晩は♡【ぶいすぽ/八雲べに】,https://www.youtube.com/watch?v=ebbfoFnFbGk&t=320s,5:20,えっど,@プライドファン,八雲べに,2026-03-03T19:02:03Z
【雑談】 今晩は♡【ぶいすぽ/八雲べに】,https://www.youtube.com/watch?v=ebbfoFnFbGk&t=3101s,51:41,えっど,@くらげ0612,八雲べに,2026-03-03T19:02:03Z
【雑談】 今晩は♡【ぶいすぽ/八雲べに】,https://www.youtube.com/watch?v=ebbfoFnFbGk&t=3103s,51:43,えっど,@菖蒲-Shoubu,八雲べに,2026-03-03T19:02:03Z
【雑談】 今晩は♡【ぶいすぽ/八雲べに】,https://www.youtube.com/watch?v=ebbfoFnFbGk&t=3117s,51:57,えっど,@fuuko5117,八雲べに,2026-03-03T19:02:03Z
【雑談】 今晩は♡【ぶいすぽ/八雲べに】,https://www.youtube.com/watch?v=ebbfoFnFbGk&t=3139s,52:19,えっどw,@ikejun_896,八雲べに,2026-03-03T19:02:03Z
【雑談】 今晩は♡【ぶいすぽ/八雲べに】,https://www.youtube.com/watch?v=ebbfoFnFbGk&t=4574s,1:16:14,咳しすぎると筋肉痛になってインナーマッスルが鍛えられるんよな,@おふてん-y9t,八雲べに,2026-03-03T19:02:03Z
【雑談】 今晩は♡【ぶいすぽ/八雲べに】,https://www.youtube.com/watch?v=ebbfoFnFbGk&t=4577s,1:16:17,腹筋が筋肉痛ならん？,@0q0_ハルhal_896,八雲べに,2026-03-03T19:02:03Z
【雑談】 今晩は♡【ぶいすぽ/八雲べに】,https://www.youtube.com/watch?v=ebbfoFnFbGk&t=4609s,1:16:49,腹筋われてそう,@olpheno,八雲べに,2026-03-03T19:02:03Z
【雑談】 今晩は♡【ぶいすぽ/八雲べに】,https://www.youtube.com/watch?v=ebbfoFnFbGk&t=4620s,1:17:00,咳をしすぎた末に腹筋がバキバキバッキーになった八雲べに…,@イーリ-l3f,八雲べに,2026-03-03T19:02:03Z
【雑談】 今晩は♡【ぶいすぽ/八雲べに】,https://www.youtube.com/watch?v=ebbfoFnFbGk&t=4970s,1:22:50,べに様えっど！！！！！,@デブでゴみくズ,八雲べに,2026-03-03T19:02:03Z
【雑談】 今晩は♡【ぶいすぽ/八雲べに】,https://www.youtube.com/watch?v=ebbfoFnFbGk&t=5347s,1:29:07,えっど,@kiraha963,八雲べに,2026-03-03T19:02:03Z
【雑談】 今晩は♡【ぶいすぽ/八雲べに】,https://www.youtube.com/watch?v=ebbfoFnFbGk&t=5764s,1:36:04,えっどw,@カオス使い魔,八雲べに,2026-03-03T19:02:03Z
【雑談】 今晩は♡【ぶいすぽ/八雲べに】,https://www.youtube.com/watch?v=ebbfoFnFbGk&t=6054s,1:40:54,えっどい,@響あんくら,八雲べに,2026-03-03T19:02:03Z
【雑談】 今晩は♡【ぶいすぽ/八雲べに】,https://www.youtube.com/watch?v=ebbfoFnFbGk&t=6940s,1:55:40,声帯も筋肉やぞ楽勝やん,@okimochi-lnc,八雲べに,2026-03-03T19:02:03Z
【雑談】 今晩は♡【ぶいすぽ/八雲べに】,https://www.youtube.com/watch?v=ebbfoFnFbGk&t=9707s,2:41:47,えっど,@あんころもち896,八雲べに,2026-03-03T19:02:03Z
【雑談】 今晩は♡【ぶいすぽ/八雲べに】,https://www.youtube.com/watch?v=ebbfoFnFbGk&t=9714s,2:41:54,えっど,@あいくどん,八雲べに,2026-03-03T19:02:03Z
【雑談】 今晩は♡【ぶいすぽ/八雲べに】,https://www.youtube.com/watch?v=ebbfoFnFbGk&t=9726s,2:42:06,えっど,@あいくどん,八雲べに,2026-03-03T19:02:03Z
【雑談】 今晩は♡【ぶいすぽ/八雲べに】,https://www.youtube.com/watch?v=ebbfoFnFbGk&t=9904s,2:45:04,DLSiteみたけどえっど,@l_TAT_l,八雲べに,2026-03-03T19:02:03Z
【雑談】 今晩は♡【ぶいすぽ/八雲べに】,https://www.youtube.com/watch?v=ebbfoFnFbGk&t=10036s,2:47:16,えっど,@l_TAT_l,八雲べに,2026-03-03T19:02:03Z
【雑談】 今晩は♡【ぶいすぽ/八雲べに】,https://www.youtube.com/watch?v=ebbfoFnFbGk&t=10040s,2:47:20,えっどｗ,@いくみ-0524,八雲べに,2026-03-03T19:02:03Z
【雑談】 今晩は♡【ぶいすぽ/八雲べに】,https://www.youtube.com/watch?v=ebbfoFnFbGk&t=10047s,2:47:27,えっど,@りく-q1j,八雲べに,2026-03-03T19:02:03Z
【雑談】 今晩は♡【ぶいすぽ/八雲べに】,https://www.youtube.com/watch?v=ebbfoFnFbGk&t=10057s,2:47:37,えっど,@ゆうれい-yurei,八雲べに,2026-03-03T19:02:03Z
【雑談】 今晩は♡【ぶいすぽ/八雲べに】,https://www.youtube.com/watch?v=ebbfoFnFbGk&t=10787s,2:59:47,こんばんは。最近ジムで握力が測れたので測ったら51kgでした。私もかなり高い方かなって思ってたんですが、すごい細身の女性トレーナーさんが目の前で測ってくれて71kgでびっくりしました。細身のトレーナーさんだと思ったらお腹も見せてくれて腹筋もバキバキで体脂肪率も7%だそうです。細マッチョって良いなって思いました。べにさんは女性の細マッチョかマッチョどちらの方が好きですか？,@りんか0234,八雲べに,2026-03-03T19:02:03Z
【雑談】 今晩は♡【ぶいすぽ/八雲べに】,https://www.youtube.com/watch?v=ebbfoFnFbGk&t=10867s,3:01:07,筋肉ダルマなら基礎代謝も多いからね,@恭平鍛造,八雲べに,2026-03-03T19:02:03Z
【雑談】 今晩は♡【ぶいすぽ/八雲べに】,https://www.youtube.com/watch?v=ebbfoFnFbGk&t=11981s,3:19:41,胸のホクロえっど,@アル-d7v,八雲べに,2026-03-03T19:02:03Z
【雑談】 今晩は♡【ぶいすぽ/八雲べに】,https://www.youtube.com/watch?v=ebbfoFnFbGk&t=12169s,3:22:49,ちーえっど,@おわおわりん,八雲べに,2026-03-03T19:02:03Z
【雑談】 今晩は♡【ぶいすぽ/八雲べに】,https://www.youtube.com/watch?v=ebbfoFnFbGk&t=15288s,4:14:48,えっど,@arsoni809,八雲べに,2026-03-03T19:02:03Z
【雑談】 今晩は♡【ぶいすぽ/八雲べに】,https://www.youtube.com/watch?v=ebbfoFnFbGk&t=15295s,4:14:55,えっど,@Maro_Maro_416,八雲べに,2026-03-03T19:02:03Z
【雑談】 今晩は♡【ぶいすぽ/八雲べに】,https://www.youtube.com/watch?v=ebbfoFnFbGk&t=15300s,4:15:00,えっど,@こま810,八雲べに,2026-03-03T19:02:03Z
【雑談】 今晩は♡【ぶいすぽ/八雲べに】,https://www.youtube.com/watch?v=ebbfoFnFbGk&t=15303s,4:15:03,えっど,@kurapan779,八雲べに,2026-03-03T19:02:03Z
【雑談】 今晩は♡【ぶいすぽ/八雲べに】,https://www.youtube.com/watch?v=ebbfoFnFbGk&t=15314s,4:15:14,えっど,@az7tec,八雲べに,2026-03-03T19:02:03Z
【雑談】 今晩は♡【ぶいすぽ/八雲べに】,https://www.youtube.com/watch?v=ebbfoFnFbGk&t=16266s,4:31:06,えっどいやつ,@heima-pu9hn,八雲べに,2026-03-03T19:02:03Z
【VALORANT】Showdown公式練習日！𝓬𝓱𝓲𝓵𝓵意識【ぶいすぽ/八雲べに】,https://www.youtube.com/watch?v=vXUL4HW9cI0&t=254s,4:14,腹筋し始めたか,@Medamayaki_yane,八雲べに,2026-03-11T15:57:53Z
【雑談】 燃え尽き談【ぶいすぽ/八雲べに】,https://www.youtube.com/watch?v=uLXD_ArWHnQ&t=4120s,1:08:40,えっど,@平宮いわし,八雲べに,2026-03-24T09:55:23Z
【雑談】 燃え尽き談【ぶいすぽ/八雲べに】,https://www.youtube.com/watch?v=uLXD_ArWHnQ&t=4133s,1:08:53,えっど,@どららさん,八雲べに,2026-03-24T09:55:23Z
【雑談】 燃え尽き談【ぶいすぽ/八雲べに】,https://www.youtube.com/watch?v=uLXD_ArWHnQ&t=4266s,1:11:06,えっど,@しゅあsyua_ahaa,八雲べに,2026-03-24T09:55:23Z
【雑談】 燃え尽き談【ぶいすぽ/八雲べに】,https://www.youtube.com/watch?v=uLXD_ArWHnQ&t=6217s,1:43:37,えっど,@Gooexe,八雲べに,2026-03-24T09:55:23Z
【雑談】 燃え尽き談【ぶいすぽ/八雲べに】,https://www.youtube.com/watch?v=uLXD_ArWHnQ&t=6527s,1:48:47,ちゃんと筋肉あるしねw,@ベルク_828,八雲べに,2026-03-24T09:55:23Z
【雑談】 燃え尽き談【ぶいすぽ/八雲べに】,https://www.youtube.com/watch?v=uLXD_ArWHnQ&t=6530s,1:48:50,まざーさんあれ筋肉やでな笑,@moon46_game,八雲べに,2026-03-24T09:55:23Z
【雑談】 燃え尽き談【ぶいすぽ/八雲べに】,https://www.youtube.com/watch?v=uLXD_ArWHnQ&t=6644s,1:50:44,腕の筋肉を説明するためにｗｗｗ,@Suzu896,八雲べに,2026-03-24T09:55:23Z
【雑談】 燃え尽き談【ぶいすぽ/八雲べに】,https://www.youtube.com/watch?v=uLXD_ArWHnQ&t=6872s,1:54:32,仕事とか家事でもかなり筋肉着くからね。,@ケラヴィノス,八雲べに,2026-03-24T09:55:23Z
【雑談】 燃え尽き談【ぶいすぽ/八雲べに】,https://www.youtube.com/watch?v=uLXD_ArWHnQ&t=7131s,1:58:51,イベントと配信お疲れ様です。私は今月でジムに通って4年目になります。ベンチプレスが80kgまで上げれるようになりました。最近腹筋に血管が出るようになって体脂肪率測ってみたら7.9%でした。ダイエット感覚で行ってたジムでしたが気づいたら習慣化してました,@yuna-99xyz,八雲べに,2026-03-24T09:55:23Z
【雑談】 燃え尽き談【ぶいすぽ/八雲べに】,https://www.youtube.com/watch?v=uLXD_ArWHnQ&t=8082s,2:14:42,えっど,@ShimeSaba_1011,八雲べに,2026-03-24T09:55:23Z
【雑談】 燃え尽き談【ぶいすぽ/八雲べに】,https://www.youtube.com/watch?v=uLXD_ArWHnQ&t=9082s,2:31:22,えっど,@ShimeSaba_1011,八雲べに,2026-03-24T09:55:23Z
【雑談】 燃え尽き談【ぶいすぽ/八雲べに】,https://www.youtube.com/watch?v=uLXD_ArWHnQ&t=9086s,2:31:26,なんかえっどいｗ,@KaniCresent,八雲べに,2026-03-24T09:55:23Z
【雑談】 燃え尽き談【ぶいすぽ/八雲べに】,https://www.youtube.com/watch?v=uLXD_ArWHnQ&t=9101s,2:31:41,えっど,@Genius_JP,八雲べに,2026-03-24T09:55:23Z
【雑談】 燃え尽き談【ぶいすぽ/八雲べに】,https://www.youtube.com/watch?v=uLXD_ArWHnQ&t=9380s,2:36:20,えっど,@ぴょまえのジーニョ,八雲べに,2026-03-24T09:55:23Z
【雑談】 燃え尽き談【ぶいすぽ/八雲べに】,https://www.youtube.com/watch?v=uLXD_ArWHnQ&t=9382s,2:36:22,えっど,@神無月健二,八雲べに,2026-03-24T09:55:23Z
【雑談】 燃え尽き談【ぶいすぽ/八雲べに】,https://www.youtube.com/watch?v=uLXD_ArWHnQ&t=9385s,2:36:25,えっどｗ,@ざく-zaku,八雲べに,2026-03-24T09:55:23Z
【雑談】 燃え尽き談【ぶいすぽ/八雲べに】,https://www.youtube.com/watch?v=uLXD_ArWHnQ&t=9388s,2:36:28,えっど,@Genius_JP,八雲べに,2026-03-24T09:55:23Z
【雑談】 燃え尽き談【ぶいすぽ/八雲べに】,https://www.youtube.com/watch?v=uLXD_ArWHnQ&t=9713s,2:41:53,えっど,@平宮いわし,八雲べに,2026-03-24T09:55:23Z
【雑談】 燃え尽き談【ぶいすぽ/八雲べに】,https://www.youtube.com/watch?v=uLXD_ArWHnQ&t=10494s,2:54:54,えっど,@moon46_game,八雲べに,2026-03-24T09:55:23Z
【雑談】 燃え尽き談【ぶいすぽ/八雲べに】,https://www.youtube.com/watch?v=uLXD_ArWHnQ&t=10496s,2:54:56,えっど,@平宮いわし,八雲べに,2026-03-24T09:55:23Z
【雑談】 燃え尽き談【ぶいすぽ/八雲べに】,https://www.youtube.com/watch?v=uLXD_ArWHnQ&t=10496s,2:54:56,えっど,@T4KU_93,八雲べに,2026-03-24T09:55:23Z
【雑談】 燃え尽き談【ぶいすぽ/八雲べに】,https://www.youtube.com/watch?v=uLXD_ArWHnQ&t=10497s,2:54:57,えっど,@negaeden,八雲べに,2026-03-24T09:55:23Z
【雑談】 燃え尽き談【ぶいすぽ/八雲べに】,https://www.youtube.com/watch?v=uLXD_ArWHnQ&t=10499s,2:54:59,えっど,@るる-z4i8p,八雲べに,2026-03-24T09:55:23Z
【雑談】 燃え尽き談【ぶいすぽ/八雲べに】,https://www.youtube.com/watch?v=uLXD_ArWHnQ&t=10500s,2:55:00,えっど,@Genius_JP,八雲べに,2026-03-24T09:55:23Z
【雑談】 燃え尽き談【ぶいすぽ/八雲べに】,https://www.youtube.com/watch?v=uLXD_ArWHnQ&t=10502s,2:55:02,えっど,@daifuku__b,八雲べに,2026-03-24T09:55:23Z
【雑談】 燃え尽き談【ぶいすぽ/八雲べに】,https://www.youtube.com/watch?v=uLXD_ArWHnQ&t=10747s,2:59:07,えっど,@Genius_JP,八雲べに,2026-03-24T09:55:23Z
【雑談】 燃え尽き談【ぶいすぽ/八雲べに】,https://www.youtube.com/watch?v=uLXD_ArWHnQ&t=11005s,3:03:25,えっど,@ジュン万次郎-t4j,八雲べに,2026-03-24T09:55:23Z
【雑談】 燃え尽き談【ぶいすぽ/八雲べに】,https://www.youtube.com/watch?v=uLXD_ArWHnQ&t=11005s,3:03:25,えっど,@Naturalgift5-m6w,八雲べに,2026-03-24T09:55:23Z
【雑談】 燃え尽き談【ぶいすぽ/八雲べに】,https://www.youtube.com/watch?v=uLXD_ArWHnQ&t=11011s,3:03:31,えっど,@Genius_JP,八雲べに,2026-03-24T09:55:23Z
【APEX】 春のAPEX→LOL /wひなのうるは【ぶいすぽ/八雲べに】,https://www.youtube.com/watch?v=a2t2KIYI5wQ&t=243s,4:03,えっど,@hajime-61,八雲べに,2026-04-03T15:04:23Z
【APEX】 春のAPEX→LOL /wひなのうるは【ぶいすぽ/八雲べに】,https://www.youtube.com/watch?v=a2t2KIYI5wQ&t=1357s,22:37,まあスピードは筋肉だから,@めーぷる369x,八雲べに,2026-04-03T15:04:23Z
【APEX】 今日も花よりペクス /wひなーのなずぴ【ぶいすぽ/八雲べに】,https://www.youtube.com/watch?v=kdrPRLcRolc&t=4386s,1:13:06,えっど,@rally_subaru_22b85,八雲べに,2026-04-04T15:37:57Z
【APEX】 今日も花よりペクス /wひなーのなずぴ【ぶいすぽ/八雲べに】,https://www.youtube.com/watch?v=kdrPRLcRolc&t=4455s,1:14:15,えっど,@モコ-n3w,八雲べに,2026-04-04T15:37:57Z
【APEX】 今日も花よりペクス /wひなーのなずぴ【ぶいすぽ/八雲べに】,https://www.youtube.com/watch?v=kdrPRLcRolc&t=4456s,1:14:16,えっど！,@神無月健二,八雲べに,2026-04-04T15:37:57Z
【APEX】 今日も花よりペクス /wひなーのなずぴ【ぶいすぽ/八雲べに】,https://www.youtube.com/watch?v=kdrPRLcRolc&t=4456s,1:14:16,えっど,@himegamikuon,八雲べに,2026-04-04T15:37:57Z
【APEX】 今日も花よりペクス /wひなーのなずぴ【ぶいすぽ/八雲べに】,https://www.youtube.com/watch?v=kdrPRLcRolc&t=4460s,1:14:20,えっど,@saki_13723,八雲べに,2026-04-04T15:37:57Z
【APEX】 今日も花よりペクス /wひなーのなずぴ【ぶいすぽ/八雲べに】,https://www.youtube.com/watch?v=kdrPRLcRolc&t=4464s,1:14:24,でっけえ、えっどいべにきた！,@Ria_429,八雲べに,2026-04-04T15:37:57Z
【APEX】 今日も花よりペクス /wひなーのなずぴ【ぶいすぽ/八雲べに】,https://www.youtube.com/watch?v=kdrPRLcRolc&t=7621s,2:07:01,えっど,@あんころもち896,八雲べに,2026-04-04T15:37:57Z
【APEX】 今日も花よりペクス /wひなーのなずぴ【ぶいすぽ/八雲べに】,https://www.youtube.com/watch?v=kdrPRLcRolc&t=9621s,2:40:21,えっど,@hajime-61,八雲べに,2026-04-04T15:37:57Z
【 Escape from Tarkov 】久々のタルコフ市はどうなってますか w/レーイド【ぶいすぽ/八雲べに】,https://www.youtube.com/watch?v=PkJs3rbspvs&t=6399s,1:46:39,えっど,@maaaaaaaaaaaahh,八雲べに,2026-04-08T18:20:23Z
【 Escape from Tarkov 】久々のタルコフ市はどうなってますか w/レーイド【ぶいすぽ/八雲べに】,https://www.youtube.com/watch?v=PkJs3rbspvs&t=22854s,6:20:54,裸えっど,@ジュン万次郎-t4j,八雲べに,2026-04-08T18:20:23Z
【雑談】 お話しよ～🌙ちょっとお知らせもあります【ぶいすぽ/八雲べに】,https://www.youtube.com/watch?v=sEgiWLU5w-w&t=715s,11:55,えっど,@Maro_Maro_416,八雲べに,2026-04-09T15:25:28Z
【雑談】 お話しよ～🌙ちょっとお知らせもあります【ぶいすぽ/八雲べに】,https://www.youtube.com/watch?v=sEgiWLU5w-w&t=720s,12:00,えっど,@kwtdesu,八雲べに,2026-04-09T15:25:28Z
【雑談】 お話しよ～🌙ちょっとお知らせもあります【ぶいすぽ/八雲べに】,https://www.youtube.com/watch?v=sEgiWLU5w-w&t=720s,12:00,えっど,@姫路ジョージ雑賀,八雲べに,2026-04-09T15:25:28Z
【雑談】 お話しよ～🌙ちょっとお知らせもあります【ぶいすぽ/八雲べに】,https://www.youtube.com/watch?v=sEgiWLU5w-w&t=1430s,23:50,えっど,@らっきょ1,八雲べに,2026-04-09T15:25:28Z
【雑談】 お話しよ～🌙ちょっとお知らせもあります【ぶいすぽ/八雲べに】,https://www.youtube.com/watch?v=sEgiWLU5w-w&t=1431s,23:51,えっど,@ぴょまえのジーニョ,八雲べに,2026-04-09T15:25:28Z
【雑談】 お話しよ～🌙ちょっとお知らせもあります【ぶいすぽ/八雲べに】,https://www.youtube.com/watch?v=sEgiWLU5w-w&t=1435s,23:55,えっど,@Maro_Maro_416,八雲べに,2026-04-09T15:25:28Z
【雑談】 お話しよ～🌙ちょっとお知らせもあります【ぶいすぽ/八雲べに】,https://www.youtube.com/watch?v=sEgiWLU5w-w&t=1443s,24:03,えっど,@Jolarish113,八雲べに,2026-04-09T15:25:28Z
【雑談】 お話しよ～🌙ちょっとお知らせもあります【ぶいすぽ/八雲べに】,https://www.youtube.com/watch?v=sEgiWLU5w-w&t=1539s,25:39,えっど,@ぐりむ0120,八雲べに,2026-04-09T15:25:28Z
【雑談】 お話しよ～🌙ちょっとお知らせもあります【ぶいすぽ/八雲べに】,https://www.youtube.com/watch?v=sEgiWLU5w-w&t=1556s,25:56,えっど,@oph0322,八雲べに,2026-04-09T15:25:28Z
【雑談】 お話しよ～🌙ちょっとお知らせもあります【ぶいすぽ/八雲べに】,https://www.youtube.com/watch?v=sEgiWLU5w-w&t=1842s,30:42,しもべに筋肉部隊出るしかねぇ,@あぶりしおえんがわ,八雲べに,2026-04-09T15:25:28Z
【雑談】 お話しよ～🌙ちょっとお知らせもあります【ぶいすぽ/八雲べに】,https://www.youtube.com/watch?v=sEgiWLU5w-w&t=1905s,31:45,えっど,@Maro_Maro_416,八雲べに,2026-04-09T15:25:28Z
【雑談】 お話しよ～🌙ちょっとお知らせもあります【ぶいすぽ/八雲べに】,https://www.youtube.com/watch?v=sEgiWLU5w-w&t=1905s,31:45,えっど,@ぐれぐれぽん,八雲べに,2026-04-09T15:25:28Z
【雑談】 お話しよ～🌙ちょっとお知らせもあります【ぶいすぽ/八雲べに】,https://www.youtube.com/watch?v=sEgiWLU5w-w&t=2027s,33:47,ママの服装えっど,@moon46_game,八雲べに,2026-04-09T15:25:28Z
【雑談】 お話しよ～🌙ちょっとお知らせもあります【ぶいすぽ/八雲べに】,https://www.youtube.com/watch?v=sEgiWLU5w-w&t=2032s,33:52,ママえっどすぎ,@ソンナバナナオト,八雲べに,2026-04-09T15:25:28Z
【雑談】 お話しよ～🌙ちょっとお知らせもあります【ぶいすぽ/八雲べに】,https://www.youtube.com/watch?v=sEgiWLU5w-w&t=3518s,58:38,えっど,@hajime-61,八雲べに,2026-04-09T15:25:28Z
【雑談】 お話しよ～🌙ちょっとお知らせもあります【ぶいすぽ/八雲べに】,https://www.youtube.com/watch?v=sEgiWLU5w-w&t=3735s,1:02:15,えっど,@あんころもち896,八雲べに,2026-04-09T15:25:28Z
【雑談】 お話しよ～🌙ちょっとお知らせもあります【ぶいすぽ/八雲べに】,https://www.youtube.com/watch?v=sEgiWLU5w-w&t=3994s,1:06:34,あんなに腹筋してたのに,@Suzu896,八雲べに,2026-04-09T15:25:28Z
【雑談】 お話しよ～🌙ちょっとお知らせもあります【ぶいすぽ/八雲べに】,https://www.youtube.com/watch?v=sEgiWLU5w-w&t=9121s,2:32:01,筋肉がなくなっていくからね,@スティービー,八雲べに,2026-04-09T15:25:28Z
【雑談】 お話しよ～🌙ちょっとお知らせもあります【ぶいすぽ/八雲べに】,https://www.youtube.com/watch?v=sEgiWLU5w-w&t=9135s,2:32:15,顔の筋肉衰えてきてたるんでくるんだよね,@モコ-n3w,八雲べに,2026-04-09T15:25:28Z
【 Escape from Tarkov 】kappaの味知りてぇなぁ w/レーイド【ぶいすぽ/八雲べに】,https://www.youtube.com/watch?v=gOx9pwvnRyY&t=842s,14:02,レイド君筋肉あるんか,@K葉山,八雲べに,2026-04-13T17:53:05Z
【 Escape from Tarkov 】kappaの味知りてぇなぁ w/レーイド【ぶいすぽ/八雲べに】,https://www.youtube.com/watch?v=gOx9pwvnRyY&t=843s,14:03,筋肉無いくせに,@わがえでん,八雲べに,2026-04-13T17:53:05Z
【 Escape from Tarkov 】kappaの味知りてぇなぁ w/レーイド【ぶいすぽ/八雲べに】,https://www.youtube.com/watch?v=gOx9pwvnRyY&t=3809s,1:03:29,筋肉は偉大,@シャトーブリアン涼太,八雲べに,2026-04-13T17:53:05Z
【 Escape from Tarkov 】kappaの味知りてぇなぁ w/レーイド【ぶいすぽ/八雲べに】,https://www.youtube.com/watch?v=gOx9pwvnRyY&t=12680s,3:31:20,割とべに様よりえっどい抱き枕のイラスト,@鈴白-p8j,八雲べに,2026-04-13T17:53:05Z
【APEX】濃いフルパぺくすが始まる w/ ツ、ルギ、ファン太【ぶいすぽ/八雲べに】,https://www.youtube.com/watch?v=JAkgG0Q6k3Q&t=2334s,38:54,筋肉で決めはしないってことか,@アポロキング,八雲べに,2026-04-14T16:28:46Z
【APEX】濃いフルパぺくすが始まる w/ ツ、ルギ、ファン太【ぶいすぽ/八雲べに】,https://www.youtube.com/watch?v=JAkgG0Q6k3Q&t=2354s,39:14,筋肉といえば亀仙人,@やっさ-j9i,八雲べに,2026-04-14T16:28:46Z
【APEX】濃いフルパぺくすが始まる w/ ツ、ルギ、ファン太【ぶいすぽ/八雲べに】,https://www.youtube.com/watch?v=JAkgG0Q6k3Q&t=5082s,1:24:42,みらたんぐさんはえぐい筋肉,@なーさん10,八雲べに,2026-04-14T16:28:46Z
【 Escape from Tarkov 】キルタスクやるぞ！！！ w/rassya【ぶいすぽ/八雲べに】,https://www.youtube.com/watch?v=SgZMEVXjAno&t=12459s,3:27:39,心くんは筋肉もでかい,@すけさん-896,八雲べに,2026-04-15T10:38:25Z
【雑談】スナックべにアフター会場🍷【ぶいすぽ/八雲べに】,https://www.youtube.com/watch?v=FzaMvgTL_c8&t=1254s,20:54,えっど,@Maro_Maro_416,八雲べに,2026-04-16T16:51:21Z
【雑談】スナックべにアフター会場🍷【ぶいすぽ/八雲べに】,https://www.youtube.com/watch?v=FzaMvgTL_c8&t=1262s,21:02,えっど,@となしばです,八雲べに,2026-04-16T16:51:21Z
【雑談】スナックべにアフター会場🍷【ぶいすぽ/八雲べに】,https://www.youtube.com/watch?v=FzaMvgTL_c8&t=1424s,23:44,えっどいなあ,@ムーンストーン-MS,八雲べに,2026-04-16T16:51:21Z
【雑談】スナックべにアフター会場🍷【ぶいすぽ/八雲べに】,https://www.youtube.com/watch?v=FzaMvgTL_c8&t=2622s,43:42,えっど,@0q0_ハルhal_896,八雲べに,2026-04-16T16:51:21Z
【雑談】スナックべにアフター会場🍷【ぶいすぽ/八雲べに】,https://www.youtube.com/watch?v=FzaMvgTL_c8&t=2626s,43:46,えっど,@yui1yui,八雲べに,2026-04-16T16:51:21Z
【雑談】スナックべにアフター会場🍷【ぶいすぽ/八雲べに】,https://www.youtube.com/watch?v=FzaMvgTL_c8&t=2626s,43:46,えっど,@らっきょ1,八雲べに,2026-04-16T16:51:21Z
【雑談】スナックべにアフター会場🍷【ぶいすぽ/八雲べに】,https://www.youtube.com/watch?v=FzaMvgTL_c8&t=3938s,1:05:38,筋肉ダルマのマザーさんと戦う猛者いる？ｗ,@ブービー_106kh,八雲べに,2026-04-16T16:51:21Z
【雑談】スナックべにアフター会場🍷【ぶいすぽ/八雲べに】,https://www.youtube.com/watch?v=FzaMvgTL_c8&t=4146s,1:09:06,筋肉あれば強そう,@シャトーブリアン涼太,八雲べに,2026-04-16T16:51:21Z
【雑談】スナックべにアフター会場🍷【ぶいすぽ/八雲べに】,https://www.youtube.com/watch?v=FzaMvgTL_c8&t=4162s,1:09:22,筋肉も使わないとね,@Maro_Maro_416,八雲べに,2026-04-16T16:51:21Z
【雑談】スナックべにアフター会場🍷【ぶいすぽ/八雲べに】,https://www.youtube.com/watch?v=FzaMvgTL_c8&t=4199s,1:09:59,体重減る時はまず筋肉からだからね,@スティービー,八雲べに,2026-04-16T16:51:21Z
【雑談】スナックべにアフター会場🍷【ぶいすぽ/八雲べに】,https://www.youtube.com/watch?v=FzaMvgTL_c8&t=4209s,1:10:09,脂肪が増えて筋肉落ちて痩せた感じか,@1158日ぷーたろー,八雲べに,2026-04-16T16:51:21Z
【雑談】スナックべにアフター会場🍷【ぶいすぽ/八雲べに】,https://www.youtube.com/watch?v=FzaMvgTL_c8&t=4227s,1:10:27,腹筋割れてた？,@hatosaburo7,八雲べに,2026-04-16T16:51:21Z
【雑談】スナックべにアフター会場🍷【ぶいすぽ/八雲べに】,https://www.youtube.com/watch?v=FzaMvgTL_c8&t=4634s,1:17:14,えっど,@l_TAT_l,八雲べに,2026-04-16T16:51:21Z
【雑談】スナックべにアフター会場🍷【ぶいすぽ/八雲べに】,https://www.youtube.com/watch?v=FzaMvgTL_c8&t=4642s,1:17:22,えっど,@浪漫わたなべ,八雲べに,2026-04-16T16:51:21Z
【雑談】スナックべにアフター会場🍷【ぶいすぽ/八雲べに】,https://www.youtube.com/watch?v=FzaMvgTL_c8&t=5335s,1:28:55,えっど,@こうちゃん-p3f,八雲べに,2026-04-16T16:51:21Z
【雑談】スナックべにアフター会場🍷【ぶいすぽ/八雲べに】,https://www.youtube.com/watch?v=FzaMvgTL_c8&t=5348s,1:29:08,初期衣装がえっどだからなぁｗ,@ジャック_ラファール,八雲べに,2026-04-16T16:51:21Z
【雑談】スナックべにアフター会場🍷【ぶいすぽ/八雲べに】,https://www.youtube.com/watch?v=FzaMvgTL_c8&t=5400s,1:30:00,３周年はえっどすぎる,@こうちゃん-p3f,八雲べに,2026-04-16T16:51:21Z
【雑談】スナックべにアフター会場🍷【ぶいすぽ/八雲べに】,https://www.youtube.com/watch?v=FzaMvgTL_c8&t=7124s,1:58:44,えっど,@m_shigaraki,八雲べに,2026-04-16T16:51:21Z
【雑談】スナックべにアフター会場🍷【ぶいすぽ/八雲べに】,https://www.youtube.com/watch?v=FzaMvgTL_c8&t=7132s,1:58:52,えっどいね,@fallingmoon3586,八雲べに,2026-04-16T16:51:21Z
【雑談】スナックべにアフター会場🍷【ぶいすぽ/八雲べに】,https://www.youtube.com/watch?v=FzaMvgTL_c8&t=7884s,2:11:24,俺もエロゲのえっどなシーン全スキップするから申し訳ない気持ちでいっぱいです,@フリーランサー-e7k,八雲べに,2026-04-16T16:51:21Z
【 Escape from Tarkov 】キルタスク頑張ってみるか～～【ぶいすぽ/八雲べに】,https://www.youtube.com/watch?v=cJbl6UrbqDg&t=2259s,37:39,えっど,@オーガニックDG,八雲べに,2026-04-20T17:13:28Z
【 Escape from Tarkov 】キルタスク頑張ってみるか～～【ぶいすぽ/八雲べに】,https://www.youtube.com/watch?v=cJbl6UrbqDg&t=2262s,37:42,えっど,@しにだ_あすお,八雲べに,2026-04-20T17:13:28Z
【 Escape from Tarkov 】キルタスク頑張ってみるか～～【ぶいすぽ/八雲べに】,https://www.youtube.com/watch?v=cJbl6UrbqDg&t=2263s,37:43,えっど,@Sakuraba_2704,八雲べに,2026-04-20T17:13:28Z
【 Escape from Tarkov 】キルタスク頑張ってみるか～～【ぶいすぽ/八雲べに】,https://www.youtube.com/watch?v=cJbl6UrbqDg&t=2266s,37:46,えっど,@VES-JII,八雲べに,2026-04-20T17:13:28Z
【 Escape from Tarkov 】キルタスク頑張ってみるか～～【ぶいすぽ/八雲べに】,https://www.youtube.com/watch?v=cJbl6UrbqDg&t=2266s,37:46,えっど,@ツルピロ-y8t,八雲べに,2026-04-20T17:13:28Z
【 Escape from Tarkov 】キルタスク頑張ってみるか～～【ぶいすぽ/八雲べに】,https://www.youtube.com/watch?v=cJbl6UrbqDg&t=2270s,37:50,えっど,@saki_13723,八雲べに,2026-04-20T17:13:28Z
【 Escape from Tarkov 】キルタスク頑張ってみるか～～【ぶいすぽ/八雲べに】,https://www.youtube.com/watch?v=cJbl6UrbqDg&t=2271s,37:51,えっど,@Haru-cm5bk,八雲べに,2026-04-20T17:13:28Z
【 Escape from Tarkov 】キルタスク頑張ってみるか～～【ぶいすぽ/八雲べに】,https://www.youtube.com/watch?v=cJbl6UrbqDg&t=5257s,1:27:37,えっど,@ギアふっしー,八雲べに,2026-04-20T17:13:28Z
【 Escape from Tarkov 】キルタスク頑張ってみるか～～【ぶいすぽ/八雲べに】,https://www.youtube.com/watch?v=cJbl6UrbqDg&t=5796s,1:36:36,えっどｗ,@ざく-zaku,八雲べに,2026-04-20T17:13:28Z
【 Escape from Tarkov 】キルタスク頑張ってみるか～～【ぶいすぽ/八雲べに】,https://www.youtube.com/watch?v=cJbl6UrbqDg&t=5812s,1:36:52,結局筋肉かぁ,@arccerberus,八雲べに,2026-04-20T17:13:28Z
【 Escape from Tarkov 】キルタスク頑張ってみるか～～【ぶいすぽ/八雲べに】,https://www.youtube.com/watch?v=cJbl6UrbqDg&t=10605s,2:56:45,えっど,@オーガニックDG,八雲べに,2026-04-20T17:13:28Z
【 Escape from Tarkov 】キルタスク頑張ってみるか～～【ぶいすぽ/八雲べに】,https://www.youtube.com/watch?v=cJbl6UrbqDg&t=10606s,2:56:46,えっど,@らっきょ1,八雲べに,2026-04-20T17:13:28Z
【APEX】癒し系ぶいすぽペクス【ぶいすぽ/八雲べに】,https://www.youtube.com/watch?v=oTqKAq99BFA&t=12425s,3:27:05,このワトは腹筋割れてそう,@あんころもち896,八雲べに,2026-04-22T15:00:57Z
【勝利の女神:NIKKE】新キャラと新イベきた～！アニス応援団いくぞ🌠♡【ぶいすぽ/八雲べに】,https://www.youtube.com/watch?v=2gTJkX8R3zk&t=334s,5:34,むちむちえっど,@EniX_DDD,八雲べに,2026-04-24T12:48:52Z
【勝利の女神:NIKKE】新キャラと新イベきた～！アニス応援団いくぞ🌠♡【ぶいすぽ/八雲べに】,https://www.youtube.com/watch?v=2gTJkX8R3zk&t=352s,5:52,えっど,@いなぽんFA,八雲べに,2026-04-24T12:48:52Z
【勝利の女神:NIKKE】新キャラと新イベきた～！アニス応援団いくぞ🌠♡【ぶいすぽ/八雲べに】,https://www.youtube.com/watch?v=2gTJkX8R3zk&t=461s,7:41,えっど,@カラテン-d8v,八雲べに,2026-04-24T12:48:52Z
【勝利の女神:NIKKE】新キャラと新イベきた～！アニス応援団いくぞ🌠♡【ぶいすぽ/八雲べに】,https://www.youtube.com/watch?v=2gTJkX8R3zk&t=508s,8:28,えっど,@らっっっちょ,八雲べに,2026-04-24T12:48:52Z
【勝利の女神:NIKKE】新キャラと新イベきた～！アニス応援団いくぞ🌠♡【ぶいすぽ/八雲べに】,https://www.youtube.com/watch?v=2gTJkX8R3zk&t=613s,10:13,えっど！！！,@kiraha963,八雲べに,2026-04-24T12:48:52Z
【勝利の女神:NIKKE】新キャラと新イベきた～！アニス応援団いくぞ🌠♡【ぶいすぽ/八雲べに】,https://www.youtube.com/watch?v=2gTJkX8R3zk&t=671s,11:11,えっど,@和みん-n4t,八雲べに,2026-04-24T12:48:52Z
【勝利の女神:NIKKE】新キャラと新イベきた～！アニス応援団いくぞ🌠♡【ぶいすぽ/八雲べに】,https://www.youtube.com/watch?v=2gTJkX8R3zk&t=936s,15:36,えっど,@chiyu0915,八雲べに,2026-04-24T12:48:52Z
【勝利の女神:NIKKE】新キャラと新イベきた～！アニス応援団いくぞ🌠♡【ぶいすぽ/八雲べに】,https://www.youtube.com/watch?v=2gTJkX8R3zk&t=998s,16:38,えっど,@ナズヨ様,八雲べに,2026-04-24T12:48:52Z
【勝利の女神:NIKKE】新キャラと新イベきた～！アニス応援団いくぞ🌠♡【ぶいすぽ/八雲べに】,https://www.youtube.com/watch?v=2gTJkX8R3zk&t=1150s,19:10,えっど,@hatimiya,八雲べに,2026-04-24T12:48:52Z
【勝利の女神:NIKKE】新キャラと新イベきた～！アニス応援団いくぞ🌠♡【ぶいすぽ/八雲べに】,https://www.youtube.com/watch?v=2gTJkX8R3zk&t=1819s,30:19,えっど,@kwtdesu,八雲べに,2026-04-24T12:48:52Z
【勝利の女神:NIKKE】新キャラと新イベきた～！アニス応援団いくぞ🌠♡【ぶいすぽ/八雲べに】,https://www.youtube.com/watch?v=2gTJkX8R3zk&t=2008s,33:28,えっど,@ケンケン-g1t,八雲べに,2026-04-24T12:48:52Z
【勝利の女神:NIKKE】新キャラと新イベきた～！アニス応援団いくぞ🌠♡【ぶいすぽ/八雲べに】,https://www.youtube.com/watch?v=2gTJkX8R3zk&t=2013s,33:33,えっど,@a.かいわれ,八雲べに,2026-04-24T12:48:52Z
【勝利の女神:NIKKE】新キャラと新イベきた～！アニス応援団いくぞ🌠♡【ぶいすぽ/八雲べに】,https://www.youtube.com/watch?v=2gTJkX8R3zk&t=2013s,33:33,えっど,@はるひこ-69,八雲べに,2026-04-24T12:48:52Z
【勝利の女神:NIKKE】新キャラと新イベきた～！アニス応援団いくぞ🌠♡【ぶいすぽ/八雲べに】,https://www.youtube.com/watch?v=2gTJkX8R3zk&t=2015s,33:35,えっど,@らっきょ1,八雲べに,2026-04-24T12:48:52Z
【勝利の女神:NIKKE】新キャラと新イベきた～！アニス応援団いくぞ🌠♡【ぶいすぽ/八雲べに】,https://www.youtube.com/watch?v=2gTJkX8R3zk&t=2150s,35:50,ベスティはタクティクルがえっどいぞ,@ラズ-Razz,八雲べに,2026-04-24T12:48:52Z
【勝利の女神:NIKKE】新キャラと新イベきた～！アニス応援団いくぞ🌠♡【ぶいすぽ/八雲べに】,https://www.youtube.com/watch?v=2gTJkX8R3zk&t=3566s,59:26,腹筋いいね,@hanabi88,八雲べに,2026-04-24T12:48:52Z
【勝利の女神:NIKKE】新キャラと新イベきた～！アニス応援団いくぞ🌠♡【ぶいすぽ/八雲べに】,https://www.youtube.com/watch?v=2gTJkX8R3zk&t=4805s,1:20:05,プリカの腹筋手のひらで撫でたい部,@paranoiaandroid6516,八雲べに,2026-04-24T12:48:52Z
【勝利の女神:NIKKE】新キャラと新イベきた～！アニス応援団いくぞ🌠♡【ぶいすぽ/八雲べに】,https://www.youtube.com/watch?v=2gTJkX8R3zk&t=5200s,1:26:40,えっどｗ,@Emraldエメラルド,八雲べに,2026-04-24T12:48:52Z
【勝利の女神:NIKKE】新キャラと新イベきた～！アニス応援団いくぞ🌠♡【ぶいすぽ/八雲べに】,https://www.youtube.com/watch?v=2gTJkX8R3zk&t=9479s,2:37:59,筋肉痛になりそう,@シャトーブリアン涼太,八雲べに,2026-04-24T12:48:52Z
【雑談】寝ざつ🍻【ぶいすぽ/八雲べに】,https://www.youtube.com/watch?v=40uKqy61xJY&t=4352s,1:12:32,えっど,@ゆうれい-yurei,八雲べに,2026-04-24T17:56:10Z
【雑談】寝ざつ🍻【ぶいすぽ/八雲べに】,https://www.youtube.com/watch?v=40uKqy61xJY&t=4356s,1:12:36,えっどｗ,@peu__ぺう,八雲べに,2026-04-24T17:56:10Z
【雑談】寝ざつ🍻【ぶいすぽ/八雲べに】,https://www.youtube.com/watch?v=40uKqy61xJY&t=4359s,1:12:39,えっど！,@神無月健二,八雲べに,2026-04-24T17:56:10Z
【雑談】寝ざつ🍻【ぶいすぽ/八雲べに】,https://www.youtube.com/watch?v=40uKqy61xJY&t=4359s,1:12:39,えっど,@jsbotashu,八雲べに,2026-04-24T17:56:10Z
【雑談】寝ざつ🍻【ぶいすぽ/八雲べに】,https://www.youtube.com/watch?v=40uKqy61xJY&t=4364s,1:12:44,えっど,@saki_13723,八雲べに,2026-04-24T17:56:10Z
【雑談】寝ざつ🍻【ぶいすぽ/八雲べに】,https://www.youtube.com/watch?v=40uKqy61xJY&t=4367s,1:12:47,えっど,@g16e-gts-rzhp,八雲べに,2026-04-24T17:56:10Z
【雑談】寝ざつ🍻【ぶいすぽ/八雲べに】,https://www.youtube.com/watch?v=40uKqy61xJY&t=4371s,1:12:51,えっど,@れい-96e,八雲べに,2026-04-24T17:56:10Z
【雑談】寝ざつ🍻【ぶいすぽ/八雲べに】,https://www.youtube.com/watch?v=40uKqy61xJY&t=4394s,1:13:14,えっどいだろ,@カラス-1015,八雲べに,2026-04-24T17:56:10Z
【雑談】寝ざつ🍻【ぶいすぽ/八雲べに】,https://www.youtube.com/watch?v=40uKqy61xJY&t=7529s,2:05:29,えっど,@641-i1u,八雲べに,2026-04-24T17:56:10Z
【雑談】寝ざつ🍻【ぶいすぽ/八雲べに】,https://www.youtube.com/watch?v=40uKqy61xJY&t=7530s,2:05:30,えっど,@none2365,八雲べに,2026-04-24T17:56:10Z
【雑談】寝ざつ🍻【ぶいすぽ/八雲べに】,https://www.youtube.com/watch?v=40uKqy61xJY&t=7535s,2:05:35,えっど,@ShimeSaba_1011,八雲べに,2026-04-24T17:56:10Z
【雑談】寝ざつ🍻【ぶいすぽ/八雲べに】,https://www.youtube.com/watch?v=40uKqy61xJY&t=7633s,2:07:13,こんばんは！スポーツ推薦で入った大学4年の女子です。 前日大学の陸上の大会があり結果は3位でした。去年は体つくりを頑張り筋肉で体重が約3kg増えましたが、今日ジムで体脂肪率測ったら女性ですが5.9%でした。気づいたら腹筋やふくらはぎに血管も出たりして姉に男かよって笑われました。べにさんは何部でしたか,@hina-like68,八雲べに,2026-04-24T17:56:10Z
【雑談】寝ざつ🍻【ぶいすぽ/八雲べに】,https://www.youtube.com/watch?v=40uKqy61xJY&t=9496s,2:38:16,なんかえっど,@お団子太郎-p9y,八雲べに,2026-04-24T17:56:10Z
【雑談】寝ざつ🍻【ぶいすぽ/八雲べに】,https://www.youtube.com/watch?v=40uKqy61xJY&t=9654s,2:40:54,お疲れ様です。昨日、健康診断があり去年に比べてウエストが2cm細くなり51.2cmでした。体重は161/48で担当の人にスタイル良いって褒められて嬉しかったです。今年は海とバーベキューの予定があるので、パーソナルで夏までにお尻を鍛えたいです。べにさんは女性のキュンとする筋肉はありますか？,@lisa-9675,八雲べに,2026-04-24T17:56:10Z
【雑談】寝ざつ🍻【ぶいすぽ/八雲べに】,https://www.youtube.com/watch?v=40uKqy61xJY&t=11148s,3:05:48,えっど,@しにだ_あすお,八雲べに,2026-04-24T17:56:10Z
【雑談】寝ざつ🍻【ぶいすぽ/八雲べに】,https://www.youtube.com/watch?v=40uKqy61xJY&t=11151s,3:05:51,えっど,@hatosaburo7,八雲べに,2026-04-24T17:56:10Z
【雑談】寝ざつ🍻【ぶいすぽ/八雲べに】,https://www.youtube.com/watch?v=40uKqy61xJY&t=12056s,3:20:56,えっど,@しにだ_あすお,八雲べに,2026-04-24T17:56:10Z
【雑談】寝ざつ🍻【ぶいすぽ/八雲べに】,https://www.youtube.com/watch?v=40uKqy61xJY&t=12263s,3:24:23,えっど,@モコ-n3w,八雲べに,2026-04-24T17:56:10Z
【 Escape from Tarkov 】さて、と。【ぶいすぽ/八雲べに】,https://www.youtube.com/watch?v=4iZZxi-08VQ&t=6566s,1:49:26,えっど,@-tukinowa-,八雲べに,2026-04-25T15:59:02Z
【 Escape from Tarkov 】さて、と。【ぶいすぽ/八雲べに】,https://www.youtube.com/watch?v=4iZZxi-08VQ&t=6568s,1:49:28,えっど,@crazyjerkin1040,八雲べに,2026-04-25T15:59:02Z
【 Escape from Tarkov 】さて、と。【ぶいすぽ/八雲べに】,https://www.youtube.com/watch?v=4iZZxi-08VQ&t=12368s,3:26:08,えっど,@cestlavieセラヴィ,八雲べに,2026-04-25T15:59:02Z
【 Escape from Tarkov 】さて、と。【ぶいすぽ/八雲べに】,https://www.youtube.com/watch?v=4iZZxi-08VQ&t=13419s,3:43:39,えっど,@Maro_Maro_416,八雲べに,2026-04-25T15:59:02Z
【 Escape from Tarkov 】さて、と。【ぶいすぽ/八雲べに】,https://www.youtube.com/watch?v=4iZZxi-08VQ&t=13443s,3:44:03,えっど,@らっきょ1,八雲べに,2026-04-25T15:59:02Z
【 Escape from Tarkov 】テスドラpart2 @3KILL【ぶいすぽ/八雲べに】,https://www.youtube.com/watch?v=v86J2OIU8XY&t=4984s,1:23:04,えっど,@yaichan-r4x,八雲べに,2026-04-26T10:15:52Z
【 Escape from Tarkov 】テスドラPart3とパニ5❕Lv38~ w/レイドエニ【ぶいすぽ/八雲べに】,https://www.youtube.com/watch?v=cN8mLHSWFWQ&t=25723s,7:08:43,えっど,@あんぽんたん-z5c,八雲べに,2026-04-28T19:05:19Z
【 Escape from Tarkov 】パニ５終わらせますか Lv38~【ぶいすぽ/八雲べに】,https://www.youtube.com/watch?v=w3El3shuUpE&t=376s,6:16,使う筋肉違う感じか,@RioLun-g2r,八雲べに,2026-05-01T08:46:00Z
【 Escape from Tarkov 】パニ５終わらせますか Lv38~【ぶいすぽ/八雲べに】,https://www.youtube.com/watch?v=w3El3shuUpE&t=3103s,51:43,えっど,@すぎおま,八雲べに,2026-05-01T08:46:00Z
【 Escape from Tarkov 】テスドラ３終わらせますか Lv38~【ぶいすぽ/八雲べに】,https://www.youtube.com/watch?v=4PaxeAED6Ac&t=8189s,2:16:29,空腹の時に運動すると筋肉萎むんだっけか,@てけりり-k4n,八雲べに,2026-05-03T17:51:34Z
【 Escape from Tarkov 】テスドラ３終わらせますか Lv38~【ぶいすぽ/八雲べに】,https://www.youtube.com/watch?v=4PaxeAED6Ac&t=9905s,2:45:05,えっど,@TNT-999-0w0,八雲べに,2026-05-03T17:51:34Z
【 Escape from Tarkov 】テスドラ３終わらせますか Lv38~【ぶいすぽ/八雲べに】,https://www.youtube.com/watch?v=4PaxeAED6Ac&t=9909s,2:45:09,えっどボイスに負けたタルコフくん,@ここのん_0,八雲べに,2026-05-03T17:51:34Z
【 Escape from Tarkov 】テスドラ３終わらせますか Lv38~【ぶいすぽ/八雲べに】,https://www.youtube.com/watch?v=4PaxeAED6Ac&t=11638s,3:13:58,筋肉痛なら気持ちいい,@DK宮,八雲べに,2026-05-03T17:51:34Z
【 Escape from Tarkov 】テスドラ３終わらせますか Lv38~【ぶいすぽ/八雲べに】,https://www.youtube.com/watch?v=4PaxeAED6Ac&t=11669s,3:14:29,筋肉痛を伸ばすの気持ちいいのに似てる…！…か？,@himegamikuon,八雲べに,2026-05-03T17:51:34Z
【 Escape from Tarkov 】テスドラ３終わらせますか Lv38~【ぶいすぽ/八雲べに】,https://www.youtube.com/watch?v=4PaxeAED6Ac&t=11677s,3:14:37,前なんか筋肉痛とかも言ってた気がする,@ubu_です,八雲べに,2026-05-03T17:51:34Z
【 Escape from Tarkov 】テスドラ３終わらせますか Lv38~【ぶいすぽ/八雲べに】,https://www.youtube.com/watch?v=4PaxeAED6Ac&t=11720s,3:15:20,おい俺の筋肉,@さとっぷ310,八雲べに,2026-05-03T17:51:34Z
【 Escape from Tarkov 】テスドラ３終わらせますか Lv38~【ぶいすぽ/八雲べに】,https://www.youtube.com/watch?v=4PaxeAED6Ac&t=12056s,3:20:56,えっどぉさ,@legoyoshi08,八雲べに,2026-05-03T17:51:34Z
【 Escape from Tarkov 】テスドラ３終わらせますか Lv38~【ぶいすぽ/八雲べに】,https://www.youtube.com/watch?v=4PaxeAED6Ac&t=14780s,4:06:20,腹筋で押し出すしか無い,@mifmif325,八雲べに,2026-05-03T17:51:34Z
【 Escape from Tarkov 】テスドラ３終わらせますか Lv38~【ぶいすぽ/八雲べに】,https://www.youtube.com/watch?v=4PaxeAED6Ac&t=15820s,4:23:40,えっど,@saki_13723,八雲べに,2026-05-03T17:51:34Z
【 Escape from Tarkov 】テスドラ３終わらせますか Lv38~【ぶいすぽ/八雲べに】,https://www.youtube.com/watch?v=4PaxeAED6Ac&t=17603s,4:53:23,えっど,@Maro_Maro_416,八雲べに,2026-05-03T17:51:34Z
【 Escape from Tarkov 】テスドラ３終わらせますか Lv38~【ぶいすぽ/八雲べに】,https://www.youtube.com/watch?v=4PaxeAED6Ac&t=17607s,4:53:27,えっど,@LinNe0fps,八雲べに,2026-05-03T17:51:34Z
【 Escape from Tarkov 】テスドラ３終わらせますか Lv38~【ぶいすぽ/八雲べに】,https://www.youtube.com/watch?v=4PaxeAED6Ac&t=17610s,4:53:30,えっど,@マサラオ_fnc,八雲べに,2026-05-03T17:51:34Z
【 Escape from Tarkov 】テスドラ３終わらせますか Lv38~【ぶいすぽ/八雲べに】,https://www.youtube.com/watch?v=4PaxeAED6Ac&t=17611s,4:53:31,えっど,@jiangwilly2625,八雲べに,2026-05-03T17:51:34Z
【 Escape from Tarkov 】テスドラ３終わらせますか Lv38~【ぶいすぽ/八雲べに】,https://www.youtube.com/watch?v=4PaxeAED6Ac&t=17647s,4:54:07,暑い言うただけでえっどいのなに,@jirou9814,八雲べに,2026-05-03T17:51:34Z
【 Escape from Tarkov 】テスドラ３終わらせますか Lv38~【ぶいすぽ/八雲べに】,https://www.youtube.com/watch?v=4PaxeAED6Ac&t=17762s,4:56:02,えっどすぎない？,@モコ-n3w,八雲べに,2026-05-03T17:51:34Z
【overcooked2】🍅ぶいすぽキビキビお料理部🍳【八雲べに/一ノ瀬うるは/夢野あかり/龍巻ちせ】,https://www.youtube.com/watch?v=TNpC19Sry8k&t=3154s,52:34,えっど,@よしぽん-u4x,八雲べに,2026-05-04T13:18:01Z
【overcooked2】🍅ぶいすぽキビキビお料理部🍳【八雲べに/一ノ瀬うるは/夢野あかり/龍巻ちせ】,https://www.youtube.com/watch?v=TNpC19Sry8k&t=4625s,1:17:05,えっど,@lemonta6,八雲べに,2026-05-04T13:18:01Z
【NTE: Neverness to Everness】ヘテロシティにお邪魔します👀✨【ぶいすぽ/八雲べに】,https://www.youtube.com/watch?v=Swh6Q4BlD_E&t=332s,5:32,えっど,@ここのん_0,八雲べに,2026-05-06T10:19:35Z
【NTE: Neverness to Everness】ヘテロシティにお邪魔します👀✨【ぶいすぽ/八雲べに】,https://www.youtube.com/watch?v=Swh6Q4BlD_E&t=335s,5:35,えっど,@saki_13723,八雲べに,2026-05-06T10:19:35Z
【NTE: Neverness to Everness】ヘテロシティにお邪魔します👀✨【ぶいすぽ/八雲べに】,https://www.youtube.com/watch?v=Swh6Q4BlD_E&t=500s,8:20,えっど,@よしぽん-u4x,八雲べに,2026-05-06T10:19:35Z
【NTE: Neverness to Everness】ヘテロシティにお邪魔します👀✨【ぶいすぽ/八雲べに】,https://www.youtube.com/watch?v=Swh6Q4BlD_E&t=914s,15:14,えっど,@いちみぽんず,八雲べに,2026-05-06T10:19:35Z
【NTE: Neverness to Everness】ヘテロシティにお邪魔します👀✨【ぶいすぽ/八雲べに】,https://www.youtube.com/watch?v=Swh6Q4BlD_E&t=940s,15:40,えっど,@マサラオ_fnc,八雲べに,2026-05-06T10:19:35Z
【NTE: Neverness to Everness】ヘテロシティにお邪魔します👀✨【ぶいすぽ/八雲べに】,https://www.youtube.com/watch?v=Swh6Q4BlD_E&t=997s,16:37,えっど,@popmiku3804,八雲べに,2026-05-06T10:19:35Z
【NTE: Neverness to Everness】ヘテロシティにお邪魔します👀✨【ぶいすぽ/八雲べに】,https://www.youtube.com/watch?v=Swh6Q4BlD_E&t=4667s,1:17:47,えっど,@らっきょ1,八雲べに,2026-05-06T10:19:35Z
【NTE: Neverness to Everness】ヘテロシティにお邪魔します👀✨【ぶいすぽ/八雲べに】,https://www.youtube.com/watch?v=Swh6Q4BlD_E&t=5121s,1:25:21,えっど,@らっきょ1,八雲べに,2026-05-06T10:19:35Z
【NTE: Neverness to Everness】ヘテロシティにお邪魔します👀✨【ぶいすぽ/八雲べに】,https://www.youtube.com/watch?v=Swh6Q4BlD_E&t=5922s,1:38:42,えっど,@ねこじろう.222,八雲べに,2026-05-06T10:19:35Z
【NTE: Neverness to Everness】ヘテロシティにお邪魔します👀✨【ぶいすぽ/八雲べに】,https://www.youtube.com/watch?v=Swh6Q4BlD_E&t=5929s,1:38:49,えっど,@saki_13723,八雲べに,2026-05-06T10:19:35Z
【NTE: Neverness to Everness】ヘテロシティにお邪魔します👀✨【ぶいすぽ/八雲べに】,https://www.youtube.com/watch?v=Swh6Q4BlD_E&t=5967s,1:39:27,ファルがえっどい,@ShimeSaba_1011,八雲べに,2026-05-06T10:19:35Z
【NTE: Neverness to Everness】ヘテロシティにお邪魔します👀✨【ぶいすぽ/八雲べに】,https://www.youtube.com/watch?v=Swh6Q4BlD_E&t=6144s,1:42:24,えっど,@l_TAT_l,八雲べに,2026-05-06T10:19:35Z
【NTE: Neverness to Everness】ヘテロシティにお邪魔します👀✨【ぶいすぽ/八雲べに】,https://www.youtube.com/watch?v=Swh6Q4BlD_E&t=6147s,1:42:27,えっどｗｗｗｗ,@ざく-zaku,八雲べに,2026-05-06T10:19:35Z
【NTE: Neverness to Everness】ヘテロシティにお邪魔します👀✨【ぶいすぽ/八雲べに】,https://www.youtube.com/watch?v=Swh6Q4BlD_E&t=6164s,1:42:44,えっど,@ここのん_0,八雲べに,2026-05-06T10:19:35Z
【NTE: Neverness to Everness】ヘテロシティにお邪魔します👀✨【ぶいすぽ/八雲べに】,https://www.youtube.com/watch?v=Swh6Q4BlD_E&t=6414s,1:46:54,えっどｗｗｗｗ,@ざく-zaku,八雲べに,2026-05-06T10:19:35Z
【NTE: Neverness to Everness】ヘテロシティにお邪魔します👀✨【ぶいすぽ/八雲べに】,https://www.youtube.com/watch?v=Swh6Q4BlD_E&t=7212s,2:00:12,えっど,@Fiveleaf,八雲べに,2026-05-06T10:19:35Z
【NTE: Neverness to Everness】ヘテロシティにお邪魔します👀✨【ぶいすぽ/八雲べに】,https://www.youtube.com/watch?v=Swh6Q4BlD_E&t=7228s,2:00:28,えっどｗｗｗ,@ざく-zaku,八雲べに,2026-05-06T10:19:35Z
【VCC PUBG】VCC ぱぶじカスタム！！【八雲べに/獅子堂あかり/夢野あかり/小柳ロウ】,https://www.youtube.com/watch?v=XqQX5nyEs6w&t=8212s,2:16:52,えっど,@ShimeSaba_1011,八雲べに,2026-05-06T15:12:08Z
【VCC PUBG】VCC ぱぶじカスタム！！【八雲べに/獅子堂あかり/夢野あかり/小柳ロウ】,https://www.youtube.com/watch?v=XqQX5nyEs6w&t=8217s,2:16:57,えっど,@Maro_Maro_416,八雲べに,2026-05-06T15:12:08Z
【勝利の女神:NIKKE】深夜は可愛い女の子達を見るに限る🍑【ぶいすぽ/八雲べに】,https://www.youtube.com/watch?v=PxxcH65KB5Q&t=3043s,50:43,衣装えっどいな,@いくみ-0524,八雲べに,2026-05-07T17:42:55Z
【勝利の女神:NIKKE】深夜は可愛い女の子達を見るに限る🍑【ぶいすぽ/八雲べに】,https://www.youtube.com/watch?v=PxxcH65KB5Q&t=3584s,59:44,えっどいなみんな,@usara-menn,八雲べに,2026-05-07T17:42:55Z
【勝利の女神:NIKKE】深夜は可愛い女の子達を見るに限る🍑【ぶいすぽ/八雲べに】,https://www.youtube.com/watch?v=PxxcH65KB5Q&t=6454s,1:47:34,でっかい筋肉,@rally_subaru_22b85,八雲べに,2026-05-07T17:42:55Z
【勝利の女神:NIKKE】深夜は可愛い女の子達を見るに限る🍑【ぶいすぽ/八雲べに】,https://www.youtube.com/watch?v=PxxcH65KB5Q&t=6494s,1:48:14,筋肉バルンバルン揺れたら笑う,@メアリス914,八雲べに,2026-05-07T17:42:55Z
【勝利の女神:NIKKE】深夜は可愛い女の子達を見るに限る🍑【ぶいすぽ/八雲べに】,https://www.youtube.com/watch?v=PxxcH65KB5Q&t=6513s,1:48:33,エイプリルフールはえっどです,@翔茶_shocha8823,八雲べに,2026-05-07T17:42:55Z
【勝利の女神:NIKKE】深夜は可愛い女の子達を見るに限る🍑【ぶいすぽ/八雲べに】,https://www.youtube.com/watch?v=PxxcH65KB5Q&t=6913s,1:55:13,えっど,@タマゴに,八雲べに,2026-05-07T17:42:55Z
【勝利の女神:NIKKE】深夜は可愛い女の子達を見るに限る🍑【ぶいすぽ/八雲べに】,https://www.youtube.com/watch?v=PxxcH65KB5Q&t=7694s,2:08:14,えっど,@daisuke6351,八雲べに,2026-05-07T17:42:55Z
【勝利の女神:NIKKE】深夜は可愛い女の子達を見るに限る🍑【ぶいすぽ/八雲べに】,https://www.youtube.com/watch?v=PxxcH65KB5Q&t=8723s,2:25:23,筋肉の妖精みたいなアレか,@hanabi88,八雲べに,2026-05-07T17:42:55Z
【勝利の女神:NIKKE】深夜は可愛い女の子達を見るに限る🍑【ぶいすぽ/八雲べに】,https://www.youtube.com/watch?v=PxxcH65KB5Q&t=9920s,2:45:20,エマえっどいぞ,@あんころもち896,八雲べに,2026-05-07T17:42:55Z
【勝利の女神:NIKKE】深夜は可愛い女の子達を見るに限る🍑【ぶいすぽ/八雲べに】,https://www.youtube.com/watch?v=PxxcH65KB5Q&t=10232s,2:50:32,えっど！！！,@神無月健二,八雲べに,2026-05-07T17:42:55Z
【勝利の女神:NIKKE】深夜は可愛い女の子達を見るに限る🍑【ぶいすぽ/八雲べに】,https://www.youtube.com/watch?v=PxxcH65KB5Q&t=10270s,2:51:10,えっど,@Jay-s9v3x,八雲べに,2026-05-07T17:42:55Z
【勝利の女神:NIKKE】深夜は可愛い女の子達を見るに限る🍑【ぶいすぽ/八雲べに】,https://www.youtube.com/watch?v=PxxcH65KB5Q&t=10282s,2:51:22,JKえっど,@ピロシハマナ,八雲べに,2026-05-07T17:42:55Z
【勝利の女神:NIKKE】深夜は可愛い女の子達を見るに限る🍑【ぶいすぽ/八雲べに】,https://www.youtube.com/watch?v=PxxcH65KB5Q&t=11095s,3:04:55,えっど,@VoxAC-yh1ux,八雲べに,2026-05-07T17:42:55Z
【 Escape from Tarkov 】シューターボーン in the HELL☠  Lv39~ 【ぶいすぽ/八雲べに】,https://www.youtube.com/watch?v=K-b5GLJyH5w&t=778s,12:58,えっど,@でででん-yt,八雲べに,2026-05-08T16:31:49Z
【 Escape from Tarkov 】シューターボーン in the HELL☠  Lv39~ 【ぶいすぽ/八雲べに】,https://www.youtube.com/watch?v=K-b5GLJyH5w&t=794s,13:14,えっどいのだ,@kobamatchi,八雲べに,2026-05-08T16:31:49Z
【 Escape from Tarkov 】シューターボーン in the HELL☠  Lv39~ 【ぶいすぽ/八雲べに】,https://www.youtube.com/watch?v=K-b5GLJyH5w&t=12124s,3:22:04,筋肉の鎧着てる？,@Maro_Maro_416,八雲べに,2026-05-08T16:31:49Z
【 Escape from Tarkov 】シューターボーン in the HELL☠  Lv39~ 【ぶいすぽ/八雲べに】,https://www.youtube.com/watch?v=K-b5GLJyH5w&t=12157s,3:22:37,胸以外筋肉,@zoo6933,八雲べに,2026-05-08T16:31:49Z
【 Escape from Tarkov 】シューターボーン in the HELL☠  Lv39~ 【ぶいすぽ/八雲べに】,https://www.youtube.com/watch?v=K-b5GLJyH5w&t=12210s,3:23:30,ただ筋肉が多いw,@もののおののNukeG,八雲べに,2026-05-08T16:31:49Z
【 Escape from Tarkov 】シューターボーン in the HELL☠  Lv39~ 【ぶいすぽ/八雲べに】,https://www.youtube.com/watch?v=K-b5GLJyH5w&t=12230s,3:23:50,筋肉大事だぞ～,@EniX_DDD,八雲べに,2026-05-08T16:31:49Z
【 Escape from Tarkov 】シューターボーン in the HELL☠  Lv39~ 【ぶいすぽ/八雲べに】,https://www.youtube.com/watch?v=K-b5GLJyH5w&t=12231s,3:23:51,筋肉80%で体脂肪20%？笑,@こたる0527,八雲べに,2026-05-08T16:31:49Z
【雑談】うっふ～ん♡深夜雑談よ～ん♡【ぶいすぽ/八雲べに】,https://www.youtube.com/watch?v=DfQfCi2NoDQ&t=61s,1:01,えっど,@らっきょ1,八雲べに,2026-05-09T16:19:05Z
【雑談】うっふ～ん♡深夜雑談よ～ん♡【ぶいすぽ/八雲べに】,https://www.youtube.com/watch?v=DfQfCi2NoDQ&t=68s,1:08,えっど,@浪速のおにぎり,八雲べに,2026-05-09T16:19:05Z
【雑談】うっふ～ん♡深夜雑談よ～ん♡【ぶいすぽ/八雲べに】,https://www.youtube.com/watch?v=DfQfCi2NoDQ&t=75s,1:15,えっど,@シャトーブリアン涼太,八雲べに,2026-05-09T16:19:05Z
【雑談】うっふ～ん♡深夜雑談よ～ん♡【ぶいすぽ/八雲べに】,https://www.youtube.com/watch?v=DfQfCi2NoDQ&t=92s,1:32,えっど！！！！,@none2365,八雲べに,2026-05-09T16:19:05Z
【雑談】うっふ～ん♡深夜雑談よ～ん♡【ぶいすぽ/八雲べに】,https://www.youtube.com/watch?v=DfQfCi2NoDQ&t=104s,1:44,えっどｗ,@ざく-zaku,八雲べに,2026-05-09T16:19:05Z
【雑談】うっふ～ん♡深夜雑談よ～ん♡【ぶいすぽ/八雲べに】,https://www.youtube.com/watch?v=DfQfCi2NoDQ&t=114s,1:54,えっど,@セッドガンド,八雲べに,2026-05-09T16:19:05Z
【雑談】うっふ～ん♡深夜雑談よ～ん♡【ぶいすぽ/八雲べに】,https://www.youtube.com/watch?v=DfQfCi2NoDQ&t=190s,3:10,えっどすぎたせいかw,@しの-n7g7g,八雲べに,2026-05-09T16:19:05Z
【雑談】うっふ～ん♡深夜雑談よ～ん♡【ぶいすぽ/八雲べに】,https://www.youtube.com/watch?v=DfQfCi2NoDQ&t=952s,15:52,ベニ様の筋肉ツイート見て筋トレモチベ上がった,@きしべろ,八雲べに,2026-05-09T16:19:05Z
【雑談】うっふ～ん♡深夜雑談よ～ん♡【ぶいすぽ/八雲べに】,https://www.youtube.com/watch?v=DfQfCi2NoDQ&t=1075s,17:55,えっど,@みみぱん-s3d,八雲べに,2026-05-09T16:19:05Z
【雑談】うっふ～ん♡深夜雑談よ～ん♡【ぶいすぽ/八雲べに】,https://www.youtube.com/watch?v=DfQfCi2NoDQ&t=1080s,18:00,えっど,@Gooexe,八雲べに,2026-05-09T16:19:05Z
【雑談】うっふ～ん♡深夜雑談よ～ん♡【ぶいすぽ/八雲べに】,https://www.youtube.com/watch?v=DfQfCi2NoDQ&t=1082s,18:02,えっど,@太刀だよ,八雲べに,2026-05-09T16:19:05Z
【雑談】うっふ～ん♡深夜雑談よ～ん♡【ぶいすぽ/八雲べに】,https://www.youtube.com/watch?v=DfQfCi2NoDQ&t=1085s,18:05,えっど,@メンマ-0o0,八雲べに,2026-05-09T16:19:05Z
【雑談】うっふ～ん♡深夜雑談よ～ん♡【ぶいすぽ/八雲べに】,https://www.youtube.com/watch?v=DfQfCi2NoDQ&t=1086s,18:06,えっど,@saki_13723,八雲べに,2026-05-09T16:19:05Z
【雑談】うっふ～ん♡深夜雑談よ～ん♡【ぶいすぽ/八雲べに】,https://www.youtube.com/watch?v=DfQfCi2NoDQ&t=1087s,18:07,えっど,@マサラオ_fnc,八雲べに,2026-05-09T16:19:05Z
【雑談】うっふ～ん♡深夜雑談よ～ん♡【ぶいすぽ/八雲べに】,https://www.youtube.com/watch?v=DfQfCi2NoDQ&t=1088s,18:08,えっど,@うめしそ-b9x,八雲べに,2026-05-09T16:19:05Z
【雑談】うっふ～ん♡深夜雑談よ～ん♡【ぶいすぽ/八雲べに】,https://www.youtube.com/watch?v=DfQfCi2NoDQ&t=1089s,18:09,えっど,@mio_yuki_澪ユキ,八雲べに,2026-05-09T16:19:05Z
【雑談】うっふ～ん♡深夜雑談よ～ん♡【ぶいすぽ/八雲べに】,https://www.youtube.com/watch?v=DfQfCi2NoDQ&t=1092s,18:12,えっど,@ソンナバナナオト,八雲べに,2026-05-09T16:19:05Z
【雑談】うっふ～ん♡深夜雑談よ～ん♡【ぶいすぽ/八雲べに】,https://www.youtube.com/watch?v=DfQfCi2NoDQ&t=2529s,42:09,筋肉の才能,@ゆるとろ1,八雲べに,2026-05-09T16:19:05Z
【雑談】うっふ～ん♡深夜雑談よ～ん♡【ぶいすぽ/八雲べに】,https://www.youtube.com/watch?v=DfQfCi2NoDQ&t=2539s,42:19,筋肉貯金ね,@ベルク_828,八雲べに,2026-05-09T16:19:05Z
【雑談】うっふ～ん♡深夜雑談よ～ん♡【ぶいすぽ/八雲べに】,https://www.youtube.com/watch?v=DfQfCi2NoDQ&t=2553s,42:33,筋肉つきやすいのかな,@にこる-u1b,八雲べに,2026-05-09T16:19:05Z
【雑談】うっふ～ん♡深夜雑談よ～ん♡【ぶいすぽ/八雲べに】,https://www.youtube.com/watch?v=DfQfCi2NoDQ&t=2555s,42:35,筋肉量が多ければ代謝も良いですしね,@ともき-e4e,八雲べに,2026-05-09T16:19:05Z
【雑談】うっふ～ん♡深夜雑談よ～ん♡【ぶいすぽ/八雲べに】,https://www.youtube.com/watch?v=DfQfCi2NoDQ&t=2564s,42:44,筋肉は全てを解決する,@午後のラーメン,八雲べに,2026-05-09T16:19:05Z
【雑談】うっふ～ん♡深夜雑談よ～ん♡【ぶいすぽ/八雲べに】,https://www.youtube.com/watch?v=DfQfCi2NoDQ&t=2569s,42:49,筋肉は裏切らない,@KS-dm9ow,八雲べに,2026-05-09T16:19:05Z
【雑談】うっふ～ん♡深夜雑談よ～ん♡【ぶいすぽ/八雲べに】,https://www.youtube.com/watch?v=DfQfCi2NoDQ&t=2583s,43:03,腹筋か,@にゃおまさ,八雲べに,2026-05-09T16:19:05Z
【雑談】うっふ～ん♡深夜雑談よ～ん♡【ぶいすぽ/八雲べに】,https://www.youtube.com/watch?v=DfQfCi2NoDQ&t=2591s,43:11,腹筋割れてる女性かっこいいよね,@Cele-rish,八雲べに,2026-05-09T16:19:05Z
【雑談】うっふ～ん♡深夜雑談よ～ん♡【ぶいすぽ/八雲べに】,https://www.youtube.com/watch?v=DfQfCi2NoDQ&t=2598s,43:18,筋肉ある女性は美しい,@Maro_Maro_416,八雲べに,2026-05-09T16:19:05Z
【雑談】うっふ～ん♡深夜雑談よ～ん♡【ぶいすぽ/八雲べに】,https://www.youtube.com/watch?v=DfQfCi2NoDQ&t=2603s,43:23,女性で腹筋割るの結構よ,@Liiruzippoliiru,八雲べに,2026-05-09T16:19:05Z
【雑談】うっふ～ん♡深夜雑談よ～ん♡【ぶいすぽ/八雲べに】,https://www.youtube.com/watch?v=DfQfCi2NoDQ&t=2606s,43:26,これが筋肉の才能か…,@うめしそ-b9x,八雲べに,2026-05-09T16:19:05Z
【雑談】うっふ～ん♡深夜雑談よ～ん♡【ぶいすぽ/八雲べに】,https://www.youtube.com/watch?v=DfQfCi2NoDQ&t=2612s,43:32,腹筋みえるのガチえっちぃ,@0q0_ハルhal_896,八雲べに,2026-05-09T16:19:05Z
【雑談】うっふ～ん♡深夜雑談よ～ん♡【ぶいすぽ/八雲べに】,https://www.youtube.com/watch?v=DfQfCi2NoDQ&t=2614s,43:34,筋肉付きやすい体質いいな,@印善,八雲べに,2026-05-09T16:19:05Z
【雑談】うっふ～ん♡深夜雑談よ～ん♡【ぶいすぽ/八雲べに】,https://www.youtube.com/watch?v=DfQfCi2NoDQ&t=2615s,43:35,女性で腹筋割るのかなりむずそう,@ゆーしょー-p5m,八雲べに,2026-05-09T16:19:05Z
【雑談】うっふ～ん♡深夜雑談よ～ん♡【ぶいすぽ/八雲べに】,https://www.youtube.com/watch?v=DfQfCi2NoDQ&t=2617s,43:37,この間言ってた筋肉量と体脂肪率はトップアスリートとかボディビルダーのやつなのよ,@しゅわRider,八雲べに,2026-05-09T16:19:05Z
【雑談】うっふ～ん♡深夜雑談よ～ん♡【ぶいすぽ/八雲べに】,https://www.youtube.com/watch?v=DfQfCi2NoDQ&t=2619s,43:39,今の腹筋なんパック？,@覇王キチィのポップコーン,八雲べに,2026-05-09T16:19:05Z
【雑談】うっふ～ん♡深夜雑談よ～ん♡【ぶいすぽ/八雲べに】,https://www.youtube.com/watch?v=DfQfCi2NoDQ&t=2620s,43:40,ミカサの腹筋めざそう,@moon46_game,八雲べに,2026-05-09T16:19:05Z
【雑談】うっふ～ん♡深夜雑談よ～ん♡【ぶいすぽ/八雲べに】,https://www.youtube.com/watch?v=DfQfCi2NoDQ&t=2625s,43:45,筋肉担当になっちゃうｗ,@melon-sodaX3,八雲べに,2026-05-09T16:19:05Z
【雑談】うっふ～ん♡深夜雑談よ～ん♡【ぶいすぽ/八雲べに】,https://www.youtube.com/watch?v=DfQfCi2NoDQ&t=2628s,43:48,あくまで筋肉量の話ねｗ,@Maro_Maro_416,八雲べに,2026-05-09T16:19:05Z
【雑談】うっふ～ん♡深夜雑談よ～ん♡【ぶいすぽ/八雲べに】,https://www.youtube.com/watch?v=DfQfCi2NoDQ&t=2645s,44:05,でもその胸は筋肉なんだよね,@Suzu896,八雲べに,2026-05-09T16:19:05Z
【雑談】うっふ～ん♡深夜雑談よ～ん♡【ぶいすぽ/八雲べに】,https://www.youtube.com/watch?v=DfQfCi2NoDQ&t=2652s,44:12,見た目筋肉ではなく、ガチ筋肉ね,@babytappy_zZ,八雲べに,2026-05-09T16:19:05Z
【雑談】うっふ～ん♡深夜雑談よ～ん♡【ぶいすぽ/八雲べに】,https://www.youtube.com/watch?v=DfQfCi2NoDQ&t=2656s,44:16,腹筋は筋量ではなく体脂肪によるから食事からアプローチが大正解,@ピンキークンピー,八雲べに,2026-05-09T16:19:05Z
【雑談】うっふ～ん♡深夜雑談よ～ん♡【ぶいすぽ/八雲べに】,https://www.youtube.com/watch?v=DfQfCi2NoDQ&t=2657s,44:17,でもお腹にうっすら筋肉の縦ラインあるのいいよね,@ベルク_828,八雲べに,2026-05-09T16:19:05Z
【雑談】うっふ～ん♡深夜雑談よ～ん♡【ぶいすぽ/八雲べに】,https://www.youtube.com/watch?v=DfQfCi2NoDQ&t=2678s,44:38,女性のボディビルダーの人は胸も筋肉になるから本当にすごい,@モコ-n3w,八雲べに,2026-05-09T16:19:05Z
【雑談】うっふ～ん♡深夜雑談よ～ん♡【ぶいすぽ/八雲べに】,https://www.youtube.com/watch?v=DfQfCi2NoDQ&t=2685s,44:45,筋肉貯金か,@1158日ぷーたろー,八雲べに,2026-05-09T16:19:05Z
【雑談】うっふ～ん♡深夜雑談よ～ん♡【ぶいすぽ/八雲べに】,https://www.youtube.com/watch?v=DfQfCi2NoDQ&t=2692s,44:52,筋肉付きやすい体質羨ましい,@Maro_Maro_416,八雲べに,2026-05-09T16:19:05Z
【雑談】うっふ～ん♡深夜雑談よ～ん♡【ぶいすぽ/八雲べに】,https://www.youtube.com/watch?v=DfQfCi2NoDQ&t=2700s,45:00,筋肉からだね,@ソンナバナナオト,八雲べに,2026-05-09T16:19:05Z
【雑談】うっふ～ん♡深夜雑談よ～ん♡【ぶいすぽ/八雲べに】,https://www.youtube.com/watch?v=DfQfCi2NoDQ&t=2702s,45:02,筋肉貯金マジで大事,@SugarMaster-3,八雲べに,2026-05-09T16:19:05Z
【雑談】うっふ～ん♡深夜雑談よ～ん♡【ぶいすぽ/八雲べに】,https://www.youtube.com/watch?v=DfQfCi2NoDQ&t=2705s,45:05,最初が筋肉からだからね,@スティービー,八雲べに,2026-05-09T16:19:05Z
【雑談】うっふ～ん♡深夜雑談よ～ん♡【ぶいすぽ/八雲べに】,https://www.youtube.com/watch?v=DfQfCi2NoDQ&t=2708s,45:08,筋肉から分解されるっていうね,@夜叉-z9t,八雲べに,2026-05-09T16:19:05Z
【雑談】うっふ～ん♡深夜雑談よ～ん♡【ぶいすぽ/八雲べに】,https://www.youtube.com/watch?v=DfQfCi2NoDQ&t=2709s,45:09,30代入るとさらに筋肉落ちる,@1158日ぷーたろー,八雲べに,2026-05-09T16:19:05Z
【雑談】うっふ～ん♡深夜雑談よ～ん♡【ぶいすぽ/八雲べに】,https://www.youtube.com/watch?v=DfQfCi2NoDQ&t=2718s,45:18,学生の頃から体重変わってないけどマジで筋肉落ちて脂肪になってると思う,@ベルク_828,八雲べに,2026-05-09T16:19:05Z
【雑談】うっふ～ん♡深夜雑談よ～ん♡【ぶいすぽ/八雲べに】,https://www.youtube.com/watch?v=DfQfCi2NoDQ&t=2727s,45:27,筋肉の変換率えぐいのか,@ubu_です,八雲べに,2026-05-09T16:19:05Z
【雑談】うっふ～ん♡深夜雑談よ～ん♡【ぶいすぽ/八雲べに】,https://www.youtube.com/watch?v=DfQfCi2NoDQ&t=2728s,45:28,べにすけがセクシー担当から、筋肉セクシー担当へと進化する日も遠くなさそう,@Kincho-no-meijin,八雲べに,2026-05-09T16:19:05Z
【雑談】うっふ～ん♡深夜雑談よ～ん♡【ぶいすぽ/八雲べに】,https://www.youtube.com/watch?v=DfQfCi2NoDQ&t=2736s,45:36,筋肉つきやすい体質まじで羨ましい,@JM-gd2qr,八雲べに,2026-05-09T16:19:05Z
【雑談】うっふ～ん♡深夜雑談よ～ん♡【ぶいすぽ/八雲べに】,https://www.youtube.com/watch?v=DfQfCi2NoDQ&t=2737s,45:37,牛は草ばっか食べるのになんであんな筋肉モリモリなんだろうね,@Redstar-pln7,八雲べに,2026-05-09T16:19:05Z
【雑談】うっふ～ん♡深夜雑談よ～ん♡【ぶいすぽ/八雲べに】,https://www.youtube.com/watch?v=DfQfCi2NoDQ&t=2747s,45:47,1桁だと胸も筋肉になってまう,@iamat-cp5jq,八雲べに,2026-05-09T16:19:05Z
【雑談】うっふ～ん♡深夜雑談よ～ん♡【ぶいすぽ/八雲べに】,https://www.youtube.com/watch?v=DfQfCi2NoDQ&t=2789s,46:29,共に筋肉の向こう側へ行こう！,@user-fm4cw4jt1c,八雲べに,2026-05-09T16:19:05Z
【雑談】うっふ～ん♡深夜雑談よ～ん♡【ぶいすぽ/八雲べに】,https://www.youtube.com/watch?v=DfQfCi2NoDQ&t=2795s,46:35,筋肉ルーレットｗｗｗ,@l_TAT_l,八雲べに,2026-05-09T16:19:05Z
【雑談】うっふ～ん♡深夜雑談よ～ん♡【ぶいすぽ/八雲べに】,https://www.youtube.com/watch?v=DfQfCi2NoDQ&t=2795s,46:35,えっど,@らっきょ1,八雲べに,2026-05-09T16:19:05Z
【雑談】うっふ～ん♡深夜雑談よ～ん♡【ぶいすぽ/八雲べに】,https://www.youtube.com/watch?v=DfQfCi2NoDQ&t=2799s,46:39,えっど,@Gooexe,八雲べに,2026-05-09T16:19:05Z
【雑談】うっふ～ん♡深夜雑談よ～ん♡【ぶいすぽ/八雲べに】,https://www.youtube.com/watch?v=DfQfCi2NoDQ&t=2827s,47:07,なんてセクシーな筋肉ルーレットなんだ,@いつだってエナドリ中毒,八雲べに,2026-05-09T16:19:05Z
【雑談】うっふ～ん♡深夜雑談よ～ん♡【ぶいすぽ/八雲べに】,https://www.youtube.com/watch?v=DfQfCi2NoDQ&t=2827s,47:07,えっど,@うめしそ-b9x,八雲べに,2026-05-09T16:19:05Z
【雑談】うっふ～ん♡深夜雑談よ～ん♡【ぶいすぽ/八雲べに】,https://www.youtube.com/watch?v=DfQfCi2NoDQ&t=2832s,47:12,筋肉揺れすぎやろ！！！！！！！！,@ぼたもちゃ,八雲べに,2026-05-09T16:19:05Z
【雑談】うっふ～ん♡深夜雑談よ～ん♡【ぶいすぽ/八雲べに】,https://www.youtube.com/watch?v=DfQfCi2NoDQ&t=2833s,47:13,筋肉担当狙ってるやん,@Gooexe,八雲べに,2026-05-09T16:19:05Z
【雑談】うっふ～ん♡深夜雑談よ～ん♡【ぶいすぽ/八雲べに】,https://www.youtube.com/watch?v=DfQfCi2NoDQ&t=2834s,47:14,揺れる筋肉,@Liiruzippoliiru,八雲べに,2026-05-09T16:19:05Z
【雑談】うっふ～ん♡深夜雑談よ～ん♡【ぶいすぽ/八雲べに】,https://www.youtube.com/watch?v=DfQfCi2NoDQ&t=2834s,47:14,筋肉っていいよね,@ソンナバナナオト,八雲べに,2026-05-09T16:19:05Z
【雑談】うっふ～ん♡深夜雑談よ～ん♡【ぶいすぽ/八雲べに】,https://www.youtube.com/watch?v=DfQfCi2NoDQ&t=2835s,47:15,筋肉って揺れるの？,@神無月健二,八雲べに,2026-05-09T16:19:05Z
【雑談】うっふ～ん♡深夜雑談よ～ん♡【ぶいすぽ/八雲べに】,https://www.youtube.com/watch?v=DfQfCi2NoDQ&t=2837s,47:17,筋肉なら大丈夫か〜w,@melanite47,八雲べに,2026-05-09T16:19:05Z
【雑談】うっふ～ん♡深夜雑談よ～ん♡【ぶいすぽ/八雲べに】,https://www.youtube.com/watch?v=DfQfCi2NoDQ&t=2837s,47:17,筋肉だから健全だね！,@iamat-cp5jq,八雲べに,2026-05-09T16:19:05Z
【雑談】うっふ～ん♡深夜雑談よ～ん♡【ぶいすぽ/八雲べに】,https://www.youtube.com/watch?v=DfQfCi2NoDQ&t=2840s,47:20,弾力性の高い筋肉w,@ゆうれい-yurei,八雲べに,2026-05-09T16:19:05Z
【雑談】うっふ～ん♡深夜雑談よ～ん♡【ぶいすぽ/八雲べに】,https://www.youtube.com/watch?v=DfQfCi2NoDQ&t=2840s,47:20,随分揺れる筋肉だな,@スティービー,八雲べに,2026-05-09T16:19:05Z
【雑談】うっふ～ん♡深夜雑談よ～ん♡【ぶいすぽ/八雲べに】,https://www.youtube.com/watch?v=DfQfCi2NoDQ&t=2841s,47:21,はじめまして20代の社会人でジムに3年通ってる者です。Xで筋トレの話をされてたのをみました。べにさんのモチベに繋がれば良いなって思い筋肉が盛れた写真をリプさせていただきました。お時間がある時に見てください！,@syun-3096,八雲べに,2026-05-09T16:19:05Z
【雑談】うっふ～ん♡深夜雑談よ～ん♡【ぶいすぽ/八雲べに】,https://www.youtube.com/watch?v=DfQfCi2NoDQ&t=2842s,47:22,筋肉が揺れております,@Maro_Maro_416,八雲べに,2026-05-09T16:19:05Z
【雑談】うっふ～ん♡深夜雑談よ～ん♡【ぶいすぽ/八雲べに】,https://www.youtube.com/watch?v=DfQfCi2NoDQ&t=2843s,47:23,こんな江戸い筋肉ルーレットあったんやなw,@HRRD_rd,八雲べに,2026-05-09T16:19:05Z
【雑談】うっふ～ん♡深夜雑談よ～ん♡【ぶいすぽ/八雲べに】,https://www.youtube.com/watch?v=DfQfCi2NoDQ&t=2844s,47:24,YouTubeさん、これは筋肉です,@G_G_KUN,八雲べに,2026-05-09T16:19:05Z
【雑談】うっふ～ん♡深夜雑談よ～ん♡【ぶいすぽ/八雲べに】,https://www.youtube.com/watch?v=DfQfCi2NoDQ&t=2848s,47:28,うっふ～ん♡筋肉ルーレットよ～ん♡,@ざく-zaku,八雲べに,2026-05-09T16:19:05Z
【雑談】うっふ～ん♡深夜雑談よ～ん♡【ぶいすぽ/八雲べに】,https://www.youtube.com/watch?v=DfQfCi2NoDQ&t=2853s,47:33,とっても柔らかい筋肉,@surebles,八雲べに,2026-05-09T16:19:05Z
【雑談】うっふ～ん♡深夜雑談よ～ん♡【ぶいすぽ/八雲べに】,https://www.youtube.com/watch?v=DfQfCi2NoDQ&t=2854s,47:34,筋肉ちょっと触ってみてもいい？,@メンマ-0o0,八雲べに,2026-05-09T16:19:05Z
【雑談】うっふ～ん♡深夜雑談よ～ん♡【ぶいすぽ/八雲べに】,https://www.youtube.com/watch?v=DfQfCi2NoDQ&t=2857s,47:37,筋肉ってそんな揺れるのか,@なおちゅん330,八雲べに,2026-05-09T16:19:05Z
【雑談】うっふ～ん♡深夜雑談よ～ん♡【ぶいすぽ/八雲べに】,https://www.youtube.com/watch?v=DfQfCi2NoDQ&t=2858s,47:38,脂肪って名前の筋肉か,@にーはち_kneehighp,八雲べに,2026-05-09T16:19:05Z
【雑談】うっふ～ん♡深夜雑談よ～ん♡【ぶいすぽ/八雲べに】,https://www.youtube.com/watch?v=DfQfCi2NoDQ&t=2862s,47:42,たゆんたゆんな筋肉か！,@そうてんのドラゴン,八雲べに,2026-05-09T16:19:05Z
【雑談】うっふ～ん♡深夜雑談よ～ん♡【ぶいすぽ/八雲べに】,https://www.youtube.com/watch?v=DfQfCi2NoDQ&t=2864s,47:44,筋肉ぷにぷにしてない？,@けい-896,八雲べに,2026-05-09T16:19:05Z
【雑談】うっふ～ん♡深夜雑談よ～ん♡【ぶいすぽ/八雲べに】,https://www.youtube.com/watch?v=DfQfCi2NoDQ&t=2866s,47:46,なんて柔軟な筋肉なんだ,@ここのん_0,八雲べに,2026-05-09T16:19:05Z
【雑談】うっふ～ん♡深夜雑談よ～ん♡【ぶいすぽ/八雲べに】,https://www.youtube.com/watch?v=DfQfCi2NoDQ&t=2881s,48:01,筋肉ある人って実際格好良いよ,@黒猫鬼,八雲べに,2026-05-09T16:19:05Z
【雑談】うっふ～ん♡深夜雑談よ～ん♡【ぶいすぽ/八雲べに】,https://www.youtube.com/watch?v=DfQfCi2NoDQ&t=2882s,48:02,あかりんから筋肉担当剥奪して無職にさせようね,@pomupomufurin1745,八雲べに,2026-05-09T16:19:05Z
【雑談】うっふ～ん♡深夜雑談よ～ん♡【ぶいすぽ/八雲べに】,https://www.youtube.com/watch?v=DfQfCi2NoDQ&t=2889s,48:09,そういう筋肉かｗ,@にゃおまさ,八雲べに,2026-05-09T16:19:05Z
【雑談】うっふ～ん♡深夜雑談よ～ん♡【ぶいすぽ/八雲べに】,https://www.youtube.com/watch?v=DfQfCi2NoDQ&t=2889s,48:09,そういう筋肉とはw,@melanite47,八雲べに,2026-05-09T16:19:05Z
【雑談】うっふ～ん♡深夜雑談よ～ん♡【ぶいすぽ/八雲べに】,https://www.youtube.com/watch?v=DfQfCi2NoDQ&t=2890s,48:10,そういう筋肉ｗｗｗｗ,@ざく-zaku,八雲べに,2026-05-09T16:19:05Z
【雑談】うっふ～ん♡深夜雑談よ～ん♡【ぶいすぽ/八雲べに】,https://www.youtube.com/watch?v=DfQfCi2NoDQ&t=2892s,48:12,筋肉とは,@スティービー,八雲べに,2026-05-09T16:19:05Z
【雑談】うっふ～ん♡深夜雑談よ～ん♡【ぶいすぽ/八雲べに】,https://www.youtube.com/watch?v=DfQfCi2NoDQ&t=2893s,48:13,筋肉だったのかぁ～,@JM-gd2qr,八雲べに,2026-05-09T16:19:05Z
【雑談】うっふ～ん♡深夜雑談よ～ん♡【ぶいすぽ/八雲べに】,https://www.youtube.com/watch?v=DfQfCi2NoDQ&t=2900s,48:20,どういう筋肉？？？？？w,@ぼたもちゃ,八雲べに,2026-05-09T16:19:05Z
【雑談】うっふ～ん♡深夜雑談よ～ん♡【ぶいすぽ/八雲べに】,https://www.youtube.com/watch?v=DfQfCi2NoDQ&t=2901s,48:21,筋肉も脂肪も付きにく体質だから羨ましい,@ぶいぶい-j7v,八雲べに,2026-05-09T16:19:05Z
【雑談】うっふ～ん♡深夜雑談よ～ん♡【ぶいすぽ/八雲べに】,https://www.youtube.com/watch?v=DfQfCi2NoDQ&t=2902s,48:22,やわらかい筋肉はりそうじゃん,@牧島麦兵衛-d3p,八雲べに,2026-05-09T16:19:05Z
【雑談】うっふ～ん♡深夜雑談よ～ん♡【ぶいすぽ/八雲べに】,https://www.youtube.com/watch?v=DfQfCi2NoDQ&t=2906s,48:26,女性ならその筋肉揉んでも良いですか？,@tamago1010,八雲べに,2026-05-09T16:19:05Z
【雑談】うっふ～ん♡深夜雑談よ～ん♡【ぶいすぽ/八雲べに】,https://www.youtube.com/watch?v=DfQfCi2NoDQ&t=3173s,52:53,筋肉モリってしてるからみんな震えてるんよww,@blackblackasia517,八雲べに,2026-05-09T16:19:05Z
【雑談】うっふ～ん♡深夜雑談よ～ん♡【ぶいすぽ/八雲べに】,https://www.youtube.com/watch?v=DfQfCi2NoDQ&t=3283s,54:43,私はダンスを小学生からやってて小3から腹筋が割れてました。元から筋肉質ってのもあり、高3の時に絞ってた時は体脂肪率6%で腹筋に血管も浮いてました。今もダンスをやってて週2でジム行ってて2週間前の体脂肪率は8%でしたよ。毎朝、仕事前の空腹状態で散歩30分と夜のアブローラーが効いてると思ってます。,@mei-968,八雲べに,2026-05-09T16:19:05Z
【雑談】うっふ～ん♡深夜雑談よ～ん♡【ぶいすぽ/八雲べに】,https://www.youtube.com/watch?v=DfQfCi2NoDQ&t=3753s,1:02:33,筋肉ルーレットも書いて,@チィヤィヤィ,八雲べに,2026-05-09T16:19:05Z
【雑談】うっふ～ん♡深夜雑談よ～ん♡【ぶいすぽ/八雲べに】,https://www.youtube.com/watch?v=DfQfCi2NoDQ&t=4331s,1:12:11,えっど,@l_TAT_l,八雲べに,2026-05-09T16:19:05Z
【雑談】うっふ～ん♡深夜雑談よ～ん♡【ぶいすぽ/八雲べに】,https://www.youtube.com/watch?v=DfQfCi2NoDQ&t=4337s,1:12:17,えっど,@gumlar3,八雲べに,2026-05-09T16:19:05Z
【雑談】うっふ～ん♡深夜雑談よ～ん♡【ぶいすぽ/八雲べに】,https://www.youtube.com/watch?v=DfQfCi2NoDQ&t=4340s,1:12:20,えっど,@うめしそ-b9x,八雲べに,2026-05-09T16:19:05Z
【雑談】うっふ～ん♡深夜雑談よ～ん♡【ぶいすぽ/八雲べに】,https://www.youtube.com/watch?v=DfQfCi2NoDQ&t=5343s,1:29:03,えっどい,@l_TAT_l,八雲べに,2026-05-09T16:19:05Z
【雑談】うっふ～ん♡深夜雑談よ～ん♡【ぶいすぽ/八雲べに】,https://www.youtube.com/watch?v=DfQfCi2NoDQ&t=5372s,1:29:32,人妻えっど,@gumlar3,八雲べに,2026-05-09T16:19:05Z
【雑談】うっふ～ん♡深夜雑談よ～ん♡【ぶいすぽ/八雲べに】,https://www.youtube.com/watch?v=DfQfCi2NoDQ&t=5372s,1:29:32,えっど,@もっちーR1000,八雲べに,2026-05-09T16:19:05Z
【雑談】うっふ～ん♡深夜雑談よ～ん♡【ぶいすぽ/八雲べに】,https://www.youtube.com/watch?v=DfQfCi2NoDQ&t=5374s,1:29:34,えっど,@KS-dm9ow,八雲べに,2026-05-09T16:19:05Z
【雑談】うっふ～ん♡深夜雑談よ～ん♡【ぶいすぽ/八雲べに】,https://www.youtube.com/watch?v=DfQfCi2NoDQ&t=5376s,1:29:36,人妻系えっど,@kayayukino,八雲べに,2026-05-09T16:19:05Z
【雑談】うっふ～ん♡深夜雑談よ～ん♡【ぶいすぽ/八雲べに】,https://www.youtube.com/watch?v=DfQfCi2NoDQ&t=5382s,1:29:42,えっど,@うめしそ-b9x,八雲べに,2026-05-09T16:19:05Z
【雑談】うっふ～ん♡深夜雑談よ～ん♡【ぶいすぽ/八雲べに】,https://www.youtube.com/watch?v=DfQfCi2NoDQ&t=5402s,1:30:02,えっどｗ,@ざく-zaku,八雲べに,2026-05-09T16:19:05Z
【雑談】うっふ～ん♡深夜雑談よ～ん♡【ぶいすぽ/八雲べに】,https://www.youtube.com/watch?v=DfQfCi2NoDQ&t=5404s,1:30:04,えっど,@ここのん_0,八雲べに,2026-05-09T16:19:05Z
【雑談】うっふ～ん♡深夜雑談よ～ん♡【ぶいすぽ/八雲べに】,https://www.youtube.com/watch?v=DfQfCi2NoDQ&t=5414s,1:30:14,えっどいなｗ,@秋月_75,八雲べに,2026-05-09T16:19:05Z
【雑談】うっふ～ん♡深夜雑談よ～ん♡【ぶいすぽ/八雲べに】,https://www.youtube.com/watch?v=DfQfCi2NoDQ&t=5415s,1:30:15,えっど,@ガンブラ-d1z,八雲べに,2026-05-09T16:19:05Z
【雑談】うっふ～ん♡深夜雑談よ～ん♡【ぶいすぽ/八雲べに】,https://www.youtube.com/watch?v=DfQfCi2NoDQ&t=5461s,1:31:01,えっど,@腐ったラムネ,八雲べに,2026-05-09T16:19:05Z
【雑談】うっふ～ん♡深夜雑談よ～ん♡【ぶいすぽ/八雲べに】,https://www.youtube.com/watch?v=DfQfCi2NoDQ&t=6052s,1:40:52,筋肉痛はどうなん？,@らっきょ1,八雲べに,2026-05-09T16:19:05Z
【雑談】うっふ～ん♡深夜雑談よ～ん♡【ぶいすぽ/八雲べに】,https://www.youtube.com/watch?v=DfQfCi2NoDQ&t=6172s,1:42:52,腹筋、背筋、大胸筋〜ピクピクしてるぜ上腕二頭筋〜,@おきしぃ22,八雲べに,2026-05-09T16:19:05Z
【雑談】うっふ～ん♡深夜雑談よ～ん♡【ぶいすぽ/八雲べに】,https://www.youtube.com/watch?v=DfQfCi2NoDQ&t=6189s,1:43:09,倒れるだけで腹筋ワンダーコア,@hundreds7772,八雲べに,2026-05-09T16:19:05Z
【雑談】うっふ～ん♡深夜雑談よ～ん♡【ぶいすぽ/八雲べに】,https://www.youtube.com/watch?v=DfQfCi2NoDQ&t=6203s,1:43:23,年を取るにつれて、下半身の筋肉量を増やし、筋力トレーニングをすることが重要になる,@alexs_33,八雲べに,2026-05-09T16:19:05Z
【雑談】うっふ～ん♡深夜雑談よ～ん♡【ぶいすぽ/八雲べに】,https://www.youtube.com/watch?v=DfQfCi2NoDQ&t=6207s,1:43:27,プランクも腹筋鍛えられるからおすすめ,@ロックサワー,八雲べに,2026-05-09T16:19:05Z
【雑談】うっふ～ん♡深夜雑談よ～ん♡【ぶいすぽ/八雲べに】,https://www.youtube.com/watch?v=DfQfCi2NoDQ&t=6225s,1:43:45,人間後ろ側の筋肉を鍛えるのが健康にいいとされてるみたいよ,@スティービー,八雲べに,2026-05-09T16:19:05Z
【雑談】うっふ～ん♡深夜雑談よ～ん♡【ぶいすぽ/八雲べに】,https://www.youtube.com/watch?v=DfQfCi2NoDQ&t=6258s,1:44:18,背筋はかなりでかい筋肉だしね,@モコ-n3w,八雲べに,2026-05-09T16:19:05Z
【雑談】うっふ～ん♡深夜雑談よ～ん♡【ぶいすぽ/八雲べに】,https://www.youtube.com/watch?v=DfQfCi2NoDQ&t=6264s,1:44:24,大きい筋肉鍛えると痩せやすいしね,@どぅどぅどぅ017,八雲べに,2026-05-09T16:19:05Z
【雑談】うっふ～ん♡深夜雑談よ～ん♡【ぶいすぽ/八雲べに】,https://www.youtube.com/watch?v=DfQfCi2NoDQ&t=6283s,1:44:43,筋肉に語りかけたりしないのか,@なおちゅん330,八雲べに,2026-05-09T16:19:05Z
【雑談】うっふ～ん♡深夜雑談よ～ん♡【ぶいすぽ/八雲べに】,https://www.youtube.com/watch?v=DfQfCi2NoDQ&t=6414s,1:46:54,えっど,@popmiku3804,八雲べに,2026-05-09T16:19:05Z
【雑談】うっふ～ん♡深夜雑談よ～ん♡【ぶいすぽ/八雲べに】,https://www.youtube.com/watch?v=DfQfCi2NoDQ&t=6511s,1:48:31,筋肉担当いこう！,@moon46_game,八雲べに,2026-05-09T16:19:05Z
【雑談】うっふ～ん♡深夜雑談よ～ん♡【ぶいすぽ/八雲べに】,https://www.youtube.com/watch?v=DfQfCi2NoDQ&t=7894s,2:11:34,えっど,@641-i1u,八雲べに,2026-05-09T16:19:05Z
【雑談】うっふ～ん♡深夜雑談よ～ん♡【ぶいすぽ/八雲べに】,https://www.youtube.com/watch?v=DfQfCi2NoDQ&t=8221s,2:17:01,えっど,@れたす-g7n,八雲べに,2026-05-09T16:19:05Z
【雑談】うっふ～ん♡深夜雑談よ～ん♡【ぶいすぽ/八雲べに】,https://www.youtube.com/watch?v=DfQfCi2NoDQ&t=8228s,2:17:08,えっど,@けい-896,八雲べに,2026-05-09T16:19:05Z
【雑談】うっふ～ん♡深夜雑談よ～ん♡【ぶいすぽ/八雲べに】,https://www.youtube.com/watch?v=DfQfCi2NoDQ&t=8412s,2:20:12,こんばんは。べにさん声綺麗で色っぽいのに力強いの自分の癖にぶっ刺さりまくりです！握力鍛えると全身の筋肉が連動するからと言うので、べにさんの体質と関係がありそうですね。自分は身長175体重85体脂肪率12です。対戦よろしくお願いします。配信ありがとうございます！,@Ogre-オーガ8410,八雲べに,2026-05-09T16:19:05Z
【雑談】うっふ～ん♡深夜雑談よ～ん♡【ぶいすぽ/八雲べに】,https://www.youtube.com/watch?v=DfQfCi2NoDQ&t=8517s,2:21:57,筋肉量も加味してまじでフィジギフよなぁ 羨ましいw,@悠-v9c,八雲べに,2026-05-09T16:19:05Z
【雑談】うっふ～ん♡深夜雑談よ～ん♡【ぶいすぽ/八雲べに】,https://www.youtube.com/watch?v=DfQfCi2NoDQ&t=8633s,2:23:53,筋肉痛なのにそんないくのか,@なおちゅん330,八雲べに,2026-05-09T16:19:05Z
【雑談】うっふ～ん♡深夜雑談よ～ん♡【ぶいすぽ/八雲べに】,https://www.youtube.com/watch?v=DfQfCi2NoDQ&t=9904s,2:45:04,えっど,@saki_13723,八雲べに,2026-05-09T16:19:05Z
【雑談】うっふ～ん♡深夜雑談よ～ん♡【ぶいすぽ/八雲べに】,https://www.youtube.com/watch?v=DfQfCi2NoDQ&t=9950s,2:45:50,えっど,@しにだ_あすお,八雲べに,2026-05-09T16:19:05Z
【雑談】うっふ～ん♡深夜雑談よ～ん♡【ぶいすぽ/八雲べに】,https://www.youtube.com/watch?v=DfQfCi2NoDQ&t=9960s,2:46:00,えっど,@Maro_Maro_416,八雲べに,2026-05-09T16:19:05Z
【雑談】うっふ～ん♡深夜雑談よ～ん♡【ぶいすぽ/八雲べに】,https://www.youtube.com/watch?v=DfQfCi2NoDQ&t=10632s,2:57:12,眉毛と筋肉,@あいうえお-e7f4b,八雲べに,2026-05-09T16:19:05Z
【雑談】うっふ～ん♡深夜雑談よ～ん♡【ぶいすぽ/八雲べに】,https://www.youtube.com/watch?v=DfQfCi2NoDQ&t=10977s,3:02:57,プールとか温泉に行くと、あの人筋肉すごいなとか、でっかとか思ったりするのですが、女性側もスタイルいいなーとかジム行ってるのかなとか見て思ったりするもんですか？,@simakan0824,八雲べに,2026-05-09T16:19:05Z
【雑談】うっふ～ん♡深夜雑談よ～ん♡【ぶいすぽ/八雲べに】,https://www.youtube.com/watch?v=DfQfCi2NoDQ&t=11099s,3:04:59,筋肉なら見せたくなるんじゃない？,@オンラインスープ,八雲べに,2026-05-09T16:19:05Z
【雑談】うっふ～ん♡深夜雑談よ～ん♡【ぶいすぽ/八雲べに】,https://www.youtube.com/watch?v=DfQfCi2NoDQ&t=11169s,3:06:09,筋肉見せたかったのか,@Maro_Maro_416,八雲べに,2026-05-09T16:19:05Z
【Minecraft】Cpt おかえりハードコア耐久！🌸【ぶいすぽ/八雲べに】,https://www.youtube.com/watch?v=gB2ffjiHAWA&t=2993s,49:53,顔まで筋肉痛？w,@スティービー,八雲べに,2026-05-12T17:20:50Z
【Minecraft】Cpt おかえりハードコア耐久！🌸【ぶいすぽ/八雲べに】,https://www.youtube.com/watch?v=gB2ffjiHAWA&t=11670s,3:14:30,えっど,@あんころもち896,八雲べに,2026-05-12T17:20:50Z
【Minecraft】Cpt おかえりハードコア耐久！🌸【ぶいすぽ/八雲べに】,https://www.youtube.com/watch?v=gB2ffjiHAWA&t=20309s,5:38:29,食わないと筋肉は育たへんで,@m_shigaraki,八雲べに,2026-05-12T17:20:50Z
【 Escape from Tarkov 】やれば進む、、、はず Lv39~ w/レイード 【ぶいすぽ/八雲べに】,https://www.youtube.com/watch?v=OoDy0nCv9GU&t=10339s,2:52:19,脂肪より筋肉が先に落ちるの納得いかんよなぁ,@0q0_ハルhal_896,八雲べに,2026-05-14T18:18:20Z
【VALORANT】 寝起き弾撃ち【ぶいすぽ/八雲べに】,https://www.youtube.com/watch?v=saUwByn0Gpk&t=337s,5:37,えっど,@カミナ-o1c,八雲べに,2026-05-15T09:38:53Z
【VALORANT】 寝起き弾撃ち【ぶいすぽ/八雲べに】,https://www.youtube.com/watch?v=saUwByn0Gpk&t=4835s,1:20:35,えっど,@keigo6606,八雲べに,2026-05-15T09:38:53Z
【 Escape from Tarkov 】シュタボという苦行もあと半分 Lv39~  【ぶいすぽ/八雲べに】,https://www.youtube.com/watch?v=VCBY6gMiwXo&t=496s,8:16,素晴らしい柔軟性の筋肉やね,@ここのん_0,八雲べに,2026-05-15T14:15:05Z
【 Escape from Tarkov 】シュタボという苦行もあと半分 Lv39~  【ぶいすぽ/八雲べに】,https://www.youtube.com/watch?v=VCBY6gMiwXo&t=522s,8:42,柔らかい筋肉やね,@でででん-yt,八雲べに,2026-05-15T14:15:05Z
【 Escape from Tarkov 】シュタボという苦行もあと半分 Lv39~  【ぶいすぽ/八雲べに】,https://www.youtube.com/watch?v=VCBY6gMiwXo&t=2162s,36:02,えっど,@jiangwilly2625,八雲べに,2026-05-15T14:15:05Z
【 Escape from Tarkov 】シュタボという苦行もあと半分 Lv39~  【ぶいすぽ/八雲べに】,https://www.youtube.com/watch?v=VCBY6gMiwXo&t=2204s,36:44,えっどからの雄叫び,@Nana-b3id,八雲べに,2026-05-15T14:15:05Z
【 Escape from Tarkov 】シュタボという苦行もあと半分 Lv39~  【ぶいすぽ/八雲べに】,https://www.youtube.com/watch?v=VCBY6gMiwXo&t=6239s,1:43:59,えっど,@CIEN2960,八雲べに,2026-05-15T14:15:05Z
【 Escape from Tarkov 】シュタボという苦行もあと半分 Lv39~  【ぶいすぽ/八雲べに】,https://www.youtube.com/watch?v=VCBY6gMiwXo&t=6242s,1:44:02,えっど,@bi-na_fujibayashi,八雲べに,2026-05-15T14:15:05Z
【 Escape from Tarkov 】シュタボという苦行もあと半分 Lv39~  【ぶいすぽ/八雲べに】,https://www.youtube.com/watch?v=VCBY6gMiwXo&t=7150s,1:59:10,えっどい,@hajime-61,八雲べに,2026-05-15T14:15:05Z
【 Escape from Tarkov 】シュタボいくｚ！ Lv39~  【ぶいすぽ/八雲べに】,https://www.youtube.com/watch?v=Qx-pfCOfB40&t=1998s,33:18,好きな筋肉はどこですか,@oRCa_kokihanada,八雲べに,2026-05-16T15:50:46Z
【 Escape from Tarkov 】シュタボいくｚ！ Lv39~  【ぶいすぽ/八雲べに】,https://www.youtube.com/watch?v=Qx-pfCOfB40&t=5787s,1:36:27,筋肉エイムで,@Suzu896,八雲べに,2026-05-16T15:50:46Z
【 Escape from Tarkov 】シュタボいくｚ！ Lv39~  【ぶいすぽ/八雲べに】,https://www.youtube.com/watch?v=Qx-pfCOfB40&t=5862s,1:37:42,腹筋割れた？,@あむぱん,八雲べに,2026-05-16T15:50:46Z
【 Escape from Tarkov 】シュタボいくｚ！ Lv39~  【ぶいすぽ/八雲べに】,https://www.youtube.com/watch?v=Qx-pfCOfB40&t=5868s,1:37:48,筋肉担当になる日も近い,@makeinu,八雲べに,2026-05-16T15:50:46Z
【 Escape from Tarkov 】シュタボいくｚ！ Lv39~  【ぶいすぽ/八雲べに】,https://www.youtube.com/watch?v=Qx-pfCOfB40&t=5920s,1:38:40,筋肉番付,@enigura1015,八雲べに,2026-05-16T15:50:46Z
【 Escape from Tarkov 】シュタボいくｚ！ Lv39~  【ぶいすぽ/八雲べに】,https://www.youtube.com/watch?v=Qx-pfCOfB40&t=6403s,1:46:43,えっど,@マスティフ-v4c,八雲べに,2026-05-16T15:50:46Z
【 Escape from Tarkov 】シュタボいくｚ！ Lv39~  【ぶいすぽ/八雲べに】,https://www.youtube.com/watch?v=Qx-pfCOfB40&t=6409s,1:46:49,えっど,@たうろんなん,八雲べに,2026-05-16T15:50:46Z
【 Escape from Tarkov 】シュタボいくｚ！ Lv39~  【ぶいすぽ/八雲べに】,https://www.youtube.com/watch?v=Qx-pfCOfB40&t=10388s,2:53:08,もうでも筋肉になったから次のワイプもめっちゃ楽しめるよ,@makeinu,八雲べに,2026-05-16T15:50:46Z
【 Escape from Tarkov 】kappa進捗90％らしい❕ Lv39~  w/レイード 【ぶいすぽ/八雲べに】,https://www.youtube.com/watch?v=QxI9fT6xzOw&t=36460s,10:07:40,寝不足は筋肉に悪いよ？,@hijirihira,八雲べに,2026-05-17T22:59:43Z
【VALORANT】 ヴァロランちょ！【ぶいすぽ/八雲べに】,https://www.youtube.com/watch?v=46eTkWbdSAU&t=501s,8:21,筋肉つけて痩せるのはすごい,@ぴーさん-pi,八雲べに,2026-05-19T11:40:41Z
【VALORANT】 ヴァロランちょ！【ぶいすぽ/八雲べに】,https://www.youtube.com/watch?v=46eTkWbdSAU&t=535s,8:55,腹筋バキバキネキ？,@トム-u4e,八雲べに,2026-05-19T11:40:41Z
【VALORANT】 ヴァロランちょ！【ぶいすぽ/八雲べに】,https://www.youtube.com/watch?v=46eTkWbdSAU&t=674s,11:14,やっぱ筋肉は正義か,@coechama9568,八雲べに,2026-05-19T11:40:41Z
【VALORANT】 ヴァロランちょ！【ぶいすぽ/八雲べに】,https://www.youtube.com/watch?v=46eTkWbdSAU&t=684s,11:24,筋肉ついた見た目よくしたいよね,@シャトーブリアン涼太,八雲べに,2026-05-19T11:40:41Z
【VALORANT】 ヴァロランちょ！【ぶいすぽ/八雲べに】,https://www.youtube.com/watch?v=46eTkWbdSAU&t=689s,11:29,筋肉つけながらの方がリバウンドしづらいよね,@おみや-Omiya0320,八雲べに,2026-05-19T11:40:41Z
【VALORANT】 ヴァロランちょ！【ぶいすぽ/八雲べに】,https://www.youtube.com/watch?v=46eTkWbdSAU&t=709s,11:49,筋肉ある方が締まって見えていい,@0q0_ハルhal_896,八雲べに,2026-05-19T11:40:41Z
【VALORANT】 ヴァロランちょ！【ぶいすぽ/八雲べに】,https://www.youtube.com/watch?v=46eTkWbdSAU&t=711s,11:51,筋肉は必要で脂肪が不要と身体に分からせる時間が必要,@ジジ-z,八雲べに,2026-05-19T11:40:41Z
【VALORANT】 ヴァロランちょ！【ぶいすぽ/八雲べに】,https://www.youtube.com/watch?v=46eTkWbdSAU&t=714s,11:54,筋肉量増えれば代謝が上がるからね,@nanahoshi07_896,八雲べに,2026-05-19T11:40:41Z
【VALORANT】 ヴァロランちょ！【ぶいすぽ/八雲べに】,https://www.youtube.com/watch?v=46eTkWbdSAU&t=6103s,1:41:43,えっど,@江戸ポロンキング,八雲べに,2026-05-19T11:40:41Z
【VALORANT】ふるぱだああ w/rassya.ボド.ツルギ.シノ【ぶいすぽ/八雲べに】,https://www.youtube.com/watch?v=gCneQK3DTS8&t=12906s,3:35:06,筋肉さん気になる,@シャトーブリアン涼太,八雲べに,2026-05-25T17:05:19Z
【VALORANT】ぶいすぽGG~VALORANT~練習日✌【ぶいすぽ/八雲べに】,https://www.youtube.com/watch?v=w2t7sq-mmgM&t=11783s,3:16:23,筋肉が喜んでる証拠,@Suzu896,八雲べに,2026-05-26T16:29:37Z
【VALORANT】ぶいすぽGG~VALORANT~練習日✌【ぶいすぽ/八雲べに】,https://www.youtube.com/watch?v=w2t7sq-mmgM&t=11810s,3:16:50,わきの筋肉痛ってよくわからんねぇなったことないな,@アポロキング,八雲べに,2026-05-26T16:29:37Z
【VALORANT】ぶいすぽGG~VALORANT~練習日✌【ぶいすぽ/八雲べに】,https://www.youtube.com/watch?v=w2t7sq-mmgM&t=11931s,3:18:51,筋肉痛で何日後に来るかは、使ってる筋肉次第なんで、若い時に使える筋肉が早く反応来るってだけらしいですね,@高橋くう-j8n,八雲べに,2026-05-26T16:29:37Z
【VALORANT】ぶいすぽGG~VALORANT~今日はウォチパ👀【ぶいすぽ/八雲べに】,https://www.youtube.com/watch?v=f2kUinj_ZJY&t=3943s,1:05:43,ほう！つまり筋肉と！,@あんころもち896,八雲べに,2026-05-27T17:44:38Z
【VALORANT】ぶいすぽGG~VALORANT~フラクチャーおかん視点【ぶいすぽ/八雲べに】,https://www.youtube.com/watch?v=LPIBXzg4NYI&t=12611s,3:30:11,えっどい展開しか予想できんｗ,@もつ_motsunabesky,八雲べに,2026-05-29T18:40:42Z
【VALORANT】ぶいすぽGG~VALORANT~本番✨【ぶいすぽ/八雲べに】,https://www.youtube.com/watch?v=Cu6sfGHpizk&t=683s,11:23,えっど,@今北-k7o,八雲べに,2026-05-31T11:55:36Z
【VALORANT】ぶいすぽGG~VALORANT~本番✨【ぶいすぽ/八雲べに】,https://www.youtube.com/watch?v=Cu6sfGHpizk&t=687s,11:27,えっど,@Maro_Maro_416,八雲べに,2026-05-31T11:55:36Z
【VALORANT】ぶいすぽGG~VALORANT~本番✨【ぶいすぽ/八雲べに】,https://www.youtube.com/watch?v=Cu6sfGHpizk&t=688s,11:28,えっど,@らっきょ1,八雲べに,2026-05-31T11:55:36Z
【VALORANT】悔しさをバネに！D3~SOLO【ぶいすぽ/八雲べに】,https://www.youtube.com/watch?v=7mFpQLMqE3o&t=2557s,42:37,えっど,@0q0_ハルhal_896,八雲べに,2026-05-31T14:44:00Z
【 Escape from Tarkov 】お母さん大きくなりましたよ Lv40~  w/白雪レイド ありさか【ぶいすぽ/八雲べに】,https://www.youtube.com/watch?v=livjUWny9Mw&t=235s,3:55,年下のお母さん…えっど,@あんころもち896,八雲べに,2026-06-01T20:49:22Z
【 Escape from Tarkov 】頼むシュタボ終わってくれ　Lv40~  【ぶいすぽ/八雲べに】,https://www.youtube.com/watch?v=01LbZtuLEPU&t=4835s,1:20:35,お尻筋肉ついてきた？,@tamago1010,八雲べに,2026-06-05T16:26:51Z
【 Escape from Tarkov 】頼むシュタボ終わってくれ　Lv40~  【ぶいすぽ/八雲べに】,https://www.youtube.com/watch?v=01LbZtuLEPU&t=5557s,1:32:37,筋肉索敵！,@dami_neko,八雲べに,2026-06-05T16:26:51Z
【 Escape from Tarkov 】頼むシュタボ終わってくれ　Lv40~  【ぶいすぽ/八雲べに】,https://www.youtube.com/watch?v=01LbZtuLEPU&t=6539s,1:48:59,えっど,@和みん-n4t,八雲べに,2026-06-05T16:26:51Z
【 Escape from Tarkov 】頼むシュタボ終わってくれ　Lv40~  【ぶいすぽ/八雲べに】,https://www.youtube.com/watch?v=01LbZtuLEPU&t=6543s,1:49:03,えっど,@けい-896,八雲べに,2026-06-05T16:26:51Z
【 Escape from Tarkov 】遂にサイスナへの挑戦 Lv40~ w/レイード  【ぶいすぽ/八雲べに】,https://www.youtube.com/watch?v=8hiRitTmO5c&t=9936s,2:45:36,耳も筋肉もギフテッド,@makeinu,八雲べに,2026-06-07T18:55:39Z
【 Escape from Tarkov 】kappa目前。残りのタスクやりましょ～Lv41~  【ぶいすぽ/八雲べに】,https://www.youtube.com/watch?v=ZYVvL3ieZho&t=4598s,1:16:38,えっど,@グーパンチ沢田,八雲べに,2026-06-14T18:29:52Z
【 Escape from Tarkov 】kappa目前。残りのタスクやりましょ～Lv41~  【ぶいすぽ/八雲べに】,https://www.youtube.com/watch?v=ZYVvL3ieZho&t=10335s,2:52:15,えっど,@rain0770,八雲べに,2026-06-14T18:29:52Z
【 Escape from Tarkov 】kappa目前。残りのタスクやりましょ～Lv41~  【ぶいすぽ/八雲べに】,https://www.youtube.com/watch?v=ZYVvL3ieZho&t=11746s,3:15:46,筋肉メガネは知的？,@DK宮,八雲べに,2026-06-14T18:29:52Z
【 Escape from Tarkov 】kappa目前。残りのタスクやりましょ～Lv41~  【ぶいすぽ/八雲べに】,https://www.youtube.com/watch?v=ZYVvL3ieZho&t=16371s,4:32:51,ちゃんと食べないと筋肉がつかないからね,@frozen_ice0502,八雲べに,2026-06-14T18:29:52Z
【 Escape from Tarkov 】kappa目前。残りのタスクやりましょ～Lv41~  【ぶいすぽ/八雲べに】,https://www.youtube.com/watch?v=ZYVvL3ieZho&t=16716s,4:38:36,えっど,@オーガニックDG,八雲べに,2026-06-14T18:29:52Z
【 Escape from Tarkov 】kappa目前。残りのタスクやりましょ～Lv41~  【ぶいすぽ/八雲べに】,https://www.youtube.com/watch?v=ZYVvL3ieZho&t=16725s,4:38:45,えっど,@Maro_Maro_416,八雲べに,2026-06-14T18:29:52Z
【 Escape from Tarkov 】kappa目前。残りのタスクやりましょ～Lv41~  【ぶいすぽ/八雲べに】,https://www.youtube.com/watch?v=ZYVvL3ieZho&t=16730s,4:38:50,えっど,@tamago1010,八雲べに,2026-06-14T18:29:52Z
【 Escape from Tarkov 】kappa目前。残りのタスクやりましょ～Lv41~  【ぶいすぽ/八雲べに】,https://www.youtube.com/watch?v=ZYVvL3ieZho&t=16766s,4:39:26,脂肪減らせば腹筋は勝手に割れてるの出てくるけどね,@nanahoshi07_896,八雲べに,2026-06-14T18:29:52Z
【 Escape from Tarkov 】kappa目前。残りのタスクやりましょ～Lv41~  【ぶいすぽ/八雲べに】,https://www.youtube.com/watch?v=ZYVvL3ieZho&t=16770s,4:39:30,腹筋が割れるのは才能よ,@nanashinotowa,八雲べに,2026-06-14T18:29:52Z
【 Escape from Tarkov 】kappa目前。残りのタスクやりましょ～Lv41~  【ぶいすぽ/八雲べに】,https://www.youtube.com/watch?v=ZYVvL3ieZho&t=16774s,4:39:34,腹筋は元々割れてるから脂肪なくすのが大変って聞くね,@Cele-rish,八雲べに,2026-06-14T18:29:52Z
【 Escape from Tarkov 】kappa、だな。Lv41~  【ぶいすぽ/八雲べに】,https://www.youtube.com/watch?v=f6firrJcR1A&t=7025s,1:57:05,えっど,@moyashi_600,八雲べに,2026-06-16T17:14:18Z
【 Escape from Tarkov 】kappa、だな。Lv41~  【ぶいすぽ/八雲べに】,https://www.youtube.com/watch?v=f6firrJcR1A&t=7033s,1:57:13,えっど,@オーガニックDG,八雲べに,2026-06-16T17:14:18Z
【 Escape from Tarkov 】kappa、だな。Lv41~  【ぶいすぽ/八雲べに】,https://www.youtube.com/watch?v=f6firrJcR1A&t=13164s,3:39:24,筋トレは筋肉固まるから柔軟難しい,@ほっこりまぐかっぷ,八雲べに,2026-06-16T17:14:18Z
【 Escape from Tarkov 】さてとkappaタスクやってこう！Lv42~  【ぶいすぽ/八雲べに】,https://www.youtube.com/watch?v=L8KWjsDkiiM&t=1065s,17:45,えっど,@ぴょまえのジーニョ,八雲べに,2026-06-19T18:08:53Z
【 Escape from Tarkov 】さてとkappaタスクやってこう！Lv42~  【ぶいすぽ/八雲べに】,https://www.youtube.com/watch?v=L8KWjsDkiiM&t=2693s,44:53,筋肉食堂！？,@アポロキング,八雲べに,2026-06-19T18:08:53Z
【 Escape from Tarkov 】さてとkappaタスクやってこう！Lv42~  【ぶいすぽ/八雲べに】,https://www.youtube.com/watch?v=L8KWjsDkiiM&t=2741s,45:41,いきなりだと筋肉断裂とかあるから,@ばるびえれ-m1e,八雲べに,2026-06-19T18:08:53Z
【 Escape from Tarkov 】さてとkappaタスクやってこう！Lv42~  【ぶいすぽ/八雲べに】,https://www.youtube.com/watch?v=L8KWjsDkiiM&t=2775s,46:15,さすが筋肉担当,@makeinu,八雲べに,2026-06-19T18:08:53Z
【 Escape from Tarkov 】さてとkappaタスクやってこう！Lv42~  【ぶいすぽ/八雲べに】,https://www.youtube.com/watch?v=L8KWjsDkiiM&t=2836s,47:16,筋肉ついてる女子は最高なんです,@いくみ-0524,八雲べに,2026-06-19T18:08:53Z
【 Escape from Tarkov 】さてとkappaタスクやってこう！Lv42~  【ぶいすぽ/八雲べに】,https://www.youtube.com/watch?v=L8KWjsDkiiM&t=2861s,47:41,筋肉は正義,@にゃんきち-d5v,八雲べに,2026-06-19T18:08:53Z
【 Escape from Tarkov 】さてとkappaタスクやってこう！Lv42~  【ぶいすぽ/八雲べに】,https://www.youtube.com/watch?v=L8KWjsDkiiM&t=2883s,48:03,今ヘルニアで日課の腹筋出来ねぇ,@ki_bi_tu,八雲べに,2026-06-19T18:08:53Z
【 Escape from Tarkov 】さてとkappaタスクやってこう！Lv42~  【ぶいすぽ/八雲べに】,https://www.youtube.com/watch?v=L8KWjsDkiiM&t=2898s,48:18,筋肉あるけど脂肪あるから食事制限しないとなんだよなぁ,@hinata7594,八雲べに,2026-06-19T18:08:53Z
【 Escape from Tarkov 】さてとkappaタスクやってこう！Lv42~  【ぶいすぽ/八雲べに】,https://www.youtube.com/watch?v=L8KWjsDkiiM&t=4264s,1:11:04,筋肉に良くないですからでお酒,@0q0_ハルhal_896,八雲べに,2026-06-19T18:08:53Z
【 Escape from Tarkov 】さてとkappaタスクやってこう！Lv42~  【ぶいすぽ/八雲べに】,https://www.youtube.com/watch?v=L8KWjsDkiiM&t=5881s,1:38:01,タギラ筋肉好きだから,@kinoshitamamori,八雲べに,2026-06-19T18:08:53Z
【 Escape from Tarkov 】さてとkappaタスクやってこう！Lv42~  【ぶいすぽ/八雲べに】,https://www.youtube.com/watch?v=L8KWjsDkiiM&t=5948s,1:39:08,筋肉に惹かれてるんだｗ,@0q0_ハルhal_896,八雲べに,2026-06-19T18:08:53Z
【 Escape from Tarkov 】さてとkappaタスクやってこう！Lv42~  【ぶいすぽ/八雲べに】,https://www.youtube.com/watch?v=L8KWjsDkiiM&t=5953s,1:39:13,筋肉の妖精だったか,@hinata7594,八雲べに,2026-06-19T18:08:53Z
【 Escape from Tarkov 】さてとkappaタスクやってこう！Lv42~  【ぶいすぽ/八雲べに】,https://www.youtube.com/watch?v=L8KWjsDkiiM&t=5957s,1:39:17,筋肉は引かれあうのか・・・,@アポロキング,八雲べに,2026-06-19T18:08:53Z
【 Escape from Tarkov 】さてとkappaタスクやってこう！Lv42~  【ぶいすぽ/八雲べに】,https://www.youtube.com/watch?v=L8KWjsDkiiM&t=5959s,1:39:19,筋肉どうしもひかれあってる,@シャトーブリアン涼太,八雲べに,2026-06-19T18:08:53Z
【 Escape from Tarkov 】さてとkappaタスクやってこう！Lv42~  【ぶいすぽ/八雲べに】,https://www.youtube.com/watch?v=L8KWjsDkiiM&t=5975s,1:39:35,筋肉もベニもいじめるって事だな,@フェブリたん,八雲べに,2026-06-19T18:08:53Z
【 Escape from Tarkov 】さてとkappaタスクやってこう！Lv42~  【ぶいすぽ/八雲べに】,https://www.youtube.com/watch?v=L8KWjsDkiiM&t=5997s,1:39:57,めちゃ山P筋肉質じゃん,@にゃおまさ,八雲べに,2026-06-19T18:08:53Z
【 Escape from Tarkov 】さてとkappaタスクやってこう！Lv42~  【ぶいすぽ/八雲べに】,https://www.youtube.com/watch?v=L8KWjsDkiiM&t=7694s,2:08:14,腹筋の縦筋,@ShimeSaba_1011,八雲べに,2026-06-19T18:08:53Z
【 Escape from Tarkov 】さてとkappaタスクやってこう！Lv42~  【ぶいすぽ/八雲べに】,https://www.youtube.com/watch?v=L8KWjsDkiiM&t=7713s,2:08:33,腹筋の縦線入ってるの好き,@ベルク_828,八雲べに,2026-06-19T18:08:53Z
【 Escape from Tarkov 】さてとkappaタスクやってこう！Lv42~  【ぶいすぽ/八雲べに】,https://www.youtube.com/watch?v=L8KWjsDkiiM&t=7755s,2:09:15,女性の割れてる腹筋は癖ぇ,@らっきょ1,八雲べに,2026-06-19T18:08:53Z
【 Escape from Tarkov 】さてとkappaタスクやってこう！Lv42~  【ぶいすぽ/八雲べに】,https://www.youtube.com/watch?v=L8KWjsDkiiM&t=7760s,2:09:20,クロップドT、腹筋の縦筋、スウェットパンツ,@ShimeSaba_1011,八雲べに,2026-06-19T18:08:53Z
【 Escape from Tarkov 】さてとkappaタスクやってこう！Lv42~  【ぶいすぽ/八雲べに】,https://www.youtube.com/watch?v=L8KWjsDkiiM&t=7785s,2:09:45,ふくらはぎの筋肉,@tamago1010,八雲べに,2026-06-19T18:08:53Z
【 Escape from Tarkov 】さてとkappaタスクやってこう！Lv42~  【ぶいすぽ/八雲べに】,https://www.youtube.com/watch?v=L8KWjsDkiiM&t=7907s,2:11:47,腕曲げたりするとき、筋肉がパツパツになるよう見せる,@らっきょ1,八雲べに,2026-06-19T18:08:53Z
【 Escape from Tarkov 】さてとkappaタスクやってこう！Lv42~  【ぶいすぽ/八雲べに】,https://www.youtube.com/watch?v=L8KWjsDkiiM&t=8356s,2:19:16,血管、腕のくぼみ、腹筋とかは聞いたことあるなぁ,@アポロキング,八雲べに,2026-06-19T18:08:53Z
【 Escape from Tarkov 】さてとkappaタスクやってこう！Lv42~  【ぶいすぽ/八雲べに】,https://www.youtube.com/watch?v=L8KWjsDkiiM&t=8425s,2:20:25,筋肉のカットとかは？,@花火好き-z7w,八雲べに,2026-06-19T18:08:53Z
【 Escape from Tarkov 】さてとkappaタスクやってこう！Lv42~  【ぶいすぽ/八雲べに】,https://www.youtube.com/watch?v=L8KWjsDkiiM&t=13537s,3:45:37,えっどいの来るかと思ってた,@でででん-yt,八雲べに,2026-06-19T18:08:53Z
【 Escape from Tarkov 】さてとkappaタスクやってこう！Lv42~  【ぶいすぽ/八雲べに】,https://www.youtube.com/watch?v=L8KWjsDkiiM&t=14363s,3:59:23,えっど,@m_shigaraki,八雲べに,2026-06-19T18:08:53Z
【 Escape from Tarkov 】さてとkappaタスクやってこう！Lv42~  【ぶいすぽ/八雲べに】,https://www.youtube.com/watch?v=L8KWjsDkiiM&t=17631s,4:53:51,えっど,@んきゃんきゃ,八雲べに,2026-06-19T18:08:53Z
【 Escape from Tarkov 】陰ソムニア😎Lv42~  【ぶいすぽ/八雲べに】,https://www.youtube.com/watch?v=fzP4E6GqjIk&t=7374s,2:02:54,えっどい,@exthirt6679,八雲べに,2026-06-20T19:08:21Z
【 Escape from Tarkov 】陰ソムニア😎Lv42~  【ぶいすぽ/八雲べに】,https://www.youtube.com/watch?v=fzP4E6GqjIk&t=7380s,2:03:00,えっどい,@saki_13723,八雲べに,2026-06-20T19:08:21Z
【 Escape from Tarkov 】陰ソムニア😎Lv42~  【ぶいすぽ/八雲べに】,https://www.youtube.com/watch?v=fzP4E6GqjIk&t=9026s,2:30:26,筋肉ついた？,@midori_tyan,八雲べに,2026-06-20T19:08:21Z
【 Escape from Tarkov 】陰ソムニア😎Lv42~  【ぶいすぽ/八雲べに】,https://www.youtube.com/watch?v=fzP4E6GqjIk&t=9180s,2:33:00,腹筋バキバキかｗ,@l_TAT_l,八雲べに,2026-06-20T19:08:21Z
【 Escape from Tarkov 】陰ソムニア😎Lv42~  【ぶいすぽ/八雲べに】,https://www.youtube.com/watch?v=fzP4E6GqjIk&t=18626s,5:10:26,うおおおおおおおおおおおおおおおえっど,@根菜豚汁,八雲べに,2026-06-20T19:08:21Z
【 Escape from Tarkov 】kappaタスク残り６？ Lv43~ 【ぶいすぽ/八雲べに】,https://www.youtube.com/watch?v=EiuhjuAVwYA&t=135s,2:15,全身筋肉痛,@満-h7v,八雲べに,2026-06-23T14:16:23Z
【 Escape from Tarkov 】kappaタスク残り６？ Lv43~ 【ぶいすぽ/八雲べに】,https://www.youtube.com/watch?v=EiuhjuAVwYA&t=149s,2:29,筋肉痛が気持ちよくなってくるよそのうち,@みる_yuatmil,八雲べに,2026-06-23T14:16:23Z
【 Escape from Tarkov 】kappaタスク残り６？ Lv43~ 【ぶいすぽ/八雲べに】,https://www.youtube.com/watch?v=EiuhjuAVwYA&t=153s,2:33,筋肉痙攣起こしてるかも,@Ueda_jiro,八雲べに,2026-06-23T14:16:23Z
【 Escape from Tarkov 】kappaタスク残り６？ Lv43~ 【ぶいすぽ/八雲べに】,https://www.youtube.com/watch?v=EiuhjuAVwYA&t=157s,2:37,えっど,@saki_13723,八雲べに,2026-06-23T14:16:23Z
【 Escape from Tarkov 】kappaタスク残り６？ Lv43~ 【ぶいすぽ/八雲べに】,https://www.youtube.com/watch?v=EiuhjuAVwYA&t=441s,7:21,筋肉を信じろ,@peco_hipopota,八雲べに,2026-06-23T14:16:23Z
【 Escape from Tarkov 】kappaタスク残り６？ Lv43~ 【ぶいすぽ/八雲べに】,https://www.youtube.com/watch?v=EiuhjuAVwYA&t=593s,9:53,ベニちゃん若いねおじさんは1週間後に来るね筋肉痛,@ぷるるん-m1s,八雲べに,2026-06-23T14:16:23Z
【 Escape from Tarkov 】kappaタスク残り６？ Lv43~ 【ぶいすぽ/八雲べに】,https://www.youtube.com/watch?v=EiuhjuAVwYA&t=638s,10:38,筋肉痛ヤバそう,@Cele-rish,八雲べに,2026-06-23T14:16:23Z
【 Escape from Tarkov 】kappaタスク残り６？ Lv43~ 【ぶいすぽ/八雲べに】,https://www.youtube.com/watch?v=EiuhjuAVwYA&t=647s,10:47,筋肉痛きてる？,@まさんど0625,八雲べに,2026-06-23T14:16:23Z
【 Escape from Tarkov 】kappaタスク残り６？ Lv43~ 【ぶいすぽ/八雲べに】,https://www.youtube.com/watch?v=EiuhjuAVwYA&t=678s,11:18,しっかりストレッチして筋肉痛和らげないとね,@midori_tyan,八雲べに,2026-06-23T14:16:23Z
【 Escape from Tarkov 】kappaタスク残り６？ Lv43~ 【ぶいすぽ/八雲べに】,https://www.youtube.com/watch?v=EiuhjuAVwYA&t=697s,11:37,筋肉痛は明日来るべ,@YFalcon0106,八雲べに,2026-06-23T14:16:23Z
【 Escape from Tarkov 】kappaタスク残り６？ Lv43~ 【ぶいすぽ/八雲べに】,https://www.youtube.com/watch?v=EiuhjuAVwYA&t=700s,11:40,明日えぐい筋肉痛きそう,@シャトーブリアン涼太,八雲べに,2026-06-23T14:16:23Z
【 Escape from Tarkov 】kappaタスク残り６？ Lv43~ 【ぶいすぽ/八雲べに】,https://www.youtube.com/watch?v=EiuhjuAVwYA&t=713s,11:53,腹筋はやる派？,@とべい3,八雲べに,2026-06-23T14:16:23Z
【 Escape from Tarkov 】kappaタスク残り６？ Lv43~ 【ぶいすぽ/八雲べに】,https://www.youtube.com/watch?v=EiuhjuAVwYA&t=715s,11:55,筋肉痛は明日起きたらなってそう,@midori_tyan,八雲べに,2026-06-23T14:16:23Z
【 Escape from Tarkov 】kappaタスク残り６？ Lv43~ 【ぶいすぽ/八雲べに】,https://www.youtube.com/watch?v=EiuhjuAVwYA&t=739s,12:19,筋肉をおいこんできたのか,@Liiruzippoliiru,八雲べに,2026-06-23T14:16:23Z
【 Escape from Tarkov 】kappaタスク残り６？ Lv43~ 【ぶいすぽ/八雲べに】,https://www.youtube.com/watch?v=EiuhjuAVwYA&t=1257s,20:57,筋肉が睡眠を求めている,@帰家穏坐,八雲べに,2026-06-23T14:16:23Z
【 Escape from Tarkov 】kappaタスク残り６？ Lv43~ 【ぶいすぽ/八雲べに】,https://www.youtube.com/watch?v=EiuhjuAVwYA&t=2315s,38:35,とりむねとかササミの人が多いけど牛もも肉おすすめ！疲れもとれるし、筋肉にも良い,@tamago1010,八雲べに,2026-06-23T14:16:23Z
【 Escape from Tarkov 】kappaタスク残り６？ Lv43~ 【ぶいすぽ/八雲べに】,https://www.youtube.com/watch?v=EiuhjuAVwYA&t=3324s,55:24,えっど,@蠅の王-d2q,八雲べに,2026-06-23T14:16:23Z
【 Escape from Tarkov 】kappaタスク残り６？ Lv43~ 【ぶいすぽ/八雲べに】,https://www.youtube.com/watch?v=EiuhjuAVwYA&t=3327s,55:27,えっど,@neco-dog3023,八雲べに,2026-06-23T14:16:23Z
【 Escape from Tarkov 】kappaタスク残り６？ Lv43~ 【ぶいすぽ/八雲べに】,https://www.youtube.com/watch?v=EiuhjuAVwYA&t=6975s,1:56:15,やはりエイムは筋肉か,@ベルク_828,八雲べに,2026-06-23T14:16:23Z
【 Escape from Tarkov 】やるぞやるぞやるぞw/レイード Lv43~ 【ぶいすぽ/八雲べに】,https://www.youtube.com/watch?v=JTg4JAlYl5g&t=7829s,2:10:29,普段使わない筋肉だろうしｗ,@Maro_Maro_416,八雲べに,2026-06-24T20:53:46Z
【 Escape from Tarkov 】やるぞやるぞやるぞw/レイード Lv43~ 【ぶいすぽ/八雲べに】,https://www.youtube.com/watch?v=JTg4JAlYl5g&t=8318s,2:18:38,なんでも次の釣りで今の筋肉量じゃ釣れないから筋トレしてるらしい,@owaさん,八雲べに,2026-06-24T20:53:46Z
【 Escape from Tarkov 】やるぞやるぞやるぞw/レイード Lv43~ 【ぶいすぽ/八雲べに】,https://www.youtube.com/watch?v=JTg4JAlYl5g&t=19613s,5:26:53,えっど,@かくちゃん-l5r,八雲べに,2026-06-24T20:53:46Z
【 Escape from Tarkov 】やるぞやるぞやるぞw/レイード Lv43~ 【ぶいすぽ/八雲べに】,https://www.youtube.com/watch?v=JTg4JAlYl5g&t=19621s,5:27:01,えっどｗ,@FateScarletCat,八雲べに,2026-06-24T20:53:46Z
【 Escape from Tarkov 】やるぞやるぞやるぞw/レイード Lv43~ 【ぶいすぽ/八雲べに】,https://www.youtube.com/watch?v=JTg4JAlYl5g&t=19633s,5:27:13,えっどなポスターだ！,@乙-s7v,八雲べに,2026-06-24T20:53:46Z
【 Escape from Tarkov 】やるぞやるぞやるぞw/レイード Lv43~ 【ぶいすぽ/八雲べに】,https://www.youtube.com/watch?v=JTg4JAlYl5g&t=19646s,5:27:26,えっど,@m_shigaraki,八雲べに,2026-06-24T20:53:46Z
【 Escape from Tarkov 】やるぞやるぞやるぞw/レイード Lv43~ 【ぶいすぽ/八雲べに】,https://www.youtube.com/watch?v=JTg4JAlYl5g&t=19649s,5:27:29,えっど,@hinata7594,八雲べに,2026-06-24T20:53:46Z
【 Escape from Tarkov 】やるぞやるぞやるぞw/レイード Lv43~ 【ぶいすぽ/八雲べに】,https://www.youtube.com/watch?v=JTg4JAlYl5g&t=19651s,5:27:31,えっど,@Nana-b3id,八雲べに,2026-06-24T20:53:46Z
【 Escape from Tarkov 】やるぞやるぞやるぞw/レイード Lv43~ 【ぶいすぽ/八雲べに】,https://www.youtube.com/watch?v=JTg4JAlYl5g&t=20887s,5:48:07,えっど,@でででん-yt,八雲べに,2026-06-24T20:53:46Z
【 Escape from Tarkov 】やるぞやるぞやるぞw/レイード Lv43~ 【ぶいすぽ/八雲べに】,https://www.youtube.com/watch?v=JTg4JAlYl5g&t=20891s,5:48:11,えっどポスター,@乙-s7v,八雲べに,2026-06-24T20:53:46Z
【 Escape from Tarkov 】やるぞやるぞやるぞw/レイード Lv43~ 【ぶいすぽ/八雲べに】,https://www.youtube.com/watch?v=JTg4JAlYl5g&t=21535s,5:58:55,えっど,@蠅の王-d2q,八雲べに,2026-06-24T20:53:46Z
【 Escape from Tarkov 】やるぞやるぞやるぞw/レイード Lv43~ 【ぶいすぽ/八雲べに】,https://www.youtube.com/watch?v=JTg4JAlYl5g&t=21542s,5:59:02,えっど,@Nana-b3id,八雲べに,2026-06-24T20:53:46Z
【 Escape from Tarkov 】やるぞやるぞやるぞw/レイード Lv43~ 【ぶいすぽ/八雲べに】,https://www.youtube.com/watch?v=JTg4JAlYl5g&t=21548s,5:59:08,えっど！,@神無月健二,八雲べに,2026-06-24T20:53:46Z
【 Escape from Tarkov 】やるぞやるぞやるぞw/レイード Lv43~ 【ぶいすぽ/八雲べに】,https://www.youtube.com/watch?v=JTg4JAlYl5g&t=21558s,5:59:18,えっどい,@乙-s7v,八雲べに,2026-06-24T20:53:46Z
【 Escape from Tarkov 】やるぞやるぞやるぞw/レイード Lv43~ 【ぶいすぽ/八雲べに】,https://www.youtube.com/watch?v=JTg4JAlYl5g&t=21640s,6:00:40,えっどい女がキラヘル被ってる,@あなゆき-b4n,八雲べに,2026-06-24T20:53:46Z
【 Escape from Tarkov 】やるぞやるぞやるぞw/レイード Lv43~ 【ぶいすぽ/八雲べに】,https://www.youtube.com/watch?v=JTg4JAlYl5g&t=21693s,6:01:33,あみあみでえっどい,@Maro_Maro_416,八雲べに,2026-06-24T20:53:46Z
【 Escape from Tarkov 】kappaへの道のりアイスブレイカー篇 Lv43~ 【ぶいすぽ/八雲べに】,https://www.youtube.com/watch?v=qP-ezbnRjmU&t=565s,9:25,筋肉あるけど、彼氏っぽいかはうーん,@Cele-rish,八雲べに,2026-06-25T18:02:33Z
【 Escape from Tarkov 】kappaへの道のりアイスブレイカー篇 Lv43~ 【ぶいすぽ/八雲べに】,https://www.youtube.com/watch?v=qP-ezbnRjmU&t=865s,14:25,えっど,@tamago1010,八雲べに,2026-06-25T18:02:33Z
【 Escape from Tarkov 】kappaへの道のりアイスブレイカー篇 Lv43~ 【ぶいすぽ/八雲べに】,https://www.youtube.com/watch?v=qP-ezbnRjmU&t=11332s,3:08:52,筋肉で解決,@LaRaLightkunn,八雲べに,2026-06-25T18:02:33Z
【 Escape from Tarkov 】kappaへの道のりアイスブレイカー篇 Lv43~ 【ぶいすぽ/八雲べに】,https://www.youtube.com/watch?v=qP-ezbnRjmU&t=15033s,4:10:33,筋肉育成中は空腹NGというしな,@すもや,八雲べに,2026-06-25T18:02:33Z
【 Escape from Tarkov 】kappaへの道のりアイスブレイカー篇 Lv43~ 【ぶいすぽ/八雲べに】,https://www.youtube.com/watch?v=qP-ezbnRjmU&t=15148s,4:12:28,本格的に筋肉キャラになってきててかなりアツい,@kirichax4909,八雲べに,2026-06-25T18:02:33Z
【 Escape from Tarkov 】kappaへの道のりアイスブレイカー篇 Lv43~ 【ぶいすぽ/八雲べに】,https://www.youtube.com/watch?v=qP-ezbnRjmU&t=15160s,4:12:40,筋肉配信,@おのや_ppt,八雲べに,2026-06-25T18:02:33Z
【 Escape from Tarkov 】kappaへの道のりアイスブレイカー篇 Lv43~ 【ぶいすぽ/八雲べに】,https://www.youtube.com/watch?v=qP-ezbnRjmU&t=15191s,4:13:11,筋肉のために,@0q0_ハルhal_896,八雲べに,2026-06-25T18:02:33Z
【 Escape from Tarkov 】kappaへの道のりアイスブレイカー篇 Lv43~ 【ぶいすぽ/八雲べに】,https://www.youtube.com/watch?v=qP-ezbnRjmU&t=15207s,4:13:27,アルコールは筋肉しぼんじゃうからね,@大盛しお,八雲べに,2026-06-25T18:02:33Z
【 Escape from Tarkov 】kappaへの道のりアイスブレイカー篇 Lv43~ 【ぶいすぽ/八雲べに】,https://www.youtube.com/watch?v=qP-ezbnRjmU&t=15210s,4:13:30,筋肉溶けちゃうから,@根菜豚汁,八雲べに,2026-06-25T18:02:33Z
【 Escape from Tarkov 】kappaへの道のりアイスブレイカー篇 Lv43~ 【ぶいすぽ/八雲べに】,https://www.youtube.com/watch?v=qP-ezbnRjmU&t=15243s,4:14:03,酒で消える程度の筋肉は要らないってどっかで聞いた,@みる_yuatmil,八雲べに,2026-06-25T18:02:33Z
【 Escape from Tarkov 】kappaへの道のりアイスブレイカー篇 Lv43~ 【ぶいすぽ/八雲べに】,https://www.youtube.com/watch?v=qP-ezbnRjmU&t=15248s,4:14:08,アルコールなんかで消える筋肉なんかいらんわ,@gjam147,八雲べに,2026-06-25T18:02:33Z
【 Escape from Tarkov 】kappaへの道のりアイスブレイカー篇 Lv43~ 【ぶいすぽ/八雲べに】,https://www.youtube.com/watch?v=qP-ezbnRjmU&t=15290s,4:14:50,アルコールで消える程度の筋肉はいらないらしいぞ笑,@ha-vk3cy,八雲べに,2026-06-25T18:02:33Z
【 Escape from Tarkov 】kappaへの道のりアイスブレイカー篇 Lv43~ 【ぶいすぽ/八雲べに】,https://www.youtube.com/watch?v=qP-ezbnRjmU&t=15311s,4:15:11,筋肉ついたらむしろ体重増えるし,@gjam147,八雲べに,2026-06-25T18:02:33Z
【 Escape from Tarkov 】kappaへの道のりアイスブレイカー篇 Lv43~ 【ぶいすぽ/八雲べに】,https://www.youtube.com/watch?v=qP-ezbnRjmU&t=15315s,4:15:15,筋肉作るなら効率のいい食事はあっても食べないという選択肢はないですなぁ,@tube_watcher2025,八雲べに,2026-06-25T18:02:33Z
【 Escape from Tarkov 】kappaへの道のりアイスブレイカー篇 Lv43~ 【ぶいすぽ/八雲べに】,https://www.youtube.com/watch?v=qP-ezbnRjmU&t=15323s,4:15:23,YBつなの腹筋はバキバキ?,@勇者ヒロユキ,八雲べに,2026-06-25T18:02:33Z
【 Escape from Tarkov 】kappaへの道のりアイスブレイカー篇 Lv43~ 【ぶいすぽ/八雲べに】,https://www.youtube.com/watch?v=qP-ezbnRjmU&t=15331s,4:15:31,筋肉が喜ぶものしか接種はしない,@ハサ-f3b,八雲べに,2026-06-25T18:02:33Z
【 Escape from Tarkov 】kappaへの道のりアイスブレイカー篇 Lv43~ 【ぶいすぽ/八雲べに】,https://www.youtube.com/watch?v=qP-ezbnRjmU&t=15364s,4:16:04,えっど,@LinNe0fps,八雲べに,2026-06-25T18:02:33Z
【 Escape from Tarkov 】kappaへの道のりアイスブレイカー篇 Lv43~ 【ぶいすぽ/八雲べに】,https://www.youtube.com/watch?v=qP-ezbnRjmU&t=15373s,4:16:13,腹筋のみの写真待ってます,@ShimeSaba_1011,八雲べに,2026-06-25T18:02:33Z
【 Escape from Tarkov 】kappaへの道のりアイスブレイカー篇 Lv43~ 【ぶいすぽ/八雲べに】,https://www.youtube.com/watch?v=qP-ezbnRjmU&t=15377s,4:16:17,次の衣装は腹筋見えるのがいいなｗ,@Cele-rish,八雲べに,2026-06-25T18:02:33Z
【 Escape from Tarkov 】kappaへの道のりアイスブレイカー篇 Lv43~ 【ぶいすぽ/八雲べに】,https://www.youtube.com/watch?v=qP-ezbnRjmU&t=15420s,4:17:00,まざー式で腹筋行くぞ,@virg__,八雲べに,2026-06-25T18:02:33Z
【 Escape from Tarkov 】kappaへの道のりアイスブレイカー篇 Lv43~ 【ぶいすぽ/八雲べに】,https://www.youtube.com/watch?v=qP-ezbnRjmU&t=15421s,4:17:01,腹筋割れてるべにぃTシャツとか？,@あいしず-Icy1Z,八雲べに,2026-06-25T18:02:33Z
【 Escape from Tarkov 】kappaへの道のりアイスブレイカー篇 Lv43~ 【ぶいすぽ/八雲べに】,https://www.youtube.com/watch?v=qP-ezbnRjmU&t=15607s,4:20:07,ある程度筋肉付くと男女関係なく見せたくなるらしい,@姫路ジョージ雑賀,八雲べに,2026-06-25T18:02:33Z
【 Escape from Tarkov 】kappaへの道のりアイスブレイカー篇 Lv43~ 【ぶいすぽ/八雲べに】,https://www.youtube.com/watch?v=qP-ezbnRjmU&t=15636s,4:20:36,えっど,@k0u-e4,八雲べに,2026-06-25T18:02:33Z
【 Escape from Tarkov 】kappaへの道のりアイスブレイカー篇 Lv43~ 【ぶいすぽ/八雲べに】,https://www.youtube.com/watch?v=qP-ezbnRjmU&t=15644s,4:20:44,えっど,@gjam147,八雲べに,2026-06-25T18:02:33Z
【 Escape from Tarkov 】kappaへの道のりアイスブレイカー篇 Lv43~ 【ぶいすぽ/八雲べに】,https://www.youtube.com/watch?v=qP-ezbnRjmU&t=15657s,4:20:57,ジム行ってる人は俺の筋肉も見てくれ！ってなるのかな,@すもや,八雲べに,2026-06-25T18:02:33Z
【 Escape from Tarkov 】kappaへの道のりアイスブレイカー篇 Lv43~ 【ぶいすぽ/八雲べに】,https://www.youtube.com/watch?v=qP-ezbnRjmU&t=15660s,4:21:00,えっど,@オーガニックDG,八雲べに,2026-06-25T18:02:33Z
【 Escape from Tarkov 】kappaへの道のりアイスブレイカー篇 Lv43~ 【ぶいすぽ/八雲べに】,https://www.youtube.com/watch?v=qP-ezbnRjmU&t=15713s,4:21:53,えっど,@ha-vk3cy,八雲べに,2026-06-25T18:02:33Z
【 Escape from Tarkov 】アイスブレイカーいけんのかって Lv44~ 【ぶいすぽ/八雲べに】,https://www.youtube.com/watch?v=BfLHAVrcyBU&t=6600s,1:50:00,油断禁物　筋肉優先したトランクスがどうなったか,@晩鐘神崎,八雲べに,2026-06-26T15:36:58Z
【 Escape from Tarkov 】アイスブレイカーいけんのかって Lv44~ 【ぶいすぽ/八雲べに】,https://www.youtube.com/watch?v=BfLHAVrcyBU&t=7556s,2:05:56,筋肉のためにカロリー補給,@すもや,八雲べに,2026-06-26T15:36:58Z
【 Escape from Tarkov 】アイスブレイカーいけんのかって Lv44~ 【ぶいすぽ/八雲べに】,https://www.youtube.com/watch?v=BfLHAVrcyBU&t=7636s,2:07:16,ベニ様も筋肉食堂注文してんねや,@枝豆が皮からトゥるん,八雲べに,2026-06-26T15:36:58Z
【 Escape from Tarkov 】アイスブレイカーいけんのかって Lv44~ 【ぶいすぽ/八雲べに】,https://www.youtube.com/watch?v=BfLHAVrcyBU&t=7644s,2:07:24,筋肉食堂DELIってやつ？,@Suzu896,八雲べに,2026-06-26T15:36:58Z
【 Escape from Tarkov 】アイスブレイカーいけんのかって Lv44~ 【ぶいすぽ/八雲べに】,https://www.youtube.com/watch?v=BfLHAVrcyBU&t=7656s,2:07:36,筋肉の精霊からのプレゼント,@珈琲クイナ,八雲べに,2026-06-26T15:36:58Z
【 Escape from Tarkov 】アイスブレイカーいけんのかって Lv44~ 【ぶいすぽ/八雲べに】,https://www.youtube.com/watch?v=BfLHAVrcyBU&t=7748s,2:09:08,筋肉食堂のコース何？,@ShimeSaba_1011,八雲べに,2026-06-26T15:36:58Z
【 Escape from Tarkov 】アイスブレイカーいけんのかって Lv44~ 【ぶいすぽ/八雲べに】,https://www.youtube.com/watch?v=BfLHAVrcyBU&t=7811s,2:10:11,今度福利厚生で筋肉食堂職場に入るわ,@boomerang_sg,八雲べに,2026-06-26T15:36:58Z
【 Escape from Tarkov 】アイスブレイカーいけんのかって Lv44~ 【ぶいすぽ/八雲べに】,https://www.youtube.com/watch?v=BfLHAVrcyBU&t=8528s,2:22:08,ないす筋肉,@いくみ-0524,八雲べに,2026-06-26T15:36:58Z
【 Escape from Tarkov 】アイスブレイカーいけんのかって Lv44~ 【ぶいすぽ/八雲べに】,https://www.youtube.com/watch?v=BfLHAVrcyBU&t=10041s,2:47:21,筋肉食堂って都内にあるやつのデリ？,@tamago1010,八雲べに,2026-06-26T15:36:58Z
【 Escape from Tarkov 】アイスブレイカーいけんのかって Lv44~ 【ぶいすぽ/八雲べに】,https://www.youtube.com/watch?v=BfLHAVrcyBU&t=13267s,3:41:07,時間差バド筋肉痛・・ｗ,@ねこまる-b6d,八雲べに,2026-06-26T15:36:58Z
【 Escape from Tarkov 】べに、今日kappaいくってよ！！！！！【ぶいすぽ/八雲べに】,https://www.youtube.com/watch?v=sxwuOs2BLMo&t=4979s,1:22:59,リモコンだったらちょっとえっどいよね,@カイトウ-v6n,八雲べに,2026-06-27T20:03:51Z
【 Escape from Tarkov 】べに、今日kappaいくってよ！！！！！【ぶいすぽ/八雲べに】,https://www.youtube.com/watch?v=sxwuOs2BLMo&t=5519s,1:31:59,えっど,@橘カレン-h5u,八雲べに,2026-06-27T20:03:51Z
【 Escape from Tarkov 】べに、今日kappaいくってよ！！！！！【ぶいすぽ/八雲べに】,https://www.youtube.com/watch?v=sxwuOs2BLMo&t=5523s,1:32:03,えっど,@オムライス-g6i,八雲べに,2026-06-27T20:03:51Z
【 Escape from Tarkov 】べに、今日kappaいくってよ！！！！！【ぶいすぽ/八雲べに】,https://www.youtube.com/watch?v=sxwuOs2BLMo&t=26138s,7:15:38,今日くらいは筋肉溶かそうｗ,@沢鳴,八雲べに,2026-06-27T20:03:51Z
【 Escape from Tarkov 】べに、今日kappaいくってよ！！！！！【ぶいすぽ/八雲べに】,https://www.youtube.com/watch?v=sxwuOs2BLMo&t=28783s,7:59:43,えっどい声で頼めば,@でででん-yt,八雲べに,2026-06-27T20:03:51Z
【 Escape from Tarkov 】べに、今日kappaいくってよ！！！！！【ぶいすぽ/八雲べに】,https://www.youtube.com/watch?v=sxwuOs2BLMo&t=29254s,8:07:34,えっど,@saki_13723,八雲べに,2026-06-27T20:03:51Z
【 Escape from Tarkov 】べに、今日kappaいくってよ！！！！！【ぶいすぽ/八雲べに】,https://www.youtube.com/watch?v=sxwuOs2BLMo&t=29260s,8:07:40,えっど,@ShimeSaba_1011,八雲べに,2026-06-27T20:03:51Z
【 Escape from Tarkov 】べに、今日kappaいくってよ！！！！！【ぶいすぽ/八雲べに】,https://www.youtube.com/watch?v=sxwuOs2BLMo&t=30018s,8:20:18,えっど,@ShimeSaba_1011,八雲べに,2026-06-27T20:03:51Z
【 Escape from Tarkov 】べに、今日kappaいくってよ！！！！！【ぶいすぽ/八雲べに】,https://www.youtube.com/watch?v=sxwuOs2BLMo&t=30436s,8:27:16,えっど,@0q0_ハルhal_896,八雲べに,2026-06-27T20:03:51Z
【 Escape from Tarkov 】べに、今日kappaいくってよ！！！！！【ぶいすぽ/八雲べに】,https://www.youtube.com/watch?v=sxwuOs2BLMo&t=30439s,8:27:19,えっど,@Radical-qv6ys,八雲べに,2026-06-27T20:03:51Z
【 Escape from Tarkov 】べに、今日kappaいくってよ！！！！！【ぶいすぽ/八雲べに】,https://www.youtube.com/watch?v=sxwuOs2BLMo&t=30519s,8:28:39,ベニス...えっど,@ShimeSaba_1011,八雲べに,2026-06-27T20:03:51Z
【 Escape from Tarkov 】kappaだしソロでアイスブレイカーいけっしょｗ【ぶいすぽ/八雲べに】,https://www.youtube.com/watch?v=dvpvkV_QCvw&t=5193s,1:26:33,えっど,@らっきょ1,八雲べに,2026-06-30T16:19:55Z
【 Escape from Tarkov 】kappaだしソロでアイスブレイカーいけっしょｗ【ぶいすぽ/八雲べに】,https://www.youtube.com/watch?v=dvpvkV_QCvw&t=5201s,1:26:41,えっど,@オーガニックDG,八雲べに,2026-06-30T16:19:55Z
【 Escape from Tarkov 】kappaだしソロでアイスブレイカーいけっしょｗ【ぶいすぽ/八雲べに】,https://www.youtube.com/watch?v=dvpvkV_QCvw&t=5204s,1:26:44,えっど,@橘純一-g4j,八雲べに,2026-06-30T16:19:55Z
【 Escape from Tarkov 】kappaだしソロでアイスブレイカーいけっしょｗ【ぶいすぽ/八雲べに】,https://www.youtube.com/watch?v=dvpvkV_QCvw&t=8390s,2:19:50,えっど,@オーガニックDG,八雲べに,2026-06-30T16:19:55Z
【 Escape from Tarkov 】kappaだしソロでアイスブレイカーいけっしょｗ【ぶいすぽ/八雲べに】,https://www.youtube.com/watch?v=dvpvkV_QCvw&t=9095s,2:31:35,えっどｗｗｗｗｗｗｗｗｗｗ,@JM-gd2qr,八雲べに,2026-06-30T16:19:55Z
【 Escape from Tarkov 】kappaだしソロでアイスブレイカーいけっしょｗ【ぶいすぽ/八雲べに】,https://www.youtube.com/watch?v=dvpvkV_QCvw&t=9103s,2:31:43,えっどｗｗｗｗ,@dark0rabbit,八雲べに,2026-06-30T16:19:55Z
【 Escape from Tarkov 】kappaだしソロでアイスブレイカーいけっしょｗ【ぶいすぽ/八雲べに】,https://www.youtube.com/watch?v=dvpvkV_QCvw&t=9108s,2:31:48,えっど,@大西超かわいいo,八雲べに,2026-06-30T16:19:55Z
【 Escape from Tarkov 】kappaだしソロでアイスブレイカーいけっしょｗ【ぶいすぽ/八雲べに】,https://www.youtube.com/watch?v=dvpvkV_QCvw&t=9120s,2:32:00,えっど,@蜂蜜ぱんけーき,八雲べに,2026-06-30T16:19:55Z
【#ぶいすぽGF2026】ぶいすぽゴッフィ最強DUO決定戦⚔🔥【ぶいすぽ/八雲べに】,https://www.youtube.com/watch?v=9ufRPEFFKtw&t=3263s,54:23,えっど,@ればんで,八雲べに,2026-07-02T13:50:12Z
【#ぶいすぽGF2026】ぶいすぽゴッフィ最強DUO決定戦⚔🔥【ぶいすぽ/八雲べに】,https://www.youtube.com/watch?v=9ufRPEFFKtw&t=3359s,55:59,えっど,@脚なめ太,八雲べに,2026-07-02T13:50:12Z
【#ぶいすぽGF2026】ぶいすぽゴッフィ最強DUO決定戦⚔🔥【ぶいすぽ/八雲べに】,https://www.youtube.com/watch?v=9ufRPEFFKtw&t=4269s,1:11:09,えっど,@Mr-tt7pk,八雲べに,2026-07-02T13:50:12Z
【#ぶいすぽGF2026】ぶいすぽゴッフィ最強DUO決定戦⚔🔥【ぶいすぽ/八雲べに】,https://www.youtube.com/watch?v=9ufRPEFFKtw&t=4396s,1:13:16,えっど,@らっきょ1,八雲べに,2026-07-02T13:50:12Z
【#ぶいすぽGF2026】ぶいすぽゴッフィ最強DUO決定戦⚔🔥【ぶいすぽ/八雲べに】,https://www.youtube.com/watch?v=9ufRPEFFKtw&t=4397s,1:13:17,えっど,@aru7504,八雲べに,2026-07-02T13:50:12Z
【#ぶいすぽGF2026】ぶいすぽゴッフィ最強DUO決定戦⚔🔥【ぶいすぽ/八雲べに】,https://www.youtube.com/watch?v=9ufRPEFFKtw&t=8509s,2:21:49,えっど,@magicmusic47,八雲べに,2026-07-02T13:50:12Z
【ワールドカップ同時視聴】DAZNで！アルゼンチン応援⚽【ぶいすぽ/八雲べに】,https://www.youtube.com/watch?v=9zJGcmEbD5Y&t=423s,7:03,えっど,@Ryota__100,八雲べに,2026-07-04T01:01:41Z
【勝利の女神:NIKKE】夏だ！水着だ！NIKKEだ～🍉💚【ぶいすぽ/八雲べに】,https://www.youtube.com/watch?v=aNU8eaEQVQA&t=218s,3:38,えっど,@紫電_stir,八雲べに,2026-07-04T13:46:51Z
【勝利の女神:NIKKE】夏だ！水着だ！NIKKEだ～🍉💚【ぶいすぽ/八雲べに】,https://www.youtube.com/watch?v=aNU8eaEQVQA&t=283s,4:43,えっど,@不得不愛-b8h,八雲べに,2026-07-04T13:46:51Z
【勝利の女神:NIKKE】夏だ！水着だ！NIKKEだ～🍉💚【ぶいすぽ/八雲べに】,https://www.youtube.com/watch?v=aNU8eaEQVQA&t=328s,5:28,えっど,@ZERO-l9j7k,八雲べに,2026-07-04T13:46:51Z
【勝利の女神:NIKKE】夏だ！水着だ！NIKKEだ～🍉💚【ぶいすぽ/八雲べに】,https://www.youtube.com/watch?v=aNU8eaEQVQA&t=339s,5:39,えっどいなぁww,@うぬ-uN,八雲べに,2026-07-04T13:46:51Z
【勝利の女神:NIKKE】夏だ！水着だ！NIKKEだ～🍉💚【ぶいすぽ/八雲べに】,https://www.youtube.com/watch?v=aNU8eaEQVQA&t=364s,6:04,白から着替える時えっどいｗ,@rinchef,八雲べに,2026-07-04T13:46:51Z
【勝利の女神:NIKKE】夏だ！水着だ！NIKKEだ～🍉💚【ぶいすぽ/八雲べに】,https://www.youtube.com/watch?v=aNU8eaEQVQA&t=534s,8:54,えっど,@くまいたち,八雲べに,2026-07-04T13:46:51Z
【勝利の女神:NIKKE】夏だ！水着だ！NIKKEだ～🍉💚【ぶいすぽ/八雲べに】,https://www.youtube.com/watch?v=aNU8eaEQVQA&t=542s,9:02,えっど,@August7-l8e,八雲べに,2026-07-04T13:46:51Z
【勝利の女神:NIKKE】夏だ！水着だ！NIKKEだ～🍉💚【ぶいすぽ/八雲べに】,https://www.youtube.com/watch?v=aNU8eaEQVQA&t=731s,12:11,こんなえっどいの先生マ？,@kwtdesu,八雲べに,2026-07-04T13:46:51Z
【勝利の女神:NIKKE】夏だ！水着だ！NIKKEだ～🍉💚【ぶいすぽ/八雲べに】,https://www.youtube.com/watch?v=aNU8eaEQVQA&t=732s,12:12,これでお堅い先生なのがよりえっどいのよ,@新堂カヲル,八雲べに,2026-07-04T13:46:51Z
【勝利の女神:NIKKE】夏だ！水着だ！NIKKEだ～🍉💚【ぶいすぽ/八雲べに】,https://www.youtube.com/watch?v=aNU8eaEQVQA&t=1273s,21:13,えっどいな〜,@YFalcon0106,八雲べに,2026-07-04T13:46:51Z
【勝利の女神:NIKKE】夏だ！水着だ！NIKKEだ～🍉💚【ぶいすぽ/八雲べに】,https://www.youtube.com/watch?v=aNU8eaEQVQA&t=2007s,33:27,えっど,@お茶さん-e8b,八雲べに,2026-07-04T13:46:51Z
【勝利の女神:NIKKE】夏だ！水着だ！NIKKEだ～🍉💚【ぶいすぽ/八雲べに】,https://www.youtube.com/watch?v=aNU8eaEQVQA&t=2017s,33:37,えっど,@投資修行中,八雲べに,2026-07-04T13:46:51Z
【勝利の女神:NIKKE】夏だ！水着だ！NIKKEだ～🍉💚【ぶいすぽ/八雲べに】,https://www.youtube.com/watch?v=aNU8eaEQVQA&t=2040s,34:00,えっどい,@ぽいふる-j3k,八雲べに,2026-07-04T13:46:51Z
【勝利の女神:NIKKE】夏だ！水着だ！NIKKEだ～🍉💚【ぶいすぽ/八雲べに】,https://www.youtube.com/watch?v=aNU8eaEQVQA&t=2787s,46:27,えっど,@sw1445,八雲べに,2026-07-04T13:46:51Z
【勝利の女神:NIKKE】夏だ！水着だ！NIKKEだ～🍉💚【ぶいすぽ/八雲べに】,https://www.youtube.com/watch?v=aNU8eaEQVQA&t=2871s,47:51,えっど！！！！,@神無月健二,八雲べに,2026-07-04T13:46:51Z
【勝利の女神:NIKKE】夏だ！水着だ！NIKKEだ～🍉💚【ぶいすぽ/八雲べに】,https://www.youtube.com/watch?v=aNU8eaEQVQA&t=3072s,51:12,腹筋素敵,@Kaz521-w2x,八雲べに,2026-07-04T13:46:51Z
【勝利の女神:NIKKE】夏だ！水着だ！NIKKEだ～🍉💚【ぶいすぽ/八雲べに】,https://www.youtube.com/watch?v=aNU8eaEQVQA&t=3082s,51:22,腹筋バキバキ,@ここのん_0,八雲べに,2026-07-04T13:46:51Z
【勝利の女神:NIKKE】夏だ！水着だ！NIKKEだ～🍉💚【ぶいすぽ/八雲べに】,https://www.youtube.com/watch?v=aNU8eaEQVQA&t=3086s,51:26,腹筋よい,@とおふ-102,八雲べに,2026-07-04T13:46:51Z
【勝利の女神:NIKKE】夏だ！水着だ！NIKKEだ～🍉💚【ぶいすぽ/八雲べに】,https://www.youtube.com/watch?v=aNU8eaEQVQA&t=4826s,1:20:26,えっどいのにかわいくて清楚なのどうなってるんだ！？,@miyabi_neko,八雲べに,2026-07-04T13:46:51Z
【勝利の女神:NIKKE】夏だ！水着だ！NIKKEだ～🍉💚【ぶいすぽ/八雲べに】,https://www.youtube.com/watch?v=aNU8eaEQVQA&t=4960s,1:22:40,ラピ水着えっどい,@Kanikama_kani,八雲べに,2026-07-04T13:46:51Z
【勝利の女神:NIKKE】夏だ！水着だ！NIKKEだ～🍉💚【ぶいすぽ/八雲べに】,https://www.youtube.com/watch?v=aNU8eaEQVQA&t=5641s,1:34:01,えっど,@dia_8089,八雲べに,2026-07-04T13:46:51Z
【勝利の女神:NIKKE】夏だ！水着だ！NIKKEだ～🍉💚【ぶいすぽ/八雲べに】,https://www.youtube.com/watch?v=aNU8eaEQVQA&t=5651s,1:34:11,えっど,@男爵猫-o3j,八雲べに,2026-07-04T13:46:51Z
【勝利の女神:NIKKE】夏だ！水着だ！NIKKEだ～🍉💚【ぶいすぽ/八雲べに】,https://www.youtube.com/watch?v=aNU8eaEQVQA&t=6395s,1:46:35,えっど,@オーガニックDG,八雲べに,2026-07-04T13:46:51Z
【勝利の女神:NIKKE】夏だ！水着だ！NIKKEだ～🍉💚【ぶいすぽ/八雲べに】,https://www.youtube.com/watch?v=aNU8eaEQVQA&t=6433s,1:47:13,えっど,@らっきょ1,八雲べに,2026-07-04T13:46:51Z
【勝利の女神:NIKKE】夏だ！水着だ！NIKKEだ～🍉💚【ぶいすぽ/八雲べに】,https://www.youtube.com/watch?v=aNU8eaEQVQA&t=6440s,1:47:20,えっど,@karasumaru16304,八雲べに,2026-07-04T13:46:51Z
【勝利の女神:NIKKE】夏だ！水着だ！NIKKEだ～🍉💚【ぶいすぽ/八雲べに】,https://www.youtube.com/watch?v=aNU8eaEQVQA&t=6443s,1:47:23,えっど,@k0u-e4,八雲べに,2026-07-04T13:46:51Z
【#ぶいすぽ7周年大感謝祭】ぶいすぽ７周年🎋べにあかりめと視点【ぶいすぽ/八雲べに】,https://www.youtube.com/watch?v=lN1E-3zz8mQ&t=1864s,31:04,筋肉対決なにw,@ふくろー-m7m,八雲べに,2026-07-07T12:20:11Z
【#ぶいすぽ7周年大感謝祭】ぶいすぽ７周年🎋べにあかりめと視点【ぶいすぽ/八雲べに】,https://www.youtube.com/watch?v=lN1E-3zz8mQ&t=1865s,31:05,筋肉来た！,@フライト.Flight,八雲べに,2026-07-07T12:20:11Z
【#ぶいすぽ7周年大感謝祭】ぶいすぽ７周年🎋べにあかりめと視点【ぶいすぽ/八雲べに】,https://www.youtube.com/watch?v=lN1E-3zz8mQ&t=1869s,31:09,筋肉担当,@まんそん教,八雲べに,2026-07-07T12:20:11Z
【#ぶいすぽ7周年大感謝祭】ぶいすぽ７周年🎋べにあかりめと視点【ぶいすぽ/八雲べに】,https://www.youtube.com/watch?v=lN1E-3zz8mQ&t=1872s,31:12,筋肉担当として,@gotsuo-6n,八雲べに,2026-07-07T12:20:11Z
【#ぶいすぽ7周年大感謝祭】ぶいすぽ７周年🎋べにあかりめと視点【ぶいすぽ/八雲べに】,https://www.youtube.com/watch?v=lN1E-3zz8mQ&t=1879s,31:19,筋肉担当きたよべにちゃん,@かなめ-g1f,八雲べに,2026-07-07T12:20:11Z
【#ぶいすぽ7周年大感謝祭】ぶいすぽ７周年🎋べにあかりめと視点【ぶいすぽ/八雲べに】,https://www.youtube.com/watch?v=lN1E-3zz8mQ&t=1916s,31:56,いい筋肉,@meta_609,八雲べに,2026-07-07T12:20:11Z
【#ぶいすぽ7周年大感謝祭】ぶいすぽ７周年🎋べにあかりめと視点【ぶいすぽ/八雲べに】,https://www.youtube.com/watch?v=lN1E-3zz8mQ&t=1924s,32:04,筋肉担当,@sute6361,八雲べに,2026-07-07T12:20:11Z
【#ぶいすぽ7周年大感謝祭】ぶいすぽ７周年🎋べにあかりめと視点【ぶいすぽ/八雲べに】,https://www.youtube.com/watch?v=lN1E-3zz8mQ&t=1928s,32:08,筋肉担当,@霧の花-r1z,八雲べに,2026-07-07T12:20:11Z
【#ぶいすぽ7周年大感謝祭】ぶいすぽ７周年🎋べにあかりめと視点【ぶいすぽ/八雲べに】,https://www.youtube.com/watch?v=lN1E-3zz8mQ&t=1932s,32:12,えっど,@gotsuo-6n,八雲べに,2026-07-07T12:20:11Z
【#ぶいすぽ7周年大感謝祭】ぶいすぽ７周年🎋べにあかりめと視点【ぶいすぽ/八雲べに】,https://www.youtube.com/watch?v=lN1E-3zz8mQ&t=1949s,32:29,みんなガチ筋肉やんｗ,@coechama9568,八雲べに,2026-07-07T12:20:11Z
【#ぶいすぽ7周年大感謝祭】ぶいすぽ７周年🎋べにあかりめと視点【ぶいすぽ/八雲べに】,https://www.youtube.com/watch?v=lN1E-3zz8mQ&t=1950s,32:30,えっど,@ぴょまえのジーニョ,八雲べに,2026-07-07T12:20:11Z
【#ぶいすぽ7周年大感謝祭】ぶいすぽ７周年🎋べにあかりめと視点【ぶいすぽ/八雲べに】,https://www.youtube.com/watch?v=lN1E-3zz8mQ&t=1964s,32:44,腕の筋肉とか足の筋肉すげぇえええ,@アポロキング,八雲べに,2026-07-07T12:20:11Z
【#ぶいすぽ7周年大感謝祭】ぶいすぽ７周年🎋べにあかりめと視点【ぶいすぽ/八雲べに】,https://www.youtube.com/watch?v=lN1E-3zz8mQ&t=2026s,33:46,筋肉重いから、絶対大変やろこれ,@ひよこ_00,八雲べに,2026-07-07T12:20:11Z
【#ぶいすぽ7周年大感謝祭】ぶいすぽ７周年🎋べにあかりめと視点【ぶいすぽ/八雲べに】,https://www.youtube.com/watch?v=lN1E-3zz8mQ&t=2049s,34:09,競輪の人やはり足の筋肉強い,@アポロキング,八雲べに,2026-07-07T12:20:11Z
【#ぶいすぽ7周年大感謝祭】ぶいすぽ７周年🎋べにあかりめと視点【ぶいすぽ/八雲べに】,https://www.youtube.com/watch?v=lN1E-3zz8mQ&t=2062s,34:22,競輪は実用筋肉だから強いか,@ぽんワク,八雲べに,2026-07-07T12:20:11Z
【#ぶいすぽ7周年大感謝祭】ぶいすぽ７周年🎋べにあかりめと視点【ぶいすぽ/八雲べに】,https://www.youtube.com/watch?v=lN1E-3zz8mQ&t=2079s,34:39,筋肉すげぇ、ヘンなの来たら守ってくれそう,@アポロキング,八雲べに,2026-07-07T12:20:11Z
【#ぶいすぽ7周年大感謝祭】ぶいすぽ７周年🎋べにあかりめと視点【ぶいすぽ/八雲べに】,https://www.youtube.com/watch?v=lN1E-3zz8mQ&t=2100s,35:00,筋肉の妖精達が,@gotsuo-6n,八雲べに,2026-07-07T12:20:11Z
【#ぶいすぽ7周年大感謝祭】ぶいすぽ７周年🎋べにあかりめと視点【ぶいすぽ/八雲べに】,https://www.youtube.com/watch?v=lN1E-3zz8mQ&t=2110s,35:10,筋肉関係ないぞｗｗ,@たもちょ,八雲べに,2026-07-07T12:20:11Z
【#ぶいすぽ7周年大感謝祭】ぶいすぽ７周年🎋べにあかりめと視点【ぶいすぽ/八雲べに】,https://www.youtube.com/watch?v=lN1E-3zz8mQ&t=2116s,35:16,筋肉勝負じゃないかもｗ,@Cele-rish,八雲べに,2026-07-07T12:20:11Z
【#ぶいすぽ7周年大感謝祭】ぶいすぽ７周年🎋べにあかりめと視点【ぶいすぽ/八雲べに】,https://www.youtube.com/watch?v=lN1E-3zz8mQ&t=2141s,35:41,筋肉より語彙力かこれ,@0_XRYOX_0,八雲べに,2026-07-07T12:20:11Z
【#ぶいすぽ7周年大感謝祭】ぶいすぽ７周年🎋べにあかりめと視点【ぶいすぽ/八雲べに】,https://www.youtube.com/watch?v=lN1E-3zz8mQ&t=2261s,37:41,さすが筋肉通,@WINウィン-XX,八雲べに,2026-07-07T12:20:11Z
【#ぶいすぽ7周年大感謝祭】ぶいすぽ７周年🎋べにあかりめと視点【ぶいすぽ/八雲べに】,https://www.youtube.com/watch?v=lN1E-3zz8mQ&t=2278s,37:58,ひとぽいも筋肉詰まってて強そう,@seisei-04,八雲べに,2026-07-07T12:20:11Z
【#ぶいすぽ7周年大感謝祭】ぶいすぽ７周年🎋べにあかりめと視点【ぶいすぽ/八雲べに】,https://www.youtube.com/watch?v=lN1E-3zz8mQ&t=2361s,39:21,筋肉担当なんよｗｗ,@macn4754,八雲べに,2026-07-07T12:20:11Z
【#ぶいすぽ7周年大感謝祭】ぶいすぽ７周年🎋べにあかりめと視点【ぶいすぽ/八雲べに】,https://www.youtube.com/watch?v=lN1E-3zz8mQ&t=2363s,39:23,えっど,@volro50aa,八雲べに,2026-07-07T12:20:11Z
【#ぶいすぽ7周年大感謝祭】ぶいすぽ７周年🎋べにあかりめと視点【ぶいすぽ/八雲べに】,https://www.youtube.com/watch?v=lN1E-3zz8mQ&t=2370s,39:30,えっど,@ty_otaku,八雲べに,2026-07-07T12:20:11Z
【#ぶいすぽ7周年大感謝祭】ぶいすぽ７周年🎋べにあかりめと視点【ぶいすぽ/八雲べに】,https://www.youtube.com/watch?v=lN1E-3zz8mQ&t=2383s,39:43,筋肉担当沈黙は沈黙,@まんそん教,八雲べに,2026-07-07T12:20:11Z
【#ぶいすぽ7周年大感謝祭】ぶいすぽ７周年🎋べにあかりめと視点【ぶいすぽ/八雲べに】,https://www.youtube.com/watch?v=lN1E-3zz8mQ&t=2385s,39:45,筋肉マイスター,@sute6361,八雲べに,2026-07-07T12:20:11Z
【#ぶいすぽ7周年大感謝祭】ぶいすぽ７周年🎋べにあかりめと視点【ぶいすぽ/八雲べに】,https://www.youtube.com/watch?v=lN1E-3zz8mQ&t=2423s,40:23,自認筋肉,@sute6361,八雲べに,2026-07-07T12:20:11Z
【#ぶいすぽ7周年大感謝祭】ぶいすぽ７周年🎋べにあかりめと視点【ぶいすぽ/八雲べに】,https://www.youtube.com/watch?v=lN1E-3zz8mQ&t=2427s,40:27,筋肉あかりん,@アポロキング,八雲べに,2026-07-07T12:20:11Z
【#ぶいすぽ7周年大感謝祭】ぶいすぽ７周年🎋べにあかりめと視点【ぶいすぽ/八雲べに】,https://www.youtube.com/watch?v=lN1E-3zz8mQ&t=2427s,40:27,自認筋肉やったんか...,@Suzu896,八雲べに,2026-07-07T12:20:11Z
【#ぶいすぽ7周年大感謝祭】ぶいすぽ７周年🎋べにあかりめと視点【ぶいすぽ/八雲べに】,https://www.youtube.com/watch?v=lN1E-3zz8mQ&t=2431s,40:31,自認筋肉w,@ジュン万次郎-t4j,八雲べに,2026-07-07T12:20:11Z
【#ぶいすぽ7周年大感謝祭】ぶいすぽ７周年🎋べにあかりめと視点【ぶいすぽ/八雲べに】,https://www.youtube.com/watch?v=lN1E-3zz8mQ&t=2622s,43:42,やはり筋肉は裏切らない,@スティービー,八雲べに,2026-07-07T12:20:11Z
【#ぶいすぽ7周年大感謝祭】ぶいすぽ７周年🎋べにあかりめと視点【ぶいすぽ/八雲べに】,https://www.youtube.com/watch?v=lN1E-3zz8mQ&t=2631s,43:51,筋肉やばすぎｗ,@Cele-rish,八雲べに,2026-07-07T12:20:11Z
【#ぶいすぽ7周年大感謝祭】ぶいすぽ７周年🎋べにあかりめと視点【ぶいすぽ/八雲べに】,https://www.youtube.com/watch?v=lN1E-3zz8mQ&t=2645s,44:05,筋肉すっごいｗｗｗｗｗｗｗ,@ぎみペコ,八雲べに,2026-07-07T12:20:11Z
【#ぶいすぽ7周年大感謝祭】ぶいすぽ７周年🎋べにあかりめと視点【ぶいすぽ/八雲べに】,https://www.youtube.com/watch?v=lN1E-3zz8mQ&t=2654s,44:14,アスリートの筋肉は強いな,@Gooexe,八雲べに,2026-07-07T12:20:11Z
【#ぶいすぽ7周年大感謝祭】ぶいすぽ７周年🎋べにあかりめと視点【ぶいすぽ/八雲べに】,https://www.youtube.com/watch?v=lN1E-3zz8mQ&t=5615s,1:33:35,なんで筋肉＝のせさんなんだｗ,@QuLO-l4mb,八雲べに,2026-07-07T12:20:11Z
【#ぶいすぽ7周年大感謝祭】ぶいすぽ７周年🎋べにあかりめと視点【ぶいすぽ/八雲べに】,https://www.youtube.com/watch?v=lN1E-3zz8mQ&t=5635s,1:33:55,筋肉＝ふぁむのイメージやった,@nanahoshi07_896,八雲べに,2026-07-07T12:20:11Z
【#ぶいすぽ7周年大感謝祭】ぶいすぽ７周年🎋べにあかりめと視点【ぶいすぽ/八雲べに】,https://www.youtube.com/watch?v=lN1E-3zz8mQ&t=6018s,1:40:18,えっど,@gotsuo-6n,八雲べに,2026-07-07T12:20:11Z
【#ぶいすぽ7周年大感謝祭】ぶいすぽ７周年🎋べにあかりめと視点【ぶいすぽ/八雲べに】,https://www.youtube.com/watch?v=lN1E-3zz8mQ&t=6030s,1:40:30,えっど,@SakaboneKoneko,八雲べに,2026-07-07T12:20:11Z
【#ぶいすぽ7周年大感謝祭】ぶいすぽ７周年🎋べにあかりめと視点【ぶいすぽ/八雲べに】,https://www.youtube.com/watch?v=lN1E-3zz8mQ&t=6934s,1:55:34,えっど,@Gooexe,八雲べに,2026-07-07T12:20:11Z
【#ぶいすぽ7周年大感謝祭】ぶいすぽ７周年🎋べにあかりめと視点【ぶいすぽ/八雲べに】,https://www.youtube.com/watch?v=lN1E-3zz8mQ&t=6938s,1:55:38,えっど,@友兼,八雲べに,2026-07-07T12:20:11Z
【#ぶいすぽ7周年大感謝祭】ぶいすぽ７周年🎋べにあかりめと視点【ぶいすぽ/八雲べに】,https://www.youtube.com/watch?v=lN1E-3zz8mQ&t=6942s,1:55:42,えっど,@あかさ田中ak,八雲べに,2026-07-07T12:20:11Z
【#ぶいすぽ7周年大感謝祭】ぶいすぽ７周年🎋べにあかりめと視点【ぶいすぽ/八雲べに】,https://www.youtube.com/watch?v=lN1E-3zz8mQ&t=6956s,1:55:56,えっど,@ShimeSaba_1011,八雲べに,2026-07-07T12:20:11Z
【ワールドカップ同時視聴】DAZNで観る！準々決勝フランスvsモロッコ⚽【ぶいすぽ/八雲べに】,https://www.youtube.com/watch?v=FbJS0D2JUtE&t=3155s,52:35,筋肉痛とか,@シャトーブリアン涼太,八雲べに,2026-07-09T22:13:39Z
【ワールドカップ同時視聴】DAZNで観る！準々決勝フランスvsモロッコ⚽【ぶいすぽ/八雲べに】,https://www.youtube.com/watch?v=FbJS0D2JUtE&t=5088s,1:24:48,えっど,@10月無口な君,八雲べに,2026-07-09T22:13:39Z
【Rocket League】ぶいすぽW杯キターーーー⚽ #ぶいすぽGG【ぶいすぽ/八雲べに】,https://www.youtube.com/watch?v=9fEWh78FRpU&t=802s,13:22,べにさん肉食べて筋肉つけよ！,@花火好き-z7w,八雲べに,2026-07-11T13:30:49Z
【 Escape from Tarkov 】オトモ要請出動🐱w/光葉エニ【ぶいすぽ/八雲べに】,https://www.youtube.com/watch?v=0k85lyW2wM0&t=758s,12:38,筋肉も喜んでます,@うぃる-l7s,八雲べに,2026-07-12T16:12:36Z
【 Escape from Tarkov 】オトモ要請出動🐱w/光葉エニ【ぶいすぽ/八雲べに】,https://www.youtube.com/watch?v=0k85lyW2wM0&t=758s,12:38,やる度に筋肉痛になるのいいね。伸びしろ。,@でででん-yt,八雲べに,2026-07-12T16:12:36Z
【 Escape from Tarkov 】オトモ要請出動🐱w/光葉エニ【ぶいすぽ/八雲べに】,https://www.youtube.com/watch?v=0k85lyW2wM0&t=3876s,1:04:36,えっど,@CIEN2960,八雲べに,2026-07-12T16:12:36Z
【 Escape from Tarkov 】オトモ要請出動🐱w/光葉エニ【ぶいすぽ/八雲べに】,https://www.youtube.com/watch?v=0k85lyW2wM0&t=9494s,2:38:14,えっど,@香具師棗,八雲べに,2026-07-12T16:12:36Z
【マリオテニスフィーバー】コソ練や！！！！！！🎾【ぶいすぽ/八雲べに】,https://www.youtube.com/watch?v=s-PbutFd7ig&t=1269s,21:09,筋肉は偉大,@シャトーブリアン涼太,八雲べに,2026-07-13T13:43:26Z
【マリオテニスフィーバー】コソ練や！！！！！！🎾【ぶいすぽ/八雲べに】,https://www.youtube.com/watch?v=s-PbutFd7ig&t=1476s,24:36,こんばんは25分遅れたんで25回腹筋やります,@りゅうせい-g3g,八雲べに,2026-07-13T13:43:26Z
【マリオテニスフィーバー】コソ練や！！！！！！🎾【ぶいすぽ/八雲べに】,https://www.youtube.com/watch?v=s-PbutFd7ig&t=5092s,1:24:52,えっど,@B4BY__OFFICIAL,八雲べに,2026-07-13T13:43:26Z
【 VCC TENNIS 】勝つぞ！！！！🎾w/柊ツルギ【ぶいすぽ/八雲べに】,https://www.youtube.com/watch?v=T5WHh6i2gWY&t=11655s,3:14:15,これで全部負けたらマジで腹筋割れるくらい笑いそう,@ミラ-u4i,八雲べに,2026-07-14T16:24:58Z
【 VCC TENNIS 】勝つぞ！！！！🎾w/柊ツルギ【ぶいすぽ/八雲べに】,https://www.youtube.com/watch?v=T5WHh6i2gWY&t=23137s,6:25:37,えっど,@k0u-e4,八雲べに,2026-07-14T16:24:58Z
【 VCC TENNIS 】勝つぞ！！！！🎾w/柊ツルギ【ぶいすぽ/八雲べに】,https://www.youtube.com/watch?v=T5WHh6i2gWY&t=23377s,6:29:37,えっど,@メンマ-0o0,八雲べに,2026-07-14T16:24:58Z
【ワールドカップ同時視聴】DAZNで！準決勝フランスvsスペイン⚽【ぶいすぽ/八雲べに】,https://www.youtube.com/watch?v=MW6hi3TJ7CA&t=47s,0:47,腹筋は大丈夫か〜？？？？？？？？,@3クロ,八雲べに,2026-07-14T21:14:10Z
【ワールドカップ同時視聴】DAZNで！準決勝フランスvsスペイン⚽【ぶいすぽ/八雲べに】,https://www.youtube.com/watch?v=MW6hi3TJ7CA&t=1756s,29:16,やっぱスローインの時間短いと筋肉系にくるね,@こんに-r7s,八雲べに,2026-07-14T21:14:10Z
【ワールドカップ同時視聴】DAZNで！準決勝フランスvsスペイン⚽【ぶいすぽ/八雲べに】,https://www.youtube.com/watch?v=MW6hi3TJ7CA&t=4651s,1:17:31,ドゥエの筋肉えぐい,@卵掛け,八雲べに,2026-07-14T21:14:10Z
【ワールドカップ同時視聴】DAZNで！準決勝アルゼンチンvsイングランド⚽【ぶいすぽ/八雲べに】,https://www.youtube.com/watch?v=GacgMSsvvTQ&t=2311s,38:31,えっど,@友兼,八雲べに,2026-07-15T21:40:35Z
【ワールドカップ同時視聴】DAZNで！準決勝アルゼンチンvsイングランド⚽【ぶいすぽ/八雲べに】,https://www.youtube.com/watch?v=GacgMSsvvTQ&t=2325s,38:45,えっど,@dopamineangler,八雲べに,2026-07-15T21:40:35Z
【ワールドカップ同時視聴】DAZNで！準決勝アルゼンチンvsイングランド⚽【ぶいすぽ/八雲べに】,https://www.youtube.com/watch?v=GacgMSsvvTQ&t=3992s,1:06:32,えっど,@sf君,八雲べに,2026-07-15T21:40:35Z
【Minecraft】告知後→20時から夏祭り闘技場作り【ぶいすぽ/八雲べに】,https://www.youtube.com/watch?v=XEQccLXB3WE&t=765s,12:45,え！誰も筋肉痛とか話なかったけど,@かくちゃん-l5r,八雲べに,2026-07-17T15:56:54Z
【Minecraft】告知後→20時から夏祭り闘技場作り【ぶいすぽ/八雲べに】,https://www.youtube.com/watch?v=XEQccLXB3WE&t=908s,15:08,筋肉痛になってたメンバーちらほらいたな,@チャボ-chabo,八雲べに,2026-07-17T15:56:54Z
【Minecraft】告知後→20時から夏祭り闘技場作り【ぶいすぽ/八雲べに】,https://www.youtube.com/watch?v=XEQccLXB3WE&t=996s,16:36,次の日筋肉痛なってたんかなぁ,@さんぷん-s1l,八雲べに,2026-07-17T15:56:54Z
【Minecraft】告知後→20時から夏祭り闘技場作り【ぶいすぽ/八雲べに】,https://www.youtube.com/watch?v=XEQccLXB3WE&t=1014s,16:54,みんな筋肉痛なってた？,@nek0q0p0,八雲べに,2026-07-17T15:56:54Z
【 VCR RUST 】初心者です。おじゃまします🔰【ぶいすぽ/八雲べに】,https://www.youtube.com/watch?v=eweij8nOhWI&t=17466s,4:51:06,全員がべにさんの筋肉になんていうか気になるなぁ,@アポロキング,八雲べに,2026-07-19T18:25:07Z
【#ぶいすぽスポーツテスト】第一回✨3Dスポーツテスト！【八雲べに/猫汰つな/一ノ瀬うるは】,https://www.youtube.com/watch?v=xMgVTq-Hw9E&t=44s,0:44,待機画面えっど,@アポロ11,八雲べに,2026-07-20T12:19:11Z
【#ぶいすぽスポーツテスト】第一回✨3Dスポーツテスト！【八雲べに/猫汰つな/一ノ瀬うるは】,https://www.youtube.com/watch?v=xMgVTq-Hw9E&t=274s,4:34,腹筋できんの？ｗ,@緋色-l7g,八雲べに,2026-07-20T12:19:11Z
【#ぶいすぽスポーツテスト】第一回✨3Dスポーツテスト！【八雲べに/猫汰つな/一ノ瀬うるは】,https://www.youtube.com/watch?v=xMgVTq-Hw9E&t=973s,16:13,えっど,@ShimeSaba_1011,八雲べに,2026-07-20T12:19:11Z
【#ぶいすぽスポーツテスト】第一回✨3Dスポーツテスト！【八雲べに/猫汰つな/一ノ瀬うるは】,https://www.youtube.com/watch?v=xMgVTq-Hw9E&t=977s,16:17,えっど,@cafesdoscoy3309,八雲べに,2026-07-20T12:19:11Z
【#ぶいすぽスポーツテスト】第一回✨3Dスポーツテスト！【八雲べに/猫汰つな/一ノ瀬うるは】,https://www.youtube.com/watch?v=xMgVTq-Hw9E&t=982s,16:22,えっど,@Ryota__100,八雲べに,2026-07-20T12:19:11Z
【#ぶいすぽスポーツテスト】第一回✨3Dスポーツテスト！【八雲べに/猫汰つな/一ノ瀬うるは】,https://www.youtube.com/watch?v=xMgVTq-Hw9E&t=1064s,17:44,えっど,@まーるうさ,八雲べに,2026-07-20T12:19:11Z
【#ぶいすぽスポーツテスト】第一回✨3Dスポーツテスト！【八雲べに/猫汰つな/一ノ瀬うるは】,https://www.youtube.com/watch?v=xMgVTq-Hw9E&t=1254s,20:54,腹筋だー,@真っ白な灰,八雲べに,2026-07-20T12:19:11Z
【#ぶいすぽスポーツテスト】第一回✨3Dスポーツテスト！【八雲べに/猫汰つな/一ノ瀬うるは】,https://www.youtube.com/watch?v=xMgVTq-Hw9E&t=1295s,21:35,腹筋か,@wataruf1628,八雲べに,2026-07-20T12:19:11Z
【#ぶいすぽスポーツテスト】第一回✨3Dスポーツテスト！【八雲べに/猫汰つな/一ノ瀬うるは】,https://www.youtube.com/watch?v=xMgVTq-Hw9E&t=1304s,21:44,腹筋か,@risky33333,八雲べに,2026-07-20T12:19:11Z
【#ぶいすぽスポーツテスト】第一回✨3Dスポーツテスト！【八雲べに/猫汰つな/一ノ瀬うるは】,https://www.youtube.com/watch?v=xMgVTq-Hw9E&t=1309s,21:49,腹筋すごい,@みなみ-min4mi,八雲べに,2026-07-20T12:19:11Z
【#ぶいすぽスポーツテスト】第一回✨3Dスポーツテスト！【八雲べに/猫汰つな/一ノ瀬うるは】,https://www.youtube.com/watch?v=xMgVTq-Hw9E&t=1311s,21:51,腹筋は出来るんだ,@itikawa33333,八雲べに,2026-07-20T12:19:11Z
【#ぶいすぽスポーツテスト】第一回✨3Dスポーツテスト！【八雲べに/猫汰つな/一ノ瀬うるは】,https://www.youtube.com/watch?v=xMgVTq-Hw9E&t=1312s,21:52,腹筋はいけるんや！,@毛まみれ豆腐ちゃん,八雲べに,2026-07-20T12:19:11Z
【#ぶいすぽスポーツテスト】第一回✨3Dスポーツテスト！【八雲べに/猫汰つな/一ノ瀬うるは】,https://www.youtube.com/watch?v=xMgVTq-Hw9E&t=1313s,21:53,腹筋強いな,@ホルモンヌ,八雲べに,2026-07-20T12:19:11Z
【#ぶいすぽスポーツテスト】第一回✨3Dスポーツテスト！【八雲べに/猫汰つな/一ノ瀬うるは】,https://www.youtube.com/watch?v=xMgVTq-Hw9E&t=1313s,21:53,きゃー腹筋は強い,@prothesisable,八雲べに,2026-07-20T12:19:11Z
【#ぶいすぽスポーツテスト】第一回✨3Dスポーツテスト！【八雲べに/猫汰つな/一ノ瀬うるは】,https://www.youtube.com/watch?v=xMgVTq-Hw9E&t=1313s,21:53,腹筋はある,@pipi4394,八雲べに,2026-07-20T12:19:11Z
【#ぶいすぽスポーツテスト】第一回✨3Dスポーツテスト！【八雲べに/猫汰つな/一ノ瀬うるは】,https://www.youtube.com/watch?v=xMgVTq-Hw9E&t=1314s,21:54,腹筋は出来るんやw,@tirolian-33,八雲べに,2026-07-20T12:19:11Z
【#ぶいすぽスポーツテスト】第一回✨3Dスポーツテスト！【八雲べに/猫汰つな/一ノ瀬うるは】,https://www.youtube.com/watch?v=xMgVTq-Hw9E&t=1316s,21:56,腹筋はや,@k0u-e4,八雲べに,2026-07-20T12:19:11Z
【#ぶいすぽスポーツテスト】第一回✨3Dスポーツテスト！【八雲べに/猫汰つな/一ノ瀬うるは】,https://www.youtube.com/watch?v=xMgVTq-Hw9E&t=1318s,21:58,腹筋すごい,@リキペディア-t6r,八雲べに,2026-07-20T12:19:11Z
【#ぶいすぽスポーツテスト】第一回✨3Dスポーツテスト！【八雲べに/猫汰つな/一ノ瀬うるは】,https://www.youtube.com/watch?v=xMgVTq-Hw9E&t=1322s,22:02,腹筋は意外と強い,@真っ白な灰,八雲べに,2026-07-20T12:19:11Z
【#ぶいすぽスポーツテスト】第一回✨3Dスポーツテスト！【八雲べに/猫汰つな/一ノ瀬うるは】,https://www.youtube.com/watch?v=xMgVTq-Hw9E&t=1322s,22:02,腹筋はいけんやな,@せんかず_896,八雲べに,2026-07-20T12:19:11Z
【#ぶいすぽスポーツテスト】第一回✨3Dスポーツテスト！【八雲べに/猫汰つな/一ノ瀬うるは】,https://www.youtube.com/watch?v=xMgVTq-Hw9E&t=1324s,22:04,腹筋はやってる人だこれ,@NyariSis-dob,八雲べに,2026-07-20T12:19:11Z
【#ぶいすぽスポーツテスト】第一回✨3Dスポーツテスト！【八雲べに/猫汰つな/一ノ瀬うるは】,https://www.youtube.com/watch?v=xMgVTq-Hw9E&t=1324s,22:04,腹筋って今こういう言い方なん？,@bi-na_fujibayashi,八雲べに,2026-07-20T12:19:11Z
【#ぶいすぽスポーツテスト】第一回✨3Dスポーツテスト！【八雲べに/猫汰つな/一ノ瀬うるは】,https://www.youtube.com/watch?v=xMgVTq-Hw9E&t=1327s,22:07,腹筋すごい！w,@joker-hp7dm,八雲べに,2026-07-20T12:19:11Z
【#ぶいすぽスポーツテスト】第一回✨3Dスポーツテスト！【八雲べに/猫汰つな/一ノ瀬うるは】,https://www.youtube.com/watch?v=xMgVTq-Hw9E&t=1327s,22:07,腹筋結構できてる！,@覚醒の鬼饅頭,八雲べに,2026-07-20T12:19:11Z
【#ぶいすぽスポーツテスト】第一回✨3Dスポーツテスト！【八雲べに/猫汰つな/一ノ瀬うるは】,https://www.youtube.com/watch?v=xMgVTq-Hw9E&t=1344s,22:24,腹筋あるな,@あんず-j5s,八雲べに,2026-07-20T12:19:11Z
【#ぶいすぽスポーツテスト】第一回✨3Dスポーツテスト！【八雲べに/猫汰つな/一ノ瀬うるは】,https://www.youtube.com/watch?v=xMgVTq-Hw9E&t=1357s,22:37,腹筋とスクワットは女子のたしなみか,@キリシマ156,八雲べに,2026-07-20T12:19:11Z
【#ぶいすぽスポーツテスト】第一回✨3Dスポーツテスト！【八雲べに/猫汰つな/一ノ瀬うるは】,https://www.youtube.com/watch?v=xMgVTq-Hw9E&t=1358s,22:38,なずぴ腹筋できてる,@Suzu896,八雲べに,2026-07-20T12:19:11Z
【#ぶいすぽスポーツテスト】第一回✨3Dスポーツテスト！【八雲べに/猫汰つな/一ノ瀬うるは】,https://www.youtube.com/watch?v=xMgVTq-Hw9E&t=1363s,22:43,腹筋はあるのか,@焼肉弁当-198,八雲べに,2026-07-20T12:19:11Z
【#ぶいすぽスポーツテスト】第一回✨3Dスポーツテスト！【八雲べに/猫汰つな/一ノ瀬うるは】,https://www.youtube.com/watch?v=xMgVTq-Hw9E&t=1368s,22:48,腹筋は強い,@グリヴェン,八雲べに,2026-07-20T12:19:11Z
【#ぶいすぽスポーツテスト】第一回✨3Dスポーツテスト！【八雲べに/猫汰つな/一ノ瀬うるは】,https://www.youtube.com/watch?v=xMgVTq-Hw9E&t=1378s,22:58,次の日筋肉痛すごそう,@まるる-e8r,八雲べに,2026-07-20T12:19:11Z
【#ぶいすぽスポーツテスト】第一回✨3Dスポーツテスト！【八雲べに/猫汰つな/一ノ瀬うるは】,https://www.youtube.com/watch?v=xMgVTq-Hw9E&t=1387s,23:07,筋肉痛不可避,@pipi4394,八雲べに,2026-07-20T12:19:11Z
【#ぶいすぽスポーツテスト】第一回✨3Dスポーツテスト！【八雲べに/猫汰つな/一ノ瀬うるは】,https://www.youtube.com/watch?v=xMgVTq-Hw9E&t=1395s,23:15,腹筋は強いんやなあ,@おみや-Omiya0320,八雲べに,2026-07-20T12:19:11Z
【#ぶいすぽスポーツテスト】第一回✨3Dスポーツテスト！【八雲べに/猫汰つな/一ノ瀬うるは】,https://www.youtube.com/watch?v=xMgVTq-Hw9E&t=1411s,23:31,腹筋には効いてそうだｗｗｗ,@ベルリソ,八雲べに,2026-07-20T12:19:11Z
【#ぶいすぽスポーツテスト】第一回✨3Dスポーツテスト！【八雲べに/猫汰つな/一ノ瀬うるは】,https://www.youtube.com/watch?v=xMgVTq-Hw9E&t=1503s,25:03,れん君は腹筋割れてるはずでは？！,@yamada_1268,八雲べに,2026-07-20T12:19:11Z
【#ぶいすぽスポーツテスト】第一回✨3Dスポーツテスト！【八雲べに/猫汰つな/一ノ瀬うるは】,https://www.youtube.com/watch?v=xMgVTq-Hw9E&t=1504s,25:04,なずぴ腹筋バキバキ説出てきたか,@croimura,八雲べに,2026-07-20T12:19:11Z
【#ぶいすぽスポーツテスト】第一回✨3Dスポーツテスト！【八雲べに/猫汰つな/一ノ瀬うるは】,https://www.youtube.com/watch?v=xMgVTq-Hw9E&t=1533s,25:33,結構筋肉ある部位違うんだな,@静けさの中に,八雲べに,2026-07-20T12:19:11Z
【#ぶいすぽスポーツテスト】第一回✨3Dスポーツテスト！【八雲べに/猫汰つな/一ノ瀬うるは】,https://www.youtube.com/watch?v=xMgVTq-Hw9E&t=1537s,25:37,なずぴなんで腹筋あるんだ逆に,@ちくわの輪切り,八雲べに,2026-07-20T12:19:11Z
【#ぶいすぽスポーツテスト】第一回✨3Dスポーツテスト！【八雲べに/猫汰つな/一ノ瀬うるは】,https://www.youtube.com/watch?v=xMgVTq-Hw9E&t=1570s,26:10,筋肉のある動きだ,@夜ねこ,八雲べに,2026-07-20T12:19:11Z
【#ぶいすぽスポーツテスト】第一回✨3Dスポーツテスト！【八雲べに/猫汰つな/一ノ瀬うるは】,https://www.youtube.com/watch?v=xMgVTq-Hw9E&t=1599s,26:39,一旦腹筋弱いか,@きゃなりーだお,八雲べに,2026-07-20T12:19:11Z
【#ぶいすぽスポーツテスト】第一回✨3Dスポーツテスト！【八雲べに/猫汰つな/一ノ瀬うるは】,https://www.youtube.com/watch?v=xMgVTq-Hw9E&t=1624s,27:04,らむち絶対次の日筋肉痛になってるなｗｗ,@おすず_osuzu,八雲べに,2026-07-20T12:19:11Z
【#ぶいすぽスポーツテスト】第一回✨3Dスポーツテスト！【八雲べに/猫汰つな/一ノ瀬うるは】,https://www.youtube.com/watch?v=xMgVTq-Hw9E&t=1628s,27:08,えっど,@まーるうさ,八雲べに,2026-07-20T12:19:11Z
【#ぶいすぽスポーツテスト】第一回✨3Dスポーツテスト！【八雲べに/猫汰つな/一ノ瀬うるは】,https://www.youtube.com/watch?v=xMgVTq-Hw9E&t=1630s,27:10,なずぴなんで腹筋はいけるんだ,@jix-h5b,八雲べに,2026-07-20T12:19:11Z
【#ぶいすぽスポーツテスト】第一回✨3Dスポーツテスト！【八雲べに/猫汰つな/一ノ瀬うるは】,https://www.youtube.com/watch?v=xMgVTq-Hw9E&t=1639s,27:19,なずちゃん腹筋つよつよ,@カピバラ参,八雲べに,2026-07-20T12:19:11Z
【#ぶいすぽスポーツテスト】第一回✨3Dスポーツテスト！【八雲べに/猫汰つな/一ノ瀬うるは】,https://www.youtube.com/watch?v=xMgVTq-Hw9E&t=1646s,27:26,腕立ては最弱だけど腹筋は最強だった,@PCGAME39,八雲べに,2026-07-20T12:19:11Z
【#ぶいすぽスポーツテスト】第一回✨3Dスポーツテスト！【八雲べに/猫汰つな/一ノ瀬うるは】,https://www.youtube.com/watch?v=xMgVTq-Hw9E&t=2043s,34:03,やっぱり配信者は脚の筋肉が厳しそうやな,@カピバラ参,八雲べに,2026-07-20T12:19:11Z
【#ぶいすぽスポーツテスト】第一回✨3Dスポーツテスト！【八雲べに/猫汰つな/一ノ瀬うるは】,https://www.youtube.com/watch?v=xMgVTq-Hw9E&t=2880s,48:00,えっど,@miepdfdfdf,八雲べに,2026-07-20T12:19:11Z
【#ぶいすぽスポーツテスト】第一回✨3Dスポーツテスト！【八雲べに/猫汰つな/一ノ瀬うるは】,https://www.youtube.com/watch?v=xMgVTq-Hw9E&t=2885s,48:05,えっど,@どら焼きの抹茶添え,八雲べに,2026-07-20T12:19:11Z
【#ぶいすぽスポーツテスト】第一回✨3Dスポーツテスト！【八雲べに/猫汰つな/一ノ瀬うるは】,https://www.youtube.com/watch?v=xMgVTq-Hw9E&t=2887s,48:07,えっど,@どろっぷ0131,八雲べに,2026-07-20T12:19:11Z
【#ぶいすぽスポーツテスト】第一回✨3Dスポーツテスト！【八雲べに/猫汰つな/一ノ瀬うるは】,https://www.youtube.com/watch?v=xMgVTq-Hw9E&t=2889s,48:09,えっど,@りおりお-w5x,八雲べに,2026-07-20T12:19:11Z
【#ぶいすぽスポーツテスト】第一回✨3Dスポーツテスト！【八雲べに/猫汰つな/一ノ瀬うるは】,https://www.youtube.com/watch?v=xMgVTq-Hw9E&t=2890s,48:10,えっど,@cafesdoscoy3309,八雲べに,2026-07-20T12:19:11Z
【#ぶいすぽスポーツテスト】第一回✨3Dスポーツテスト！【八雲べに/猫汰つな/一ノ瀬うるは】,https://www.youtube.com/watch?v=xMgVTq-Hw9E&t=2890s,48:10,えっど,@でーもぬわぬ,八雲べに,2026-07-20T12:19:11Z
【#ぶいすぽスポーツテスト】第一回✨3Dスポーツテスト！【八雲べに/猫汰つな/一ノ瀬うるは】,https://www.youtube.com/watch?v=xMgVTq-Hw9E&t=2891s,48:11,えっど,@atakanbo7209,八雲べに,2026-07-20T12:19:11Z
【#ぶいすぽスポーツテスト】第一回✨3Dスポーツテスト！【八雲べに/猫汰つな/一ノ瀬うるは】,https://www.youtube.com/watch?v=xMgVTq-Hw9E&t=2891s,48:11,なんかえっどいｗｗ,@PCGAME39,八雲べに,2026-07-20T12:19:11Z
【#ぶいすぽスポーツテスト】第一回✨3Dスポーツテスト！【八雲べに/猫汰つな/一ノ瀬うるは】,https://www.youtube.com/watch?v=xMgVTq-Hw9E&t=2891s,48:11,えっど,@ちゃに109,八雲べに,2026-07-20T12:19:11Z
【#ぶいすぽスポーツテスト】第一回✨3Dスポーツテスト！【八雲べに/猫汰つな/一ノ瀬うるは】,https://www.youtube.com/watch?v=xMgVTq-Hw9E&t=2891s,48:11,えっど,@モチャ-f1p,八雲べに,2026-07-20T12:19:11Z
【#ぶいすぽスポーツテスト】第一回✨3Dスポーツテスト！【八雲べに/猫汰つな/一ノ瀬うるは】,https://www.youtube.com/watch?v=xMgVTq-Hw9E&t=2892s,48:12,えっど,@invel-ic7mf,八雲べに,2026-07-20T12:19:11Z
【#ぶいすぽスポーツテスト】第一回✨3Dスポーツテスト！【八雲べに/猫汰つな/一ノ瀬うるは】,https://www.youtube.com/watch?v=xMgVTq-Hw9E&t=2893s,48:13,えっど,@chiyu0915,八雲べに,2026-07-20T12:19:11Z
【#ぶいすぽスポーツテスト】第一回✨3Dスポーツテスト！【八雲べに/猫汰つな/一ノ瀬うるは】,https://www.youtube.com/watch?v=xMgVTq-Hw9E&t=2893s,48:13,えっど,@poi2880,八雲べに,2026-07-20T12:19:11Z
【#ぶいすぽスポーツテスト】第一回✨3Dスポーツテスト！【八雲べに/猫汰つな/一ノ瀬うるは】,https://www.youtube.com/watch?v=xMgVTq-Hw9E&t=2893s,48:13,えっどｗｗｗｗｗｗｗｗｗｗｗｗ,@11さんちゃん,八雲べに,2026-07-20T12:19:11Z
【#ぶいすぽスポーツテスト】第一回✨3Dスポーツテスト！【八雲べに/猫汰つな/一ノ瀬うるは】,https://www.youtube.com/watch?v=xMgVTq-Hw9E&t=2894s,48:14,えっど,@まるる-e8r,八雲べに,2026-07-20T12:19:11Z
【#ぶいすぽスポーツテスト】第一回✨3Dスポーツテスト！【八雲べに/猫汰つな/一ノ瀬うるは】,https://www.youtube.com/watch?v=xMgVTq-Hw9E&t=2894s,48:14,えっどｗ,@hayakatsu9928,八雲べに,2026-07-20T12:19:11Z
【#ぶいすぽスポーツテスト】第一回✨3Dスポーツテスト！【八雲べに/猫汰つな/一ノ瀬うるは】,https://www.youtube.com/watch?v=xMgVTq-Hw9E&t=2894s,48:14,えっど,@オムライス-g6i,八雲べに,2026-07-20T12:19:11Z
【#ぶいすぽスポーツテスト】第一回✨3Dスポーツテスト！【八雲べに/猫汰つな/一ノ瀬うるは】,https://www.youtube.com/watch?v=xMgVTq-Hw9E&t=2894s,48:14,えっど,@あげだしどうふっ,八雲べに,2026-07-20T12:19:11Z
【#ぶいすぽスポーツテスト】第一回✨3Dスポーツテスト！【八雲べに/猫汰つな/一ノ瀬うるは】,https://www.youtube.com/watch?v=xMgVTq-Hw9E&t=2894s,48:14,えっど,@hajime-61,八雲べに,2026-07-20T12:19:11Z
【#ぶいすぽスポーツテスト】第一回✨3Dスポーツテスト！【八雲べに/猫汰つな/一ノ瀬うるは】,https://www.youtube.com/watch?v=xMgVTq-Hw9E&t=2895s,48:15,えっど,@れたす-g7n,八雲べに,2026-07-20T12:19:11Z
【#ぶいすぽスポーツテスト】第一回✨3Dスポーツテスト！【八雲べに/猫汰つな/一ノ瀬うるは】,https://www.youtube.com/watch?v=xMgVTq-Hw9E&t=2895s,48:15,えっど,@アマビエ2世-Fv5,八雲べに,2026-07-20T12:19:11Z
【#ぶいすぽスポーツテスト】第一回✨3Dスポーツテスト！【八雲べに/猫汰つな/一ノ瀬うるは】,https://www.youtube.com/watch?v=xMgVTq-Hw9E&t=2896s,48:16,えっど,@m_shigaraki,八雲べに,2026-07-20T12:19:11Z
【#ぶいすぽスポーツテスト】第一回✨3Dスポーツテスト！【八雲べに/猫汰つな/一ノ瀬うるは】,https://www.youtube.com/watch?v=xMgVTq-Hw9E&t=2896s,48:16,えっど,@Jabberwocky3,八雲べに,2026-07-20T12:19:11Z
【#ぶいすぽスポーツテスト】第一回✨3Dスポーツテスト！【八雲べに/猫汰つな/一ノ瀬うるは】,https://www.youtube.com/watch?v=xMgVTq-Hw9E&t=2896s,48:16,えっど,@チャンポン-s8j,八雲べに,2026-07-20T12:19:11Z
【#ぶいすぽスポーツテスト】第一回✨3Dスポーツテスト！【八雲べに/猫汰つな/一ノ瀬うるは】,https://www.youtube.com/watch?v=xMgVTq-Hw9E&t=2897s,48:17,えっど,@jix-h5b,八雲べに,2026-07-20T12:19:11Z
【#ぶいすぽスポーツテスト】第一回✨3Dスポーツテスト！【八雲べに/猫汰つな/一ノ瀬うるは】,https://www.youtube.com/watch?v=xMgVTq-Hw9E&t=2897s,48:17,えっど,@たもちょ,八雲べに,2026-07-20T12:19:11Z
【#ぶいすぽスポーツテスト】第一回✨3Dスポーツテスト！【八雲べに/猫汰つな/一ノ瀬うるは】,https://www.youtube.com/watch?v=xMgVTq-Hw9E&t=2897s,48:17,えっど,@るが-o9u,八雲べに,2026-07-20T12:19:11Z
【#ぶいすぽスポーツテスト】第一回✨3Dスポーツテスト！【八雲べに/猫汰つな/一ノ瀬うるは】,https://www.youtube.com/watch?v=xMgVTq-Hw9E&t=2897s,48:17,えっど,@oreapo9522,八雲べに,2026-07-20T12:19:11Z
【#ぶいすぽスポーツテスト】第一回✨3Dスポーツテスト！【八雲べに/猫汰つな/一ノ瀬うるは】,https://www.youtube.com/watch?v=xMgVTq-Hw9E&t=2897s,48:17,えっど,@ウェザリア,八雲べに,2026-07-20T12:19:11Z
【#ぶいすぽスポーツテスト】第一回✨3Dスポーツテスト！【八雲べに/猫汰つな/一ノ瀬うるは】,https://www.youtube.com/watch?v=xMgVTq-Hw9E&t=2898s,48:18,えっど,@caura7991,八雲べに,2026-07-20T12:19:11Z
【#ぶいすぽスポーツテスト】第一回✨3Dスポーツテスト！【八雲べに/猫汰つな/一ノ瀬うるは】,https://www.youtube.com/watch?v=xMgVTq-Hw9E&t=2899s,48:19,えっど,@keganimaki6606,八雲べに,2026-07-20T12:19:11Z
【#ぶいすぽスポーツテスト】第一回✨3Dスポーツテスト！【八雲べに/猫汰つな/一ノ瀬うるは】,https://www.youtube.com/watch?v=xMgVTq-Hw9E&t=2900s,48:20,えっど,@ごくおじ,八雲べに,2026-07-20T12:19:11Z
【#ぶいすぽスポーツテスト】第一回✨3Dスポーツテスト！【八雲べに/猫汰つな/一ノ瀬うるは】,https://www.youtube.com/watch?v=xMgVTq-Hw9E&t=2900s,48:20,えっど,@ゆゆゆ-ex,八雲べに,2026-07-20T12:19:11Z
【#ぶいすぽスポーツテスト】第一回✨3Dスポーツテスト！【八雲べに/猫汰つな/一ノ瀬うるは】,https://www.youtube.com/watch?v=xMgVTq-Hw9E&t=2900s,48:20,えっど,@ハルえもん-vc,八雲べに,2026-07-20T12:19:11Z
【#ぶいすぽスポーツテスト】第一回✨3Dスポーツテスト！【八雲べに/猫汰つな/一ノ瀬うるは】,https://www.youtube.com/watch?v=xMgVTq-Hw9E&t=2900s,48:20,えっど,@お茶さん-e8b,八雲べに,2026-07-20T12:19:11Z
【#ぶいすぽスポーツテスト】第一回✨3Dスポーツテスト！【八雲べに/猫汰つな/一ノ瀬うるは】,https://www.youtube.com/watch?v=xMgVTq-Hw9E&t=2900s,48:20,えっど,@saki_13723,八雲べに,2026-07-20T12:19:11Z
【#ぶいすぽスポーツテスト】第一回✨3Dスポーツテスト！【八雲べに/猫汰つな/一ノ瀬うるは】,https://www.youtube.com/watch?v=xMgVTq-Hw9E&t=2900s,48:20,えっど,@NyariSis-dob,八雲べに,2026-07-20T12:19:11Z
【#ぶいすぽスポーツテスト】第一回✨3Dスポーツテスト！【八雲べに/猫汰つな/一ノ瀬うるは】,https://www.youtube.com/watch?v=xMgVTq-Hw9E&t=2901s,48:21,えっど！！！！！！！！！！！！,@murqb1t0_b20,八雲べに,2026-07-20T12:19:11Z
【#ぶいすぽスポーツテスト】第一回✨3Dスポーツテスト！【八雲べに/猫汰つな/一ノ瀬うるは】,https://www.youtube.com/watch?v=xMgVTq-Hw9E&t=2901s,48:21,えっど,@激森メガジュカイン,八雲べに,2026-07-20T12:19:11Z
【#ぶいすぽスポーツテスト】第一回✨3Dスポーツテスト！【八雲べに/猫汰つな/一ノ瀬うるは】,https://www.youtube.com/watch?v=xMgVTq-Hw9E&t=2902s,48:22,えっど,@たっつん-i3w,八雲べに,2026-07-20T12:19:11Z
【#ぶいすぽスポーツテスト】第一回✨3Dスポーツテスト！【八雲べに/猫汰つな/一ノ瀬うるは】,https://www.youtube.com/watch?v=xMgVTq-Hw9E&t=2903s,48:23,えっど,@のありんnll,八雲べに,2026-07-20T12:19:11Z
【#ぶいすぽスポーツテスト】第一回✨3Dスポーツテスト！【八雲べに/猫汰つな/一ノ瀬うるは】,https://www.youtube.com/watch?v=xMgVTq-Hw9E&t=2903s,48:23,えっどw,@けい-896,八雲べに,2026-07-20T12:19:11Z
【#ぶいすぽスポーツテスト】第一回✨3Dスポーツテスト！【八雲べに/猫汰つな/一ノ瀬うるは】,https://www.youtube.com/watch?v=xMgVTq-Hw9E&t=2904s,48:24,えっど,@社畜の人生,八雲べに,2026-07-20T12:19:11Z
【#ぶいすぽスポーツテスト】第一回✨3Dスポーツテスト！【八雲べに/猫汰つな/一ノ瀬うるは】,https://www.youtube.com/watch?v=xMgVTq-Hw9E&t=2904s,48:24,えっどw,@Kiriさん,八雲べに,2026-07-20T12:19:11Z
【#ぶいすぽスポーツテスト】第一回✨3Dスポーツテスト！【八雲べに/猫汰つな/一ノ瀬うるは】,https://www.youtube.com/watch?v=xMgVTq-Hw9E&t=2904s,48:24,えっど,@ShimeSaba_1011,八雲べに,2026-07-20T12:19:11Z
【#ぶいすぽスポーツテスト】第一回✨3Dスポーツテスト！【八雲べに/猫汰つな/一ノ瀬うるは】,https://www.youtube.com/watch?v=xMgVTq-Hw9E&t=2904s,48:24,えっどｗ,@スラッピヨ,八雲べに,2026-07-20T12:19:11Z
【#ぶいすぽスポーツテスト】第一回✨3Dスポーツテスト！【八雲べに/猫汰つな/一ノ瀬うるは】,https://www.youtube.com/watch?v=xMgVTq-Hw9E&t=2907s,48:27,えっど,@gamaveses,八雲べに,2026-07-20T12:19:11Z
【#ぶいすぽスポーツテスト】第一回✨3Dスポーツテスト！【八雲べに/猫汰つな/一ノ瀬うるは】,https://www.youtube.com/watch?v=xMgVTq-Hw9E&t=2908s,48:28,えっどｗｗｗ,@師匠-x5u,八雲べに,2026-07-20T12:19:11Z
【#ぶいすぽスポーツテスト】第一回✨3Dスポーツテスト！【八雲べに/猫汰つな/一ノ瀬うるは】,https://www.youtube.com/watch?v=xMgVTq-Hw9E&t=2908s,48:28,えっどw,@チョコチップクッキー_マムたん,八雲べに,2026-07-20T12:19:11Z
【#ぶいすぽスポーツテスト】第一回✨3Dスポーツテスト！【八雲べに/猫汰つな/一ノ瀬うるは】,https://www.youtube.com/watch?v=xMgVTq-Hw9E&t=2911s,48:31,えっど,@シン-v1y,八雲べに,2026-07-20T12:19:11Z
【#ぶいすぽスポーツテスト】第一回✨3Dスポーツテスト！【八雲べに/猫汰つな/一ノ瀬うるは】,https://www.youtube.com/watch?v=xMgVTq-Hw9E&t=2914s,48:34,えっど,@torotoro0224,八雲べに,2026-07-20T12:19:11Z
【#ぶいすぽスポーツテスト】第一回✨3Dスポーツテスト！【八雲べに/猫汰つな/一ノ瀬うるは】,https://www.youtube.com/watch?v=xMgVTq-Hw9E&t=2918s,48:38,えっど,@ソンナバナナオト,八雲べに,2026-07-20T12:19:11Z
【#ぶいすぽスポーツテスト】第一回✨3Dスポーツテスト！【八雲べに/猫汰つな/一ノ瀬うるは】,https://www.youtube.com/watch?v=xMgVTq-Hw9E&t=2919s,48:39,えっど,@nekokuro-oz2jd,八雲べに,2026-07-20T12:19:11Z
【#ぶいすぽスポーツテスト】第一回✨3Dスポーツテスト！【八雲べに/猫汰つな/一ノ瀬うるは】,https://www.youtube.com/watch?v=xMgVTq-Hw9E&t=2925s,48:45,えっどいなぁ,@マラマラの実,八雲べに,2026-07-20T12:19:11Z
【#ぶいすぽスポーツテスト】第一回✨3Dスポーツテスト！【八雲べに/猫汰つな/一ノ瀬うるは】,https://www.youtube.com/watch?v=xMgVTq-Hw9E&t=3039s,50:39,筋肉担当やなぁ,@panther-nyaa,八雲べに,2026-07-20T12:19:11Z
【#ぶいすぽスポーツテスト】第一回✨3Dスポーツテスト！【八雲べに/猫汰つな/一ノ瀬うるは】,https://www.youtube.com/watch?v=xMgVTq-Hw9E&t=3113s,51:53,いろんな筋肉使ってるｗｗｗ,@Keitorabunbun,八雲べに,2026-07-20T12:19:11Z
【#ぶいすぽスポーツテスト】第一回✨3Dスポーツテスト！【八雲べに/猫汰つな/一ノ瀬うるは】,https://www.youtube.com/watch?v=xMgVTq-Hw9E&t=3113s,51:53,いもむし腹筋ｗｗ,@もりもり-y1m,八雲べに,2026-07-20T12:19:11Z
【#ぶいすぽスポーツテスト】第一回✨3Dスポーツテスト！【八雲べに/猫汰つな/一ノ瀬うるは】,https://www.youtube.com/watch?v=xMgVTq-Hw9E&t=3114s,51:54,捻り腹筋,@gotsuo-6n,八雲べに,2026-07-20T12:19:11Z
【#ぶいすぽスポーツテスト】第一回✨3Dスポーツテスト！【八雲べに/猫汰つな/一ノ瀬うるは】,https://www.youtube.com/watch?v=xMgVTq-Hw9E&t=3122s,52:02,こんな腹筋見たことないｗｗｗ,@wooooodcore,八雲べに,2026-07-20T12:19:11Z
【#ぶいすぽスポーツテスト】第一回✨3Dスポーツテスト！【八雲べに/猫汰つな/一ノ瀬うるは】,https://www.youtube.com/watch?v=xMgVTq-Hw9E&t=3127s,52:07,腹筋が足りてないｗ,@tobias0930,八雲べに,2026-07-20T12:19:11Z
【#ぶいすぽスポーツテスト】第一回✨3Dスポーツテスト！【八雲べに/猫汰つな/一ノ瀬うるは】,https://www.youtube.com/watch?v=xMgVTq-Hw9E&t=3127s,52:07,側面の筋肉使ってます笑,@毛まみれ豆腐ちゃん,八雲べに,2026-07-20T12:19:11Z
【#ぶいすぽスポーツテスト】第一回✨3Dスポーツテスト！【八雲べに/猫汰つな/一ノ瀬うるは】,https://www.youtube.com/watch?v=xMgVTq-Hw9E&t=3135s,52:15,ひねり腹筋？？w,@ouryu_alice,八雲べに,2026-07-20T12:19:11Z
【#ぶいすぽスポーツテスト】第一回✨3Dスポーツテスト！【八雲べに/猫汰つな/一ノ瀬うるは】,https://www.youtube.com/watch?v=xMgVTq-Hw9E&t=3136s,52:16,限界の人の腹筋ｗｗ,@Suzu896,八雲べに,2026-07-20T12:19:11Z
【#ぶいすぽスポーツテスト】第一回✨3Dスポーツテスト！【八雲べに/猫汰つな/一ノ瀬うるは】,https://www.youtube.com/watch?v=xMgVTq-Hw9E&t=3140s,52:20,腹筋は慣れないとアレだからのうｗｗｗ,@れすおうる-m6g,八雲べに,2026-07-20T12:19:11Z
【#ぶいすぽスポーツテスト】第一回✨3Dスポーツテスト！【八雲べに/猫汰つな/一ノ瀬うるは】,https://www.youtube.com/watch?v=xMgVTq-Hw9E&t=3141s,52:21,左右の腹筋鍛えてる,@ほね-i8c,八雲べに,2026-07-20T12:19:11Z
【#ぶいすぽスポーツテスト】第一回✨3Dスポーツテスト！【八雲べに/猫汰つな/一ノ瀬うるは】,https://www.youtube.com/watch?v=xMgVTq-Hw9E&t=3143s,52:23,腹筋w,@mu-syan1742,八雲べに,2026-07-20T12:19:11Z
【#ぶいすぽスポーツテスト】第一回✨3Dスポーツテスト！【八雲べに/猫汰つな/一ノ瀬うるは】,https://www.youtube.com/watch?v=xMgVTq-Hw9E&t=3146s,52:26,リサちゃん腹筋無さすぎや,@Atsushi713,八雲べに,2026-07-20T12:19:11Z
【#ぶいすぽスポーツテスト】第一回✨3Dスポーツテスト！【八雲べに/猫汰つな/一ノ瀬うるは】,https://www.youtube.com/watch?v=xMgVTq-Hw9E&t=3147s,52:27,腹筋の癖がつよいw,@こういち-w4r,八雲べに,2026-07-20T12:19:11Z
【#ぶいすぽスポーツテスト】第一回✨3Dスポーツテスト！【八雲べに/猫汰つな/一ノ瀬うるは】,https://www.youtube.com/watch?v=xMgVTq-Hw9E&t=3150s,52:30,腹筋が一番できそうやけどな,@SAMURhyme,八雲べに,2026-07-20T12:19:11Z
【#ぶいすぽスポーツテスト】第一回✨3Dスポーツテスト！【八雲べに/猫汰つな/一ノ瀬うるは】,https://www.youtube.com/watch?v=xMgVTq-Hw9E&t=3155s,52:35,腹筋以外をｗ,@gonVgon,八雲べに,2026-07-20T12:19:11Z
【#ぶいすぽスポーツテスト】第一回✨3Dスポーツテスト！【八雲べに/猫汰つな/一ノ瀬うるは】,https://www.youtube.com/watch?v=xMgVTq-Hw9E&t=3157s,52:37,腹筋弱いなｗ,@グリヴェン,八雲べに,2026-07-20T12:19:11Z
【#ぶいすぽスポーツテスト】第一回✨3Dスポーツテスト！【八雲べに/猫汰つな/一ノ瀬うるは】,https://www.youtube.com/watch?v=xMgVTq-Hw9E&t=3165s,52:45,腹筋ないけどやる気だけある笑,@ゆーま-n1x,八雲べに,2026-07-20T12:19:11Z
【#ぶいすぽスポーツテスト】第一回✨3Dスポーツテスト！【八雲べに/猫汰つな/一ノ瀬うるは】,https://www.youtube.com/watch?v=xMgVTq-Hw9E&t=3180s,53:00,はなびはつよそうだな腹筋,@PCGAME39,八雲べに,2026-07-20T12:19:11Z
【#ぶいすぽスポーツテスト】第一回✨3Dスポーツテスト！【八雲べに/猫汰つな/一ノ瀬うるは】,https://www.youtube.com/watch?v=xMgVTq-Hw9E&t=3193s,53:13,陸上は腹筋あるはず,@真っ白な灰,八雲べに,2026-07-20T12:19:11Z
【#ぶいすぽスポーツテスト】第一回✨3Dスポーツテスト！【八雲べに/猫汰つな/一ノ瀬うるは】,https://www.youtube.com/watch?v=xMgVTq-Hw9E&t=3203s,53:23,筋肉痛確定かww,@sub-gb1xf,八雲べに,2026-07-20T12:19:11Z
【#ぶいすぽスポーツテスト】第一回✨3Dスポーツテスト！【八雲べに/猫汰つな/一ノ瀬うるは】,https://www.youtube.com/watch?v=xMgVTq-Hw9E&t=3219s,53:39,しっかり腹筋使ってる感じあるな,@帰家穏坐,八雲べに,2026-07-20T12:19:11Z
【#ぶいすぽスポーツテスト】第一回✨3Dスポーツテスト！【八雲べに/猫汰つな/一ノ瀬うるは】,https://www.youtube.com/watch?v=xMgVTq-Hw9E&t=3220s,53:40,躍動の腹筋！！,@シャドームーンのぶひこ,八雲べに,2026-07-20T12:19:11Z
【#ぶいすぽスポーツテスト】第一回✨3Dスポーツテスト！【八雲べに/猫汰つな/一ノ瀬うるは】,https://www.youtube.com/watch?v=xMgVTq-Hw9E&t=3232s,53:52,腹筋極振りか,@シューターおじさま,八雲べに,2026-07-20T12:19:11Z
【#ぶいすぽスポーツテスト】第一回✨3Dスポーツテスト！【八雲べに/猫汰つな/一ノ瀬うるは】,https://www.youtube.com/watch?v=xMgVTq-Hw9E&t=3233s,53:53,腹筋バキバキ系女子,@pplolo5169,八雲べに,2026-07-20T12:19:11Z
【#ぶいすぽスポーツテスト】第一回✨3Dスポーツテスト！【八雲べに/猫汰つな/一ノ瀬うるは】,https://www.youtube.com/watch?v=xMgVTq-Hw9E&t=3244s,54:04,ええ！？腹筋特化型！？,@torotoro0224,八雲べに,2026-07-20T12:19:11Z
【#ぶいすぽスポーツテスト】第一回✨3Dスポーツテスト！【八雲べに/猫汰つな/一ノ瀬うるは】,https://www.youtube.com/watch?v=xMgVTq-Hw9E&t=3297s,54:57,なずぴ腹筋だけすごかったな,@Suzu896,八雲べに,2026-07-20T12:19:11Z
【#ぶいすぽスポーツテスト】第一回✨3Dスポーツテスト！【八雲べに/猫汰つな/一ノ瀬うるは】,https://www.youtube.com/watch?v=xMgVTq-Hw9E&t=3300s,55:00,なずぴ腹筋だけムキムキｗ,@静けさの中に,八雲べに,2026-07-20T12:19:11Z
【#ぶいすぽスポーツテスト】第一回✨3Dスポーツテスト！【八雲べに/猫汰つな/一ノ瀬うるは】,https://www.youtube.com/watch?v=xMgVTq-Hw9E&t=3309s,55:09,絶対翌日腹筋肉痛なるやつｗ,@nomiaya3897,八雲べに,2026-07-20T12:19:11Z
【#ぶいすぽスポーツテスト】第一回✨3Dスポーツテスト！【八雲べに/猫汰つな/一ノ瀬うるは】,https://www.youtube.com/watch?v=xMgVTq-Hw9E&t=3314s,55:14,うひは腹筋もよさそうｗ,@PCGAME39,八雲べに,2026-07-20T12:19:11Z
【#ぶいすぽスポーツテスト】第一回✨3Dスポーツテスト！【八雲べに/猫汰つな/一ノ瀬うるは】,https://www.youtube.com/watch?v=xMgVTq-Hw9E&t=3320s,55:20,腹筋やったらみんな赤ちゃんなるのなにｗ,@nanahoshi07_896,八雲べに,2026-07-20T12:19:11Z
【#ぶいすぽスポーツテスト】第一回✨3Dスポーツテスト！【八雲べに/猫汰つな/一ノ瀬うるは】,https://www.youtube.com/watch?v=xMgVTq-Hw9E&t=3330s,55:30,腹筋がちぎれるんじゃないか,@ライラック-h4c,八雲べに,2026-07-20T12:19:11Z
【#ぶいすぽスポーツテスト】第一回✨3Dスポーツテスト！【八雲べに/猫汰つな/一ノ瀬うるは】,https://www.youtube.com/watch?v=xMgVTq-Hw9E&t=3356s,55:56,筋肉ない…,@わやまおじ,八雲べに,2026-07-20T12:19:11Z
【#ぶいすぽスポーツテスト】第一回✨3Dスポーツテスト！【八雲べに/猫汰つな/一ノ瀬うるは】,https://www.youtube.com/watch?v=xMgVTq-Hw9E&t=3358s,55:58,フォームきれいだからしっかり腹筋効いてそうではあるｗ,@heroheppo7264,八雲べに,2026-07-20T12:19:11Z
【#ぶいすぽスポーツテスト】第一回✨3Dスポーツテスト！【八雲べに/猫汰つな/一ノ瀬うるは】,https://www.youtube.com/watch?v=xMgVTq-Hw9E&t=3369s,56:09,腹筋はいけるほうか！？,@ひよこ_00,八雲べに,2026-07-20T12:19:11Z
【#ぶいすぽスポーツテスト】第一回✨3Dスポーツテスト！【八雲べに/猫汰つな/一ノ瀬うるは】,https://www.youtube.com/watch?v=xMgVTq-Hw9E&t=3371s,56:11,うひ筋肉どっかに置いてきた？w,@Nose73_mike,八雲べに,2026-07-20T12:19:11Z
【#ぶいすぽスポーツテスト】第一回✨3Dスポーツテスト！【八雲べに/猫汰つな/一ノ瀬うるは】,https://www.youtube.com/watch?v=xMgVTq-Hw9E&t=3378s,56:18,反動使ってないし、これはとても良い腹筋ですね,@nescafe-o8n,八雲べに,2026-07-20T12:19:11Z
【#ぶいすぽスポーツテスト】第一回✨3Dスポーツテスト！【八雲べに/猫汰つな/一ノ瀬うるは】,https://www.youtube.com/watch?v=xMgVTq-Hw9E&t=3398s,56:38,LoLに使う筋肉とは違うってことか,@シン-v1y,八雲べに,2026-07-20T12:19:11Z
【#ぶいすぽスポーツテスト】第一回✨3Dスポーツテスト！【八雲べに/猫汰つな/一ノ瀬うるは】,https://www.youtube.com/watch?v=xMgVTq-Hw9E&t=3412s,56:52,かなり腹筋は鍛えた,@prothesisable,八雲べに,2026-07-20T12:19:11Z
【#ぶいすぽスポーツテスト】第一回✨3Dスポーツテスト！【八雲べに/猫汰つな/一ノ瀬うるは】,https://www.youtube.com/watch?v=xMgVTq-Hw9E&t=3412s,56:52,1年分の腹筋を使い果たした,@QuLO-l4mb,八雲べに,2026-07-20T12:19:11Z
【#ぶいすぽスポーツテスト】第一回✨3Dスポーツテスト！【八雲べに/猫汰つな/一ノ瀬うるは】,https://www.youtube.com/watch?v=xMgVTq-Hw9E&t=3418s,56:58,えっど,@シン-v1y,八雲べに,2026-07-20T12:19:11Z
【#ぶいすぽスポーツテスト】第一回✨3Dスポーツテスト！【八雲べに/猫汰つな/一ノ瀬うるは】,https://www.youtube.com/watch?v=xMgVTq-Hw9E&t=3444s,57:24,腹筋もやれるのすげえな,@たこ-e4m,八雲べに,2026-07-20T12:19:11Z
【#ぶいすぽスポーツテスト】第一回✨3Dスポーツテスト！【八雲べに/猫汰つな/一ノ瀬うるは】,https://www.youtube.com/watch?v=xMgVTq-Hw9E&t=3456s,57:36,いいよー腹筋キレてるよー！,@dkd0115,八雲べに,2026-07-20T12:19:11Z
【#ぶいすぽスポーツテスト】第一回✨3Dスポーツテスト！【八雲べに/猫汰つな/一ノ瀬うるは】,https://www.youtube.com/watch?v=xMgVTq-Hw9E&t=3463s,57:43,ちゃんと筋肉がある,@わやまおじ,八雲べに,2026-07-20T12:19:11Z
【#ぶいすぽスポーツテスト】第一回✨3Dスポーツテスト！【八雲べに/猫汰つな/一ノ瀬うるは】,https://www.youtube.com/watch?v=xMgVTq-Hw9E&t=3494s,58:14,腹筋そうとう鍛えてるね,@デルフィナス-l1p,八雲べに,2026-07-20T12:19:11Z
【#ぶいすぽスポーツテスト】第一回✨3Dスポーツテスト！【八雲べに/猫汰つな/一ノ瀬うるは】,https://www.youtube.com/watch?v=xMgVTq-Hw9E&t=3496s,58:16,えっど,@でーもぬわぬ,八雲べに,2026-07-20T12:19:11Z
【#ぶいすぽスポーツテスト】第一回✨3Dスポーツテスト！【八雲べに/猫汰つな/一ノ瀬うるは】,https://www.youtube.com/watch?v=xMgVTq-Hw9E&t=3507s,58:27,さすがは筋肉担当,@KJ_1031,八雲べに,2026-07-20T12:19:11Z
【#ぶいすぽスポーツテスト】第一回✨3Dスポーツテスト！【八雲べに/猫汰つな/一ノ瀬うるは】,https://www.youtube.com/watch?v=xMgVTq-Hw9E&t=4027s,1:07:07,腕立てと腹筋で差が出たんじゃね,@ほね-i8c,八雲べに,2026-07-20T12:19:11Z
【#ぶいすぽスポーツテスト】第一回✨3Dスポーツテスト！【八雲べに/猫汰つな/一ノ瀬うるは】,https://www.youtube.com/watch?v=xMgVTq-Hw9E&t=4181s,1:09:41,筋肉担当とられる,@k0u-e4,八雲べに,2026-07-20T12:19:11Z
【#ぶいすぽスポーツテスト】第一回✨3Dスポーツテスト！【八雲べに/猫汰つな/一ノ瀬うるは】,https://www.youtube.com/watch?v=xMgVTq-Hw9E&t=4191s,1:09:51,はなび剣道やってたのに腕の筋肉無いのか,@チィヤィヤィ,八雲べに,2026-07-20T12:19:11Z
【#ぶいすぽスポーツテスト】第一回✨3Dスポーツテスト！【八雲べに/猫汰つな/一ノ瀬うるは】,https://www.youtube.com/watch?v=xMgVTq-Hw9E&t=4267s,1:11:07,あかりんは筋肉担当だから……,@tobias0930,八雲べに,2026-07-20T12:19:11Z
【#ぶいすぽスポーツテスト】第一回✨3Dスポーツテスト！【八雲べに/猫汰つな/一ノ瀬うるは】,https://www.youtube.com/watch?v=xMgVTq-Hw9E&t=4316s,1:11:56,筋肉担当,@名まだな,八雲べに,2026-07-20T12:19:11Z
【#ぶいすぽスポーツテスト】第一回✨3Dスポーツテスト！【八雲べに/猫汰つな/一ノ瀬うるは】,https://www.youtube.com/watch?v=xMgVTq-Hw9E&t=4318s,1:11:58,筋肉担当だせ！,@霧の花-r1z,八雲べに,2026-07-20T12:19:11Z
【#ぶいすぽスポーツテスト】第一回✨3Dスポーツテスト！【八雲べに/猫汰つな/一ノ瀬うるは】,https://www.youtube.com/watch?v=xMgVTq-Hw9E&t=4327s,1:12:07,筋肉痛ｗ,@pmlym8w72,八雲べに,2026-07-20T12:19:11Z
【#ぶいすぽスポーツテスト】第一回✨3Dスポーツテスト！【八雲べに/猫汰つな/一ノ瀬うるは】,https://www.youtube.com/watch?v=xMgVTq-Hw9E&t=4327s,1:12:07,筋肉痛ｗ,@ごくおじ,八雲べに,2026-07-20T12:19:11Z
【#ぶいすぽスポーツテスト】第一回✨3Dスポーツテスト！【八雲べに/猫汰つな/一ノ瀬うるは】,https://www.youtube.com/watch?v=xMgVTq-Hw9E&t=4328s,1:12:08,そりゃ筋肉痛にｗ,@Lejay_ルジェ,八雲べに,2026-07-20T12:19:11Z
【#ぶいすぽスポーツテスト】第一回✨3Dスポーツテスト！【八雲べに/猫汰つな/一ノ瀬うるは】,https://www.youtube.com/watch?v=xMgVTq-Hw9E&t=4337s,1:12:17,コレだけで筋肉痛になったんかｗｗｗ,@静けさの中に,八雲べに,2026-07-20T12:19:11Z
【#ぶいすぽスポーツテスト】第一回✨3Dスポーツテスト！【八雲べに/猫汰つな/一ノ瀬うるは】,https://www.youtube.com/watch?v=xMgVTq-Hw9E&t=4340s,1:12:20,筋肉痛を我慢してｗｗｗ,@Suzu896,八雲べに,2026-07-20T12:19:11Z
【#ぶいすぽスポーツテスト】第一回✨3Dスポーツテスト！【八雲べに/猫汰つな/一ノ瀬うるは】,https://www.youtube.com/watch?v=xMgVTq-Hw9E&t=4355s,1:12:35,うひは筋肉痛で喘いでたよ,@りょうま_非公式,八雲べに,2026-07-20T12:19:11Z
【 VCR RUST 】#3 ミッション進めて文明進化！！！【ぶいすぽ/八雲べに】,https://www.youtube.com/watch?v=vVjajVfDsf0&t=5763s,1:36:03,えっどぉ,@いくみ-0524,八雲べに,2026-07-22T17:41:22Z
【 VCR RUST 】#4 はたらきます ！！！！！【ぶいすぽ/八雲べに】,https://www.youtube.com/watch?v=CoFsnRD08MQ&t=2472s,41:12,えっど,@らっきょ1,八雲べに,2026-07-26T16:49:18Z
【 VCR RUST 】#4 はたらきます ！！！！！【ぶいすぽ/八雲べに】,https://www.youtube.com/watch?v=CoFsnRD08MQ&t=2494s,41:34,えっど,@mmlky2,八雲べに,2026-07-26T16:49:18Z
【 VCR RUST 】#4 はたらきます ！！！！！【ぶいすぽ/八雲べに】,https://www.youtube.com/watch?v=CoFsnRD08MQ&t=5815s,1:36:55,えっど,@Maro_Maro_416,八雲べに,2026-07-26T16:49:18Z
【 VCR RUST 】#4 はたらきます ！！！！！【ぶいすぽ/八雲べに】,https://www.youtube.com/watch?v=CoFsnRD08MQ&t=5822s,1:37:02,えっどすまんらむちいくわ,@Suzu896,八雲べに,2026-07-26T16:49:18Z
【 VCR RUST 】#4 はたらきます ！！！！！【ぶいすぽ/八雲べに】,https://www.youtube.com/watch?v=CoFsnRD08MQ&t=5824s,1:37:04,えっど,@ましろ-896,八雲べに,2026-07-26T16:49:18Z
【 VCR RUST 】#4 はたらきます ！！！！！【ぶいすぽ/八雲べに】,https://www.youtube.com/watch?v=CoFsnRD08MQ&t=5826s,1:37:06,えっど,@saki_13723,八雲べに,2026-07-26T16:49:18Z
【 VCR RUST 】#4 はたらきます ！！！！！【ぶいすぽ/八雲べに】,https://www.youtube.com/watch?v=CoFsnRD08MQ&t=10335s,2:52:15,えっど,@Maro_Maro_416,八雲べに,2026-07-26T16:49:18Z
【 VCR RUST 】#4 はたらきます ！！！！！【ぶいすぽ/八雲べに】,https://www.youtube.com/watch?v=CoFsnRD08MQ&t=20274s,5:37:54,えっど,@ShimeSaba_1011,八雲べに,2026-07-26T16:49:18Z
【 VCR RUST 】#4 はたらきます ！！！！！【ぶいすぽ/八雲べに】,https://www.youtube.com/watch?v=CoFsnRD08MQ&t=20279s,5:37:59,えっど,@Maro_Maro_416,八雲べに,2026-07-26T16:49:18Z
【Minecraft】 色白セクシーお姉さんが配信中！！！！【ぶいすぽ/八雲べに】,https://www.youtube.com/watch?v=bfkZK-R8N_o&t=3296s,54:56,えっど,@Azami0369,八雲べに,2026-07-27T15:53:59Z
【Minecraft】 色白セクシーお姉さんが配信中！！！！【ぶいすぽ/八雲べに】,https://www.youtube.com/watch?v=bfkZK-R8N_o&t=3419s,56:59,えっど,@saki_13723,八雲べに,2026-07-27T15:53:59Z
【Minecraft】 色白セクシーお姉さんが配信中！！！！【ぶいすぽ/八雲べに】,https://www.youtube.com/watch?v=bfkZK-R8N_o&t=3434s,57:14,えっど,@shenyulu3403,八雲べに,2026-07-27T15:53:59Z
【Minecraft】 色白セクシーお姉さんが配信中！！！！【ぶいすぽ/八雲べに】,https://www.youtube.com/watch?v=bfkZK-R8N_o&t=3435s,57:15,えっど,@ryuku_9.19,八雲べに,2026-07-27T15:53:59Z
【Minecraft】 色白セクシーお姉さんが配信中！！！！【ぶいすぽ/八雲べに】,https://www.youtube.com/watch?v=bfkZK-R8N_o&t=3438s,57:18,えっど,@仁ぽいもぐら体育館,八雲べに,2026-07-27T15:53:59Z
【Minecraft】 色白セクシーお姉さんが配信中！！！！【ぶいすぽ/八雲べに】,https://www.youtube.com/watch?v=bfkZK-R8N_o&t=3439s,57:19,えっど,@kazu_896,八雲べに,2026-07-27T15:53:59Z
【Minecraft】 色白セクシーお姉さんが配信中！！！！【ぶいすぽ/八雲べに】,https://www.youtube.com/watch?v=bfkZK-R8N_o&t=3443s,57:23,えっど,@枝.豆,八雲べに,2026-07-27T15:53:59Z
【Minecraft】 色白セクシーお姉さんが配信中！！！！【ぶいすぽ/八雲べに】,https://www.youtube.com/watch?v=bfkZK-R8N_o&t=4419s,1:13:39,えっど,@Dal_na,八雲べに,2026-07-27T15:53:59Z
【Minecraft】 色白セクシーお姉さんが配信中！！！！【ぶいすぽ/八雲べに】,https://www.youtube.com/watch?v=bfkZK-R8N_o&t=4420s,1:13:40,えっど,@saki_13723,八雲べに,2026-07-27T15:53:59Z
【Minecraft】 色白セクシーお姉さんが配信中！！！！【ぶいすぽ/八雲べに】,https://www.youtube.com/watch?v=bfkZK-R8N_o&t=4422s,1:13:42,えっど,@カッコウ-v3p,八雲べに,2026-07-27T15:53:59Z
【Minecraft】 色白セクシーお姉さんが配信中！！！！【ぶいすぽ/八雲べに】,https://www.youtube.com/watch?v=bfkZK-R8N_o&t=4470s,1:14:30,べに様腹筋割れてきた？,@あんころもち896,八雲べに,2026-07-27T15:53:59Z
【Minecraft】 色白セクシーお姉さんが配信中！！！！【ぶいすぽ/八雲べに】,https://www.youtube.com/watch?v=bfkZK-R8N_o&t=4562s,1:16:02,鼻から下で目隠してるとえっどいよ,@keigo6606,八雲べに,2026-07-27T15:53:59Z
【Minecraft】 色白セクシーお姉さんが配信中！！！！【ぶいすぽ/八雲べに】,https://www.youtube.com/watch?v=bfkZK-R8N_o&t=7191s,1:59:51,確かに今作なえっどい,@ふま6853,八雲べに,2026-07-27T15:53:59Z
【Minecraft】 色白セクシーお姉さんが配信中！！！！【ぶいすぽ/八雲べに】,https://www.youtube.com/watch?v=bfkZK-R8N_o&t=7261s,2:01:01,えっどいぞあのゲーム,@VES-JII,八雲べに,2026-07-27T15:53:59Z
【Minecraft】 色白セクシーお姉さんが配信中！！！！【ぶいすぽ/八雲べに】,https://www.youtube.com/watch?v=bfkZK-R8N_o&t=7569s,2:06:09,なんかえっど,@0q0_ハルhal_896,八雲べに,2026-07-27T15:53:59Z
【Minecraft】 色白セクシーお姉さんが配信中！！！！【ぶいすぽ/八雲べに】,https://www.youtube.com/watch?v=bfkZK-R8N_o&t=7595s,2:06:35,えっど,@ゆう-w5p1n,八雲べに,2026-07-27T15:53:59Z
【Minecraft】 色白セクシーお姉さんが配信中！！！！【ぶいすぽ/八雲べに】,https://www.youtube.com/watch?v=bfkZK-R8N_o&t=8327s,2:18:47,今北、えっど,@ShimeSaba_1011,八雲べに,2026-07-27T15:53:59Z
【Minecraft】 色白セクシーお姉さんが配信中！！！！【ぶいすぽ/八雲べに】,https://www.youtube.com/watch?v=bfkZK-R8N_o&t=13213s,3:40:13,えっど,@枝.豆,八雲べに,2026-07-27T15:53:59Z
【Minecraft】 色白セクシーお姉さんが配信中！！！！【ぶいすぽ/八雲べに】,https://www.youtube.com/watch?v=bfkZK-R8N_o&t=13527s,3:45:27,なにそれえっど,@大石ジョージ,八雲べに,2026-07-27T15:53:59Z
【Minecraft】 色白セクシーお姉さんが配信中！！！！【ぶいすぽ/八雲べに】,https://www.youtube.com/watch?v=bfkZK-R8N_o&t=13616s,3:46:56,えっどｗ,@saki_13723,八雲べに,2026-07-27T15:53:59Z
【Minecraft】 色白セクシーお姉さんが配信中！！！！【ぶいすぽ/八雲べに】,https://www.youtube.com/watch?v=bfkZK-R8N_o&t=14026s,3:53:46,えっど,@Maro_Maro_416,八雲べに,2026-07-27T15:53:59Z
【Minecraft】 色白セクシーお姉さんが配信中！！！！【ぶいすぽ/八雲べに】,https://www.youtube.com/watch?v=bfkZK-R8N_o&t=14032s,3:53:52,えっど,@saki_13723,八雲べに,2026-07-27T15:53:59Z
【Minecraft】 色白セクシーお姉さんが配信中！！！！【ぶいすぽ/八雲べに】,https://www.youtube.com/watch?v=bfkZK-R8N_o&t=14066s,3:54:26,えっどいよ,@ShimeSaba_1011,八雲べに,2026-07-27T15:53:59Z
【 VCR RUST 】#5 ミッション進めたいナ～🎶【ぶいすぽ/八雲べに】,https://www.youtube.com/watch?v=ePXMQuaDgTE&t=3925s,1:05:25,えっど,@ごくおじ,八雲べに,2026-07-28T19:28:28Z
【 VCR RUST 】#6 銃撃・移動はすごいんだぞ！！！！！！【ぶいすぽ/八雲べに】,https://www.youtube.com/watch?v=B0OgBu71USg&t=882s,14:42,筋肉で補強すると変わるよね,@らっきょ1,八雲べに,2026-07-29T19:21:40Z
【 VCR RUST 】#6 銃撃・移動はすごいんだぞ！！！！！！【ぶいすぽ/八雲べに】,https://www.youtube.com/watch?v=B0OgBu71USg&t=888s,14:48,さすが筋肉,@toropi1673,八雲べに,2026-07-29T19:21:40Z
【 VCR RUST 】#6 銃撃・移動はすごいんだぞ！！！！！！【ぶいすぽ/八雲べに】,https://www.youtube.com/watch?v=B0OgBu71USg&t=893s,14:53,やはり筋肉はすべてを解決するんだ,@0q0_ハルhal_896,八雲べに,2026-07-29T19:21:40Z
【 VCR RUST 】#6 銃撃・移動はすごいんだぞ！！！！！！【ぶいすぽ/八雲べに】,https://www.youtube.com/watch?v=B0OgBu71USg&t=895s,14:55,筋肉は全てを解決する,@Suzu896,八雲べに,2026-07-29T19:21:40Z
【 VCR RUST 】#6 銃撃・移動はすごいんだぞ！！！！！！【ぶいすぽ/八雲べに】,https://www.youtube.com/watch?v=B0OgBu71USg&t=897s,14:57,やはり筋肉はすごい,@せんかず_896,八雲べに,2026-07-29T19:21:40Z
【 VCR RUST 】#6 銃撃・移動はすごいんだぞ！！！！！！【ぶいすぽ/八雲べに】,https://www.youtube.com/watch?v=B0OgBu71USg&t=900s,15:00,やはり筋トレ。筋肉はすべてを解決する！,@yamado8041,八雲べに,2026-07-29T19:21:40Z
【 VCR RUST 】#6 銃撃・移動はすごいんだぞ！！！！！！【ぶいすぽ/八雲べに】,https://www.youtube.com/watch?v=B0OgBu71USg&t=901s,15:01,腰回りと背中の筋肉つくと治る人は結構いるね,@backcherry5212,八雲べに,2026-07-29T19:21:40Z
【 VCR RUST 】#6 銃撃・移動はすごいんだぞ！！！！！！【ぶいすぽ/八雲べに】,https://www.youtube.com/watch?v=B0OgBu71USg&t=902s,15:02,腰痛って腹筋背筋鍛えるとそこそこ良くなるからな,@ぶっさん-f1h,八雲べに,2026-07-29T19:21:40Z
【 VCR RUST 】#6 銃撃・移動はすごいんだぞ！！！！！！【ぶいすぽ/八雲べに】,https://www.youtube.com/watch?v=B0OgBu71USg&t=908s,15:08,やっぱ筋肉か,@フライト.Flight,八雲べに,2026-07-29T19:21:40Z
【 VCR RUST 】#6 銃撃・移動はすごいんだぞ！！！！！！【ぶいすぽ/八雲べに】,https://www.youtube.com/watch?v=B0OgBu71USg&t=928s,15:28,っぱ筋肉なんすよなぁ,@hanabi88,八雲べに,2026-07-29T19:21:40Z
【 VCR RUST 】#6 銃撃・移動はすごいんだぞ！！！！！！【ぶいすぽ/八雲べに】,https://www.youtube.com/watch?v=B0OgBu71USg&t=941s,15:41,美しい身体は筋肉けら,@bonet3704,八雲べに,2026-07-29T19:21:40Z
【 VCR RUST 】#6 銃撃・移動はすごいんだぞ！！！！！！【ぶいすぽ/八雲べに】,https://www.youtube.com/watch?v=B0OgBu71USg&t=1816s,30:16,筋肉に良い料理を食べてお酒を飲んじゃったらｗ,@Cele-rish,八雲べに,2026-07-29T19:21:40Z
【 VCR RUST 】#6 銃撃・移動はすごいんだぞ！！！！！！【ぶいすぽ/八雲べに】,https://www.youtube.com/watch?v=B0OgBu71USg&t=2017s,33:37,そんなに筋肉に悪いんか,@ちくわの輪切り,八雲べに,2026-07-29T19:21:40Z
【 VCR RUST 】#6 銃撃・移動はすごいんだぞ！！！！！！【ぶいすぽ/八雲べに】,https://www.youtube.com/watch?v=B0OgBu71USg&t=2023s,33:43,アルコールが筋肉を分解するんだっけ？,@gjam147,八雲べに,2026-07-29T19:21:40Z
【 VCR RUST 】#6 銃撃・移動はすごいんだぞ！！！！！！【ぶいすぽ/八雲べに】,https://www.youtube.com/watch?v=B0OgBu71USg&t=2896s,48:16,えっど,@saki_13723,八雲べに,2026-07-29T19:21:40Z
【 VCR RUST 】#6 銃撃・移動はすごいんだぞ！！！！！！【ぶいすぽ/八雲べに】,https://www.youtube.com/watch?v=B0OgBu71USg&t=6505s,1:48:25,筋肉担当を自称しているあかりん,@さふぃ-q1v,八雲べに,2026-07-29T19:21:40Z
【 VCR RUST 】#6 銃撃・移動はすごいんだぞ！！！！！！【ぶいすぽ/八雲べに】,https://www.youtube.com/watch?v=B0OgBu71USg&t=8803s,2:26:43,えっど,@saki_13723,八雲べに,2026-07-29T19:21:40Z
【雑談】昼しゃべり【ぶいすぽ/八雲べに】,https://www.youtube.com/watch?v=SvMhaa4XjlQ&t=1985s,33:05,8頭身の筋肉バチバチの見た目のかっこいいやつが見たいよね,@たこ-e4m,八雲べに,2026-07-30T08:22:26Z
【雑談】昼しゃべり【ぶいすぽ/八雲べに】,https://www.youtube.com/watch?v=SvMhaa4XjlQ&t=2204s,36:44,えっど,@Gisell3_a,八雲べに,2026-07-30T08:22:26Z
【雑談】昼しゃべり【ぶいすぽ/八雲べに】,https://www.youtube.com/watch?v=SvMhaa4XjlQ&t=2427s,40:27,腹筋バキバキの人か,@けーた_0815,八雲べに,2026-07-30T08:22:26Z
【雑談】昼しゃべり【ぶいすぽ/八雲べに】,https://www.youtube.com/watch?v=SvMhaa4XjlQ&t=2436s,40:36,腹筋すごいし,@シャトーブリアン涼太,八雲べに,2026-07-30T08:22:26Z
【 VCR RUST 】#7 火力担当いけんのか！！！！！【ぶいすぽ/八雲べに】,https://www.youtube.com/watch?v=RFsAobGlLV0&t=18008s,5:00:08,えっど！,@神無月健二,八雲べに,2026-07-31T19:15:45Z
【 Escape from Tarkov 】帰還。w/ レイード【ぶいすぽ/八雲べに】,https://www.youtube.com/watch?v=stFA_EkT_7w&t=916s,15:16,えっどｗ,@ごくおじ,八雲べに,2026-08-08T22:36:40Z
【 Escape from Tarkov 】帰還。w/ レイード【ぶいすぽ/八雲べに】,https://www.youtube.com/watch?v=stFA_EkT_7w&t=1406s,23:26,筋肉！筋肉！,@夢がopi,八雲べに,2026-08-08T22:36:40Z
【 Escape from Tarkov 】帰還。w/ レイード【ぶいすぽ/八雲べに】,https://www.youtube.com/watch?v=stFA_EkT_7w&t=5758s,1:35:58,えっど,@らっきょ1,八雲べに,2026-08-08T22:36:40Z
【 Escape from Tarkov 】帰還。w/ レイード【ぶいすぽ/八雲べに】,https://www.youtube.com/watch?v=stFA_EkT_7w&t=10511s,2:55:11,えっどいやつ！？,@Maro_Maro_416,八雲べに,2026-08-08T22:36:40Z
【 Escape from Tarkov 】帰還。w/ レイード【ぶいすぽ/八雲べに】,https://www.youtube.com/watch?v=stFA_EkT_7w&t=10512s,2:55:12,えっど,@ごくおじ,八雲べに,2026-08-08T22:36:40Z
【 Escape from Tarkov 】帰還。w/ レイード【ぶいすぽ/八雲べに】,https://www.youtube.com/watch?v=stFA_EkT_7w&t=10516s,2:55:16,えっどいの？,@でででん-yt,八雲べに,2026-08-08T22:36:40Z
【 Escape from Tarkov 】帰還。w/ レイード【ぶいすぽ/八雲べに】,https://www.youtube.com/watch?v=stFA_EkT_7w&t=10522s,2:55:22,えっど,@Radical-qv6ys,八雲べに,2026-08-08T22:36:40Z
【 Escape from Tarkov 】帰還。w/ レイード【ぶいすぽ/八雲べに】,https://www.youtube.com/watch?v=stFA_EkT_7w&t=29343s,8:09:03,1週間じゃ筋肉は落ちんよ,@YFalcon0106,八雲べに,2026-08-08T22:36:40Z
【 Escape from Tarkov 】アレルギー＠２なんでしょうか Lv12~【ぶいすぽ/八雲べに】,https://www.youtube.com/watch?v=QYYdnst-QRs&t=2782s,46:22,えっど,@ちくわの輪切り,八雲べに,2026-08-09T22:20:01Z
【 Escape from Tarkov 】アレルギー＠２なんでしょうか Lv12~【ぶいすぽ/八雲べに】,https://www.youtube.com/watch?v=QYYdnst-QRs&t=5815s,1:36:55,筋肉ついたら体重そのうち増えてくるかも？,@OtnNryn,八雲べに,2026-08-09T22:20:01Z
【 Escape from Tarkov 】アレルギー＠２なんでしょうか Lv12~【ぶいすぽ/八雲べに】,https://www.youtube.com/watch?v=QYYdnst-QRs&t=5836s,1:37:16,筋肉のついた体は美しい,@hanabi88,八雲べに,2026-08-09T22:20:01Z
【 Escape from Tarkov 】アレルギー＠２なんでしょうか Lv12~【ぶいすぽ/八雲べに】,https://www.youtube.com/watch?v=QYYdnst-QRs&t=5840s,1:37:20,筋肉は食生活をも変えさせる,@gyokuran2k,八雲べに,2026-08-09T22:20:01Z
【 Escape from Tarkov 】アレルギー＠２なんでしょうか Lv12~【ぶいすぽ/八雲べに】,https://www.youtube.com/watch?v=QYYdnst-QRs&t=6961s,1:56:01,えっど,@aaaaaaaadgw,八雲べに,2026-08-09T22:20:01Z
【 Escape from Tarkov 】アレルギー＠２なんでしょうか Lv12~【ぶいすぽ/八雲べに】,https://www.youtube.com/watch?v=QYYdnst-QRs&t=7533s,2:05:33,えっど,@ケンケン-g1t,八雲べに,2026-08-09T22:20:01Z
【 Escape from Tarkov 】アレルギー＠２なんでしょうか Lv12~【ぶいすぽ/八雲べに】,https://www.youtube.com/watch?v=QYYdnst-QRs&t=7533s,2:05:33,えっど,@アモル1409,八雲べに,2026-08-09T22:20:01Z
【 Escape from Tarkov 】アレルギー＠２なんでしょうか Lv12~【ぶいすぽ/八雲べに】,https://www.youtube.com/watch?v=QYYdnst-QRs&t=7541s,2:05:41,えっど,@りく-q1j,八雲べに,2026-08-09T22:20:01Z
【 Escape from Tarkov 】アレルギー＠２なんでしょうか Lv12~【ぶいすぽ/八雲べに】,https://www.youtube.com/watch?v=QYYdnst-QRs&t=11458s,3:10:58,筋肉がね,@LeLechong,八雲べに,2026-08-09T22:20:01Z
【 Escape from Tarkov 】アレルギー＠２なんでしょうか Lv12~【ぶいすぽ/八雲べに】,https://www.youtube.com/watch?v=QYYdnst-QRs&t=13987s,3:53:07,えっどい部屋の時のらむちにFFおもろかった,@モコ-n3w,八雲べに,2026-08-09T22:20:01Z
【 Escape from Tarkov 】大人気ゲームタルコフ。Lv16~【ぶいすぽ/八雲べに】,https://www.youtube.com/watch?v=INoYQKpZwuk&t=71s,1:11,サムネえっど,@あんころもち896,八雲べに,2026-08-11T18:11:09Z
【 Escape from Tarkov 】大人気ゲームタルコフ。Lv16~【ぶいすぽ/八雲べに】,https://www.youtube.com/watch?v=INoYQKpZwuk&t=185s,3:05,食べないと筋肉育たないですよ,@あん-666,八雲べに,2026-08-11T18:11:09Z
【 Escape from Tarkov 】大人気ゲームタルコフ。Lv16~【ぶいすぽ/八雲べに】,https://www.youtube.com/watch?v=INoYQKpZwuk&t=197s,3:17,筋肉量が落ちてないといいけど,@ほーん_hon,八雲べに,2026-08-11T18:11:09Z
【 Escape from Tarkov 】大人気ゲームタルコフ。Lv16~【ぶいすぽ/八雲べに】,https://www.youtube.com/watch?v=INoYQKpZwuk&t=228s,3:48,まず筋肉減ってくんだっけか,@Sakuraba_2704,八雲べに,2026-08-11T18:11:09Z
【 Escape from Tarkov 】大人気ゲームタルコフ。Lv16~【ぶいすぽ/八雲べに】,https://www.youtube.com/watch?v=INoYQKpZwuk&t=1193s,19:53,えっど,@ムーンストーン-MS,八雲べに,2026-08-11T18:11:09Z
【 Escape from Tarkov 】大人気ゲームタルコフ。Lv16~【ぶいすぽ/八雲べに】,https://www.youtube.com/watch?v=INoYQKpZwuk&t=1549s,25:49,なんかえっど,@hanabi88,八雲べに,2026-08-11T18:11:09Z
【 Escape from Tarkov 】大人気ゲームタルコフ。Lv16~【ぶいすぽ/八雲べに】,https://www.youtube.com/watch?v=INoYQKpZwuk&t=6841s,1:54:01,まーたえっど,@cho-co-mint,八雲べに,2026-08-11T18:11:09Z
【 Escape from Tarkov 】大人気ゲームタルコフ。Lv16~【ぶいすぽ/八雲べに】,https://www.youtube.com/watch?v=INoYQKpZwuk&t=6844s,1:54:04,えっど,@saki_13723,八雲べに,2026-08-11T18:11:09Z
【 Escape from Tarkov 】大人気ゲームタルコフ。Lv16~【ぶいすぽ/八雲べに】,https://www.youtube.com/watch?v=INoYQKpZwuk&t=6845s,1:54:05,えっど,@ShimeSaba_1011,八雲べに,2026-08-11T18:11:09Z
【 Escape from Tarkov 】大人気ゲームタルコフ。Lv16~【ぶいすぽ/八雲べに】,https://www.youtube.com/watch?v=INoYQKpZwuk&t=6853s,1:54:13,えっどポスターチェックだー,@tube_watcher2025,八雲べに,2026-08-11T18:11:09Z
【 Escape from Tarkov 】大人気ゲームタルコフ。Lv16~【ぶいすぽ/八雲べに】,https://www.youtube.com/watch?v=INoYQKpZwuk&t=6862s,1:54:22,えっど,@ごくおじ,八雲べに,2026-08-11T18:11:09Z
【 Escape from Tarkov 】大人気ゲームタルコフ。Lv16~【ぶいすぽ/八雲べに】,https://www.youtube.com/watch?v=INoYQKpZwuk&t=14962s,4:09:22,筋肉はムキムキなのに骨はスカスカなのだ,@pocky2309,八雲べに,2026-08-11T18:11:09Z
【 Escape from Tarkov 】大人気ゲームタルコフ。Lv16~【ぶいすぽ/八雲べに】,https://www.youtube.com/watch?v=INoYQKpZwuk&t=15752s,4:22:32,えっど,@じん-n8r,八雲べに,2026-08-11T18:11:09Z
【 Escape from Tarkov 】YB学園に不登校の生徒が復帰した🏫Lv20~【ぶいすぽ/八雲べに】,https://www.youtube.com/watch?v=sTGTONO3BJw&t=320s,5:20,第三の足はえっど,@ドルルド,八雲べに,2026-08-12T16:04:12Z
【勝利の女神:NIKKE】ペルソナコラボ！NIKKEを楽しんでもらうぞ✨ w/藍沢エマ、空澄セナ【ぶいすぽ/八雲べに】,https://www.youtube.com/watch?v=vdNYEAfypE0&t=308s,5:08,えっど,@agodofu,八雲べに,2026-08-13T12:47:14Z
【勝利の女神:NIKKE】ペルソナコラボ！NIKKEを楽しんでもらうぞ✨ w/藍沢エマ、空澄セナ【ぶいすぽ/八雲べに】,https://www.youtube.com/watch?v=vdNYEAfypE0&t=1200s,20:00,えっど,@アトレ0520,八雲べに,2026-08-13T12:47:14Z
【勝利の女神:NIKKE】ペルソナコラボ！NIKKEを楽しんでもらうぞ✨ w/藍沢エマ、空澄セナ【ぶいすぽ/八雲べに】,https://www.youtube.com/watch?v=vdNYEAfypE0&t=1210s,20:10,えっど,@josephmartin3267,八雲べに,2026-08-13T12:47:14Z
【勝利の女神:NIKKE】ペルソナコラボ！NIKKEを楽しんでもらうぞ✨ w/藍沢エマ、空澄セナ【ぶいすぽ/八雲べに】,https://www.youtube.com/watch?v=vdNYEAfypE0&t=1212s,20:12,えっど,@saki_13723,八雲べに,2026-08-13T12:47:14Z
【勝利の女神:NIKKE】ペルソナコラボ！NIKKEを楽しんでもらうぞ✨ w/藍沢エマ、空澄セナ【ぶいすぽ/八雲べに】,https://www.youtube.com/watch?v=vdNYEAfypE0&t=1582s,26:22,腹筋ホワイトきちゃ,@バードンz,八雲べに,2026-08-13T12:47:14Z
【勝利の女神:NIKKE】ペルソナコラボ！NIKKEを楽しんでもらうぞ✨ w/藍沢エマ、空澄セナ【ぶいすぽ/八雲べに】,https://www.youtube.com/watch?v=vdNYEAfypE0&t=1711s,28:31,えっど,@rxkazu1407,八雲べに,2026-08-13T12:47:14Z
【勝利の女神:NIKKE】ペルソナコラボ！NIKKEを楽しんでもらうぞ✨ w/藍沢エマ、空澄セナ【ぶいすぽ/八雲べに】,https://www.youtube.com/watch?v=vdNYEAfypE0&t=1718s,28:38,えっど,@saki_13723,八雲べに,2026-08-13T12:47:14Z
【勝利の女神:NIKKE】ペルソナコラボ！NIKKEを楽しんでもらうぞ✨ w/藍沢エマ、空澄セナ【ぶいすぽ/八雲べに】,https://www.youtube.com/watch?v=vdNYEAfypE0&t=1718s,28:38,えっどい,@わんわん-s7p3g,八雲べに,2026-08-13T12:47:14Z
【 Escape from Tarkov 】命削ってタルコフ Lv20~ w/バレバレイード【ぶいすぽ/八雲べに】,https://www.youtube.com/watch?v=rANWlvTQLOU&t=18292s,5:04:52,ニキータの1時間前くらいのツイートみた？えっどな絵がハイドアウトにあるぞ,@アースラ-z4v,八雲べに,2026-08-13T20:05:12Z
【 Escape from Tarkov 】ただいまタルコフ！22歳女性 w/rassya【ぶいすぽ/八雲べに】,https://www.youtube.com/watch?v=fOpcZcH-Ap8&t=1850s,30:50,えっど,@ShimeSaba_1011,八雲べに,2026-08-19T15:15:42Z
【 Escape from Tarkov 】ただいまタルコフ！22歳女性 w/rassya【ぶいすぽ/八雲べに】,https://www.youtube.com/watch?v=fOpcZcH-Ap8&t=1853s,30:53,えっど,@toku8390,八雲べに,2026-08-19T15:15:42Z
【 Escape from Tarkov 】ただいまタルコフ！22歳女性 w/rassya【ぶいすぽ/八雲べに】,https://www.youtube.com/watch?v=fOpcZcH-Ap8&t=1860s,31:00,えっど,@おみや-Omiya0320,八雲べに,2026-08-19T15:15:42Z
【 Escape from Tarkov 】ただいまタルコフ！22歳女性 w/rassya【ぶいすぽ/八雲べに】,https://www.youtube.com/watch?v=fOpcZcH-Ap8&t=14130s,3:55:30,えっど,@らっきょ1,八雲べに,2026-08-19T15:15:42Z
【APEX】おぎゃりペクス w/ありさかうるは【ぶいすぽ/八雲べに】,https://www.youtube.com/watch?v=6vcR6lYsBJ0&t=3440s,57:20,このスキマえっど,@あんころもち896,八雲べに,2026-08-21T15:25:02Z
【APEX】おぎゃりペクス w/ありさかうるは【ぶいすぽ/八雲べに】,https://www.youtube.com/watch?v=6vcR6lYsBJ0&t=3981s,1:06:21,筋肉であてに行ってたｗｗ,@0q0_ハルhal_896,八雲べに,2026-08-21T15:25:02Z
【 Escape from Tarkov 】先生2人についていきます！！！！！【ぶいすぽ/八雲べに】,https://www.youtube.com/watch?v=TPMd1llAGuc&t=1356s,22:36,えっど,@たくみんだよー,八雲べに,2026-08-25T19:14:53Z
【 Escape from Tarkov 】先生2人についていきます！！！！！【ぶいすぽ/八雲べに】,https://www.youtube.com/watch?v=TPMd1llAGuc&t=1399s,23:19,えっど,@nadou-108,八雲べに,2026-08-25T19:14:53Z
【 Escape from Tarkov 】先生2人についていきます！！！！！【ぶいすぽ/八雲べに】,https://www.youtube.com/watch?v=TPMd1llAGuc&t=1430s,23:50,えっど,@kazu_896,八雲べに,2026-08-25T19:14:53Z
【 Escape from Tarkov 】先生2人についていきます！！！！！【ぶいすぽ/八雲べに】,https://www.youtube.com/watch?v=TPMd1llAGuc&t=8139s,2:15:39,スノボ初心者は翌日ガチで全身筋肉痛で動けない,@千利休-q2c,八雲べに,2026-08-25T19:14:53Z
【 Escape from Tarkov 】先生2人についていきます！！！！！【ぶいすぽ/八雲べに】,https://www.youtube.com/watch?v=TPMd1llAGuc&t=8145s,2:15:45,筋肉痛えぐなる,@ナナシぼのぼの,八雲べに,2026-08-25T19:14:53Z
【 Escape from Tarkov 】先生2人についていきます！！！！！【ぶいすぽ/八雲べに】,https://www.youtube.com/watch?v=TPMd1llAGuc&t=8360s,2:19:20,えっど,@さっと-j9x,八雲べに,2026-08-25T19:14:53Z
【 Escape from Tarkov 】先生2人についていきます！！！！！【ぶいすぽ/八雲べに】,https://www.youtube.com/watch?v=TPMd1llAGuc&t=9991s,2:46:31,えっど,@Suzu896,八雲べに,2026-08-25T19:14:53Z
【 Escape from Tarkov 】先生2人についていきます！！！！！【ぶいすぽ/八雲べに】,https://www.youtube.com/watch?v=TPMd1llAGuc&t=13400s,3:43:20,えっど,@owaさん,八雲べに,2026-08-25T19:14:53Z
【 Escape from Tarkov 】先生2人についていきます！！！！！【ぶいすぽ/八雲べに】,https://www.youtube.com/watch?v=TPMd1llAGuc&t=13412s,3:43:32,えっど,@寧音-zzZZ,八雲べに,2026-08-25T19:14:53Z
【Minecraft】 闘技場建設、仕上げるぞーーーー！！🔥【ぶいすぽ/八雲べに】,https://www.youtube.com/watch?v=XMn03QGnRvU&t=733s,12:13,えっど,@オムライス-g6i,八雲べに,2026-08-26T15:50:22Z
【Minecraft】 ぶいすぽ夏祭り🎇皆でまわるよーー【ぶいすぽ/八雲べに】,https://www.youtube.com/watch?v=QXxQPrhf0Zo&t=6555s,1:49:15,えっど,@m_shigaraki,八雲べに,2026-08-27T14:45:01Z
【Minecraft】 ぶいすぽ夏祭り🎇皆でまわるよーー【ぶいすぽ/八雲べに】,https://www.youtube.com/watch?v=QXxQPrhf0Zo&t=6559s,1:49:19,えっど,@ShimeSaba_1011,八雲べに,2026-08-27T14:45:01Z
【Minecraft】 ぶいすぽ夏祭り🎇皆でまわるよーー【ぶいすぽ/八雲べに】,https://www.youtube.com/watch?v=QXxQPrhf0Zo&t=6562s,1:49:22,えっど,@kazu_896,八雲べに,2026-08-27T14:45:01Z
【Minecraft】 ぶいすぽ夏祭り🎇皆でまわるよーー【ぶいすぽ/八雲べに】,https://www.youtube.com/watch?v=QXxQPrhf0Zo&t=6568s,1:49:28,えっどｗｗｗ,@ざく-zaku,八雲べに,2026-08-27T14:45:01Z
【Minecraft】 ぶいすぽ夏祭り🎇皆でまわるよーー【ぶいすぽ/八雲べに】,https://www.youtube.com/watch?v=QXxQPrhf0Zo&t=6942s,1:55:42,えっど,@らっきょ1,八雲べに,2026-08-27T14:45:01Z
【Minecraft】 ぶいすぽ夏祭り🎇皆でまわるよーー【ぶいすぽ/八雲べに】,https://www.youtube.com/watch?v=QXxQPrhf0Zo&t=6943s,1:55:43,えっど,@saki_13723,八雲べに,2026-08-27T14:45:01Z
【Minecraft】 ぶいすぽ夏祭り🎇皆でまわるよーー【ぶいすぽ/八雲べに】,https://www.youtube.com/watch?v=QXxQPrhf0Zo&t=6946s,1:55:46,えっど,@ShimeSaba_1011,八雲べに,2026-08-27T14:45:01Z
【Minecraft】 ぶいすぽ夏祭り🎇皆でまわるよーー【ぶいすぽ/八雲べに】,https://www.youtube.com/watch?v=QXxQPrhf0Zo&t=6957s,1:55:57,えっど,@niym_896,八雲べに,2026-08-27T14:45:01Z
【Minecraft】 ぶいすぽ夏祭り🎇皆でまわるよーー【ぶいすぽ/八雲べに】,https://www.youtube.com/watch?v=QXxQPrhf0Zo&t=6957s,1:55:57,えっど,@kazu_896,八雲べに,2026-08-27T14:45:01Z
【 Escape from Tarkov 】🌳本日はトリオコフ⛰w/ありさか獅子堂あかり【ぶいすぽ/八雲べに】,https://www.youtube.com/watch?v=nlQ5cYc2ZiE&t=18090s,5:01:30,ぎっくり腰は筋肉痛の一種やっけ,@おいしい牛乳.7711,八雲べに,2026-08-31T20:11:47Z
【Moo Who?】動物鳴き真似かくれんぼ⁉🐄声真似担当いけます【ぶいすぽ/八雲べに】,https://www.youtube.com/watch?v=ciYAqqBIfIw&t=1247s,20:47,えっど,@saki_13723,八雲べに,2026-09-01T13:44:54Z
【Moo Who?】動物鳴き真似かくれんぼ⁉🐄声真似担当いけます【ぶいすぽ/八雲べに】,https://www.youtube.com/watch?v=ciYAqqBIfIw&t=1249s,20:49,えっど,@百万金剛,八雲べに,2026-09-01T13:44:54Z
【Moo Who?】動物鳴き真似かくれんぼ⁉🐄声真似担当いけます【ぶいすぽ/八雲べに】,https://www.youtube.com/watch?v=ciYAqqBIfIw&t=1252s,20:52,えっど,@yuki_bonheur,八雲べに,2026-09-01T13:44:54Z
【Moo Who?】動物鳴き真似かくれんぼ⁉🐄声真似担当いけます【ぶいすぽ/八雲べに】,https://www.youtube.com/watch?v=ciYAqqBIfIw&t=1253s,20:53,えっどｗｗｗｗ,@popmiku3804,八雲べに,2026-09-01T13:44:54Z
【Moo Who?】動物鳴き真似かくれんぼ⁉🐄声真似担当いけます【ぶいすぽ/八雲べに】,https://www.youtube.com/watch?v=ciYAqqBIfIw&t=1254s,20:54,えっど,@なおち-BIG_ZANGYO_STAR,八雲べに,2026-09-01T13:44:54Z
【Moo Who?】動物鳴き真似かくれんぼ⁉🐄声真似担当いけます【ぶいすぽ/八雲べに】,https://www.youtube.com/watch?v=ciYAqqBIfIw&t=1254s,20:54,えっど,@CIEN2960,八雲べに,2026-09-01T13:44:54Z
【Moo Who?】動物鳴き真似かくれんぼ⁉🐄声真似担当いけます【ぶいすぽ/八雲べに】,https://www.youtube.com/watch?v=ciYAqqBIfIw&t=1256s,20:56,えっど,@トーマス-r3z,八雲べに,2026-09-01T13:44:54Z
【Moo Who?】動物鳴き真似かくれんぼ⁉🐄声真似担当いけます【ぶいすぽ/八雲べに】,https://www.youtube.com/watch?v=ciYAqqBIfIw&t=1257s,20:57,えっど,@もっちーR1000,八雲べに,2026-09-01T13:44:54Z
【Moo Who?】動物鳴き真似かくれんぼ⁉🐄声真似担当いけます【ぶいすぽ/八雲べに】,https://www.youtube.com/watch?v=ciYAqqBIfIw&t=1259s,20:59,えっど,@らっきょ1,八雲べに,2026-09-01T13:44:54Z
【Moo Who?】動物鳴き真似かくれんぼ⁉🐄声真似担当いけます【ぶいすぽ/八雲べに】,https://www.youtube.com/watch?v=ciYAqqBIfIw&t=1261s,21:01,えっどw,@がきぃ,八雲べに,2026-09-01T13:44:54Z
【Moo Who?】動物鳴き真似かくれんぼ⁉🐄声真似担当いけます【ぶいすぽ/八雲べに】,https://www.youtube.com/watch?v=ciYAqqBIfIw&t=1263s,21:03,えっど,@song_su,八雲べに,2026-09-01T13:44:54Z
【Moo Who?】動物鳴き真似かくれんぼ⁉🐄声真似担当いけます【ぶいすぽ/八雲べに】,https://www.youtube.com/watch?v=ciYAqqBIfIw&t=1265s,21:05,えっどw,@ベルク_828,八雲べに,2026-09-01T13:44:54Z
【Moo Who?】動物鳴き真似かくれんぼ⁉🐄声真似担当いけます【ぶいすぽ/八雲べに】,https://www.youtube.com/watch?v=ciYAqqBIfIw&t=1274s,21:14,えっど,@kazu_896,八雲べに,2026-09-01T13:44:54Z
【Moo Who?】動物鳴き真似かくれんぼ⁉🐄声真似担当いけます【ぶいすぽ/八雲べに】,https://www.youtube.com/watch?v=ciYAqqBIfIw&t=1281s,21:21,えっどw,@godkah,八雲べに,2026-09-01T13:44:54Z
【Moo Who?】動物鳴き真似かくれんぼ⁉🐄声真似担当いけます【ぶいすぽ/八雲べに】,https://www.youtube.com/watch?v=ciYAqqBIfIw&t=1302s,21:42,えっど♡,@みっちー-x9q,八雲べに,2026-09-01T13:44:54Z
【Moo Who?】動物鳴き真似かくれんぼ⁉🐄声真似担当いけます【ぶいすぽ/八雲べに】,https://www.youtube.com/watch?v=ciYAqqBIfIw&t=1894s,31:34,えっど,@kazu_896,八雲べに,2026-09-01T13:44:54Z
【Moo Who?】動物鳴き真似かくれんぼ⁉🐄声真似担当いけます【ぶいすぽ/八雲べに】,https://www.youtube.com/watch?v=ciYAqqBIfIw&t=1903s,31:43,えっど,@がきぃ,八雲べに,2026-09-01T13:44:54Z
【Moo Who?】動物鳴き真似かくれんぼ⁉🐄声真似担当いけます【ぶいすぽ/八雲べに】,https://www.youtube.com/watch?v=ciYAqqBIfIw&t=1911s,31:51,えっど,@ベルク_828,八雲べに,2026-09-01T13:44:54Z
【Moo Who?】動物鳴き真似かくれんぼ⁉🐄声真似担当いけます【ぶいすぽ/八雲べに】,https://www.youtube.com/watch?v=ciYAqqBIfIw&t=2533s,42:13,えっど,@l_TAT_l,八雲べに,2026-09-01T13:44:54Z
【Moo Who?】動物鳴き真似かくれんぼ⁉🐄声真似担当いけます【ぶいすぽ/八雲べに】,https://www.youtube.com/watch?v=ciYAqqBIfIw&t=2534s,42:14,えっど,@んじゃかパーン,八雲べに,2026-09-01T13:44:54Z
【Moo Who?】動物鳴き真似かくれんぼ⁉🐄声真似担当いけます【ぶいすぽ/八雲べに】,https://www.youtube.com/watch?v=ciYAqqBIfIw&t=2541s,42:21,えっどｗ,@ケンケン-g1t,八雲べに,2026-09-01T13:44:54Z
【Moo Who?】動物鳴き真似かくれんぼ⁉🐄声真似担当いけます【ぶいすぽ/八雲べに】,https://www.youtube.com/watch?v=ciYAqqBIfIw&t=2541s,42:21,えっどｗｗ,@エミヤ0716,八雲べに,2026-09-01T13:44:54Z
【Moo Who?】動物鳴き真似かくれんぼ⁉🐄声真似担当いけます【ぶいすぽ/八雲べに】,https://www.youtube.com/watch?v=ciYAqqBIfIw&t=3882s,1:04:42,えっど,@てムヘー,八雲べに,2026-09-01T13:44:54Z
【Moo Who?】動物鳴き真似かくれんぼ⁉🐄声真似担当いけます【ぶいすぽ/八雲べに】,https://www.youtube.com/watch?v=ciYAqqBIfIw&t=3949s,1:05:49,えっど,@アセトアルデヒド-r9e,八雲べに,2026-09-01T13:44:54Z
【Moo Who?】動物鳴き真似かくれんぼ⁉🐄声真似担当いけます【ぶいすぽ/八雲べに】,https://www.youtube.com/watch?v=ciYAqqBIfIw&t=3966s,1:06:06,えっどい,@さぶさぶ-r4q,八雲べに,2026-09-01T13:44:54Z
【Moo Who?】動物鳴き真似かくれんぼ⁉🐄声真似担当いけます【ぶいすぽ/八雲べに】,https://www.youtube.com/watch?v=ciYAqqBIfIw&t=4882s,1:21:22,えっど,@lemonta6,八雲べに,2026-09-01T13:44:54Z
【Moo Who?】動物鳴き真似かくれんぼ⁉🐄声真似担当いけます【ぶいすぽ/八雲べに】,https://www.youtube.com/watch?v=ciYAqqBIfIw&t=4890s,1:21:30,えっど,@kazu_896,八雲べに,2026-09-01T13:44:54Z
