ID,Timestamp,Comment,Title,Channel,URL,Date
662,1803,両チームとも4筋肉1ビッグブレインなの良いな,VALORANT Masters Tokyo 2023-Day6 !ぶいすぽグループウォッチパーティ【ぶいすぽ/花芽なずな】,花芽なずな / Nazuna Kaga,https://www.youtube.com/watch?v=ddMYLxOr7qg&t=1803s,2023-06-17T08:10:42Z
4972,10493,筋肉や,VALORANT Masters Tokyo 2023-Day6 !ぶいすぽグループウォッチパーティ【ぶいすぽ/花芽なずな】,花芽なずな / Nazuna Kaga,https://www.youtube.com/watch?v=ddMYLxOr7qg&t=10493s,2023-06-17T08:10:42Z
8529,4476,やはり筋肉か,【#カルパッチョWIN】ぶいすぽっ!VALORANT紅白戦 Presented by GALLERIA  花芽なずな視点【ぶいすぽ/花芽なずな】,花芽なずな / Nazuna Kaga,https://www.youtube.com/watch?v=l5by7eRYrdQ&t=4476s,2023-05-14T09:17:23Z
13078,694,筋肉無さすぎw,【#花芽なずな3D】なずぴ、動いちゃうの...?【ぶいすぽ/花芽なずな】,花芽なずな / Nazuna Kaga,https://www.youtube.com/watch?v=aY61VTVuI84&t=694s,2023-06-09T11:31:33Z
33944,9278,筋肉が正義か,【#花芽なずな生誕祭】みんなと祝う5回目の誕生日,花芽なずな / Nazuna Kaga,https://www.youtube.com/watch?v=D_BY8KPkPJY&t=9278s,2023-04-02T13:07:57Z
37776,15955,ってことはなずぴ筋肉マッチョか？？,【APEX】すくりむ総合一位とりたいにゃ。。。【ぶいすぽ/花芽なずな】,花芽なずな / Nazuna Kaga,https://www.youtube.com/watch?v=r2qsmeJ4zEU&t=15955s,2023-04-13T16:31:57Z
40692,15306,筋肉メモリーが覚えてるよきっと,【APEX】とりまーーーかすたむ【ぶいすぽ/花芽なずな】,花芽なずな / Nazuna Kaga,https://www.youtube.com/watch?v=YNvyABKLp6k&t=15306s,2023-04-01T19:32:20Z
140777,13510,土方は案外筋肉増えるから体重自体は落ちないんだよなぁ,【VALORANT】部活ふるぱしゅる!!!! 汗3【ぶいすぽ/花芽なずな】,花芽なずな / Nazuna Kaga,https://www.youtube.com/watch?v=z0I51Yuj4tA&t=13510s,2023-05-25T16:53:40Z
158426,12124,筋肉のけいれんだからそのうち収まるよ,【マイクラ】なんだこのメンツ!?姫守ります【ぶいすぽ/花芽なずな】,花芽なずな / Nazuna Kaga,https://www.youtube.com/watch?v=yscrgeLK0do&t=12124s,2023-06-16T17:08:24Z
162589,4829,運動してないと体の筋肉衰えてて頭でわかってても体が動かなくなるｗ,【マイクラ】今年もやります。ぶいすぽ夏祭り【ぶいすぽ/花芽なずな】,花芽なずな / Nazuna Kaga,https://www.youtube.com/watch?v=qY-GXSYZEXw&t=4829s,2023-06-13T17:08:05Z
162619,4896,筋肉あるだけで使ってないからじゃない？,【マイクラ】今年もやります。ぶいすぽ夏祭り【ぶいすぽ/花芽なずな】,花芽なずな / Nazuna Kaga,https://www.youtube.com/watch?v=qY-GXSYZEXw&t=4896s,2023-06-13T17:08:05Z
162645,4996,基礎代謝は筋肉量から出るんじゃない？,【マイクラ】今年もやります。ぶいすぽ夏祭り【ぶいすぽ/花芽なずな】,花芽なずな / Nazuna Kaga,https://www.youtube.com/watch?v=qY-GXSYZEXw&t=4996s,2023-06-13T17:08:05Z
162647,5001,脂肪と筋肉で電気の抵抗が違うらしいよ,【マイクラ】今年もやります。ぶいすぽ夏祭り【ぶいすぽ/花芽なずな】,花芽なずな / Nazuna Kaga,https://www.youtube.com/watch?v=qY-GXSYZEXw&t=5001s,2023-06-13T17:08:05Z
162651,5009,足の裏から電気流して脂肪と筋肉の抵抗がちゃうからそっから算出してるみたいな,【マイクラ】今年もやります。ぶいすぽ夏祭り【ぶいすぽ/花芽なずな】,花芽なずな / Nazuna Kaga,https://www.youtube.com/watch?v=qY-GXSYZEXw&t=5009s,2023-06-13T17:08:05Z
162700,5158,筋肉女に？,【マイクラ】今年もやります。ぶいすぽ夏祭り【ぶいすぽ/花芽なずな】,花芽なずな / Nazuna Kaga,https://www.youtube.com/watch?v=qY-GXSYZEXw&t=5158s,2023-06-13T17:08:05Z
162724,5225,筋肉イジメすぎてもよ,【マイクラ】今年もやります。ぶいすぽ夏祭り【ぶいすぽ/花芽なずな】,花芽なずな / Nazuna Kaga,https://www.youtube.com/watch?v=qY-GXSYZEXw&t=5225s,2023-06-13T17:08:05Z
162741,5261,1日おきが理想。筋肉休め,【マイクラ】今年もやります。ぶいすぽ夏祭り【ぶいすぽ/花芽なずな】,花芽なずな / Nazuna Kaga,https://www.youtube.com/watch?v=qY-GXSYZEXw&t=5261s,2023-06-13T17:08:05Z
162757,5286,筋肉痛ないの？,【マイクラ】今年もやります。ぶいすぽ夏祭り【ぶいすぽ/花芽なずな】,花芽なずな / Nazuna Kaga,https://www.youtube.com/watch?v=qY-GXSYZEXw&t=5286s,2023-06-13T17:08:05Z
165543,1258,普段動かさない筋肉か,【マイクラ】3Dライブの話しながら~桜どこーー【ぶいすぽ/花芽なずな】,花芽なずな / Nazuna Kaga,https://www.youtube.com/watch?v=OnATzfj1bBY&t=1258s,2023-06-11T16:39:54Z
167985,657,筋肉ほそるから肉はいっぱいたべて,【歌枠&雑談】昨日はありがちょ💛【ぶいすぽ/花芽なずな】,花芽なずな / Nazuna Kaga,https://www.youtube.com/watch?v=82GCFQVxw-c&t=657s,2023-06-10T11:44:17Z
168016,703,炭水化物取らないと筋肉消費してエネルギー作るようになっちゃうからね,【歌枠&雑談】昨日はありがちょ💛【ぶいすぽ/花芽なずな】,花芽なずな / Nazuna Kaga,https://www.youtube.com/watch?v=82GCFQVxw-c&t=703s,2023-06-10T11:44:17Z
168190,1076,筋肉量かなあ,【歌枠&雑談】昨日はありがちょ💛【ぶいすぽ/花芽なずな】,花芽なずな / Nazuna Kaga,https://www.youtube.com/watch?v=82GCFQVxw-c&t=1076s,2023-06-10T11:44:17Z
168214,1127,足に筋肉つけるのが一番効率良いらしい,【歌枠&雑談】昨日はありがちょ💛【ぶいすぽ/花芽なずな】,花芽なずな / Nazuna Kaga,https://www.youtube.com/watch?v=82GCFQVxw-c&t=1127s,2023-06-10T11:44:17Z
168494,1539,筋肉ある人ほど優しいから大丈夫だよ,【歌枠&雑談】昨日はありがちょ💛【ぶいすぽ/花芽なずな】,花芽なずな / Nazuna Kaga,https://www.youtube.com/watch?v=82GCFQVxw-c&t=1539s,2023-06-10T11:44:17Z
168500,1554,筋肉に比例して優しくなる,【歌枠&雑談】昨日はありがちょ💛【ぶいすぽ/花芽なずな】,花芽なずな / Nazuna Kaga,https://www.youtube.com/watch?v=82GCFQVxw-c&t=1554s,2023-06-10T11:44:17Z
214221,8511,やはり筋肉,【 VALORANT 】いつものやつです【 ぶいすぽ / 小雀とと 】,小雀とと / Toto Kogara,https://www.youtube.com/watch?v=5r3EXsqQLrc&t=8511s,2023-05-01T13:52:26Z
224111,418,筋肉痛になりそうなこと？,【 作業枠 】のんびりポスカにサイン書く【 ぶいすぽ / 小雀とと 】,小雀とと / Toto Kogara,https://www.youtube.com/watch?v=mgogPdKSJI8&t=418s,2023-06-07T10:57:24Z
224175,714,行って帰ってくるだけで筋肉痛になるやつねｗ,【 作業枠 】のんびりポスカにサイン書く【 ぶいすぽ / 小雀とと 】,小雀とと / Toto Kogara,https://www.youtube.com/watch?v=mgogPdKSJI8&t=714s,2023-06-07T10:57:24Z
225426,5922,筋肉痛まったなし,【 作業枠 】のんびりポスカにサイン書く【 ぶいすぽ / 小雀とと 】,小雀とと / Toto Kogara,https://www.youtube.com/watch?v=mgogPdKSJI8&t=5922s,2023-06-07T10:57:24Z
232772,77,筋肉痛大丈夫ですかｗ＞？,【 雑談 】ただいま~!3D観てくれてありがとう!【 ぶいすぽ / 小雀とと 】,小雀とと / Toto Kogara,https://www.youtube.com/watch?v=DcCSvqCPhKE&t=77s,2023-06-13T11:54:44Z
233315,1070,首が筋肉痛になっちゃう,【 雑談 】ただいま~!3D観てくれてありがとう!【 ぶいすぽ / 小雀とと 】,小雀とと / Toto Kogara,https://www.youtube.com/watch?v=DcCSvqCPhKE&t=1070s,2023-06-13T11:54:44Z
233454,1350,筋肉痛大丈夫だった？,【 雑談 】ただいま~!3D観てくれてありがとう!【 ぶいすぽ / 小雀とと 】,小雀とと / Toto Kogara,https://www.youtube.com/watch?v=DcCSvqCPhKE&t=1350s,2023-06-13T11:54:44Z
234522,3720,筋肉痛でバタンやね,【 雑談 】ただいま~!3D観てくれてありがとう!【 ぶいすぽ / 小雀とと 】,小雀とと / Toto Kogara,https://www.youtube.com/watch?v=DcCSvqCPhKE&t=3720s,2023-06-13T11:54:44Z
234535,3731,筋肉痛で配信お休みするかと思ってた,【 雑談 】ただいま~!3D観てくれてありがとう!【 ぶいすぽ / 小雀とと 】,小雀とと / Toto Kogara,https://www.youtube.com/watch?v=DcCSvqCPhKE&t=3731s,2023-06-13T11:54:44Z
234693,4159,筋肉痛になった？,【 雑談 】ただいま~!3D観てくれてありがとう!【 ぶいすぽ / 小雀とと 】,小雀とと / Toto Kogara,https://www.youtube.com/watch?v=DcCSvqCPhKE&t=4159s,2023-06-13T11:54:44Z
234707,4196,もう筋肉痛平気なの？,【 雑談 】ただいま~!3D観てくれてありがとう!【 ぶいすぽ / 小雀とと 】,小雀とと / Toto Kogara,https://www.youtube.com/watch?v=DcCSvqCPhKE&t=4196s,2023-06-13T11:54:44Z
235433,5936,それのせいで筋肉痛なったんじゃない？w,【 雑談 】ただいま~!3D観てくれてありがとう!【 ぶいすぽ / 小雀とと 】,小雀とと / Toto Kogara,https://www.youtube.com/watch?v=DcCSvqCPhKE&t=5936s,2023-06-13T11:54:44Z
295679,2553,まさに筋肉ｗ,#05【ゼルダの伝説 ブレワイ】2つ目の神獣を目指して【ぶいすぽ/一ノ瀬うるは】,一ノ瀬うるは,https://www.youtube.com/watch?v=85JYOFBpcT0&t=2553s,2023-06-13T15:52:24Z
301279,8542,筋肉えぐいけどね,#05【ゼルダの伝説 ブレワイ】2つ目の神獣を目指して【ぶいすぽ/一ノ瀬うるは】,一ノ瀬うるは,https://www.youtube.com/watch?v=85JYOFBpcT0&t=8542s,2023-06-13T15:52:24Z
301288,8548,良い筋肉してる//,#05【ゼルダの伝説 ブレワイ】2つ目の神獣を目指して【ぶいすぽ/一ノ瀬うるは】,一ノ瀬うるは,https://www.youtube.com/watch?v=85JYOFBpcT0&t=8548s,2023-06-13T15:52:24Z
303354,10824,ユン坊の筋肉はお飾りコロ...,#05【ゼルダの伝説 ブレワイ】2つ目の神獣を目指して【ぶいすぽ/一ノ瀬うるは】,一ノ瀬うるは,https://www.youtube.com/watch?v=85JYOFBpcT0&t=10824s,2023-06-13T15:52:24Z
303364,10839,なんのための筋肉だよ,#05【ゼルダの伝説 ブレワイ】2つ目の神獣を目指して【ぶいすぽ/一ノ瀬うるは】,一ノ瀬うるは,https://www.youtube.com/watch?v=85JYOFBpcT0&t=10839s,2023-06-13T15:52:24Z
303392,10871,その筋肉は飾りかよとは思った,#05【ゼルダの伝説 ブレワイ】2つ目の神獣を目指して【ぶいすぽ/一ノ瀬うるは】,一ノ瀬うるは,https://www.youtube.com/watch?v=85JYOFBpcT0&t=10871s,2023-06-13T15:52:24Z
328417,6655,肉とらんと筋肉つかんぞ,#08【ゼルダの伝説 ブレワイ】とんでもない速さで謎を解く初見さんのゼルダ【ぶいすぽ/一ノ瀬うるは】,一ノ瀬うるは,https://www.youtube.com/watch?v=2BK_SOsUuWQ&t=6655s,2023-06-26T13:19:23Z
332646,10848,のせさんもっと筋肉つけて,#08【ゼルダの伝説 ブレワイ】とんでもない速さで謎を解く初見さんのゼルダ【ぶいすぽ/一ノ瀬うるは】,一ノ瀬うるは,https://www.youtube.com/watch?v=2BK_SOsUuWQ&t=10848s,2023-06-26T13:19:23Z
341995,4542,筋肉も凄いよね,attu~in?????,一ノ瀬うるは,https://www.youtube.com/watch?v=08V7jQYuSCs&t=4542s,2023-06-17T17:27:24Z
351895,80,筋肉痛おめでとう,o~i,一ノ瀬うるは,https://www.youtube.com/watch?v=pU0_jz5ueUA&t=80s,2023-05-08T15:57:04Z
352067,144,ラジオ体操で筋肉痛ならん？,o~i,一ノ瀬うるは,https://www.youtube.com/watch?v=pU0_jz5ueUA&t=144s,2023-05-08T15:57:04Z
352140,177,紫宮ラジオ体操で筋肉痛になりそう,o~i,一ノ瀬うるは,https://www.youtube.com/watch?v=pU0_jz5ueUA&t=177s,2023-05-08T15:57:04Z
355212,1652,3Dの後3日くらい筋肉痛で動けなそうw,o~i,一ノ瀬うるは,https://www.youtube.com/watch?v=pU0_jz5ueUA&t=1652s,2023-05-08T15:57:04Z
355813,1878,逆上がりできない人筋肉ない,o~i,一ノ瀬うるは,https://www.youtube.com/watch?v=pU0_jz5ueUA&t=1878s,2023-05-08T15:57:04Z
360834,4354,のせさんは筋肉マッチョは好き？,o~i,一ノ瀬うるは,https://www.youtube.com/watch?v=pU0_jz5ueUA&t=4354s,2023-05-08T15:57:04Z
364952,6189,筋肉マンだからなまさのりさん、,o~i,一ノ瀬うるは,https://www.youtube.com/watch?v=pU0_jz5ueUA&t=6189s,2023-05-08T15:57:04Z
364954,6190,まさのりさんの筋肉をもってしても？,o~i,一ノ瀬うるは,https://www.youtube.com/watch?v=pU0_jz5ueUA&t=6190s,2023-05-08T15:57:04Z
373634,3072,そして筋肉が分解され、ぽよんぽよんな体に,【#Huel】完全栄養食なるものを食す。【ぶいすぽ/一ノ瀬うるは】,一ノ瀬うるは,https://www.youtube.com/watch?v=GxDflNtZ8KE&t=3072s,2023-06-28T12:04:16Z
377110,2430,筋肉がすぎる,【#YYYWIN】ぶいすぽっ!VALORANT紅白戦 Presented by GALLERIA 一ノ瀬うるは視点,一ノ瀬うるは,https://www.youtube.com/watch?v=MxqIUOLvkJ4&t=2430s,2023-05-14T09:07:54Z
377116,2439,筋肉痛来るかｗｗ,【#YYYWIN】ぶいすぽっ!VALORANT紅白戦 Presented by GALLERIA 一ノ瀬うるは視点,一ノ瀬うるは,https://www.youtube.com/watch?v=MxqIUOLvkJ4&t=2439s,2023-05-14T09:07:54Z
377120,2441,筋肉痛ｗ,【#YYYWIN】ぶいすぽっ!VALORANT紅白戦 Presented by GALLERIA 一ノ瀬うるは視点,一ノ瀬うるは,https://www.youtube.com/watch?v=MxqIUOLvkJ4&t=2441s,2023-05-14T09:07:54Z
377306,2732,ガチで筋肉,【#YYYWIN】ぶいすぽっ!VALORANT紅白戦 Presented by GALLERIA 一ノ瀬うるは視点,一ノ瀬うるは,https://www.youtube.com/watch?v=MxqIUOLvkJ4&t=2732s,2023-05-14T09:07:54Z
379106,4439,筋肉！,【#YYYWIN】ぶいすぽっ!VALORANT紅白戦 Presented by GALLERIA 一ノ瀬うるは視点,一ノ瀬うるは,https://www.youtube.com/watch?v=MxqIUOLvkJ4&t=4439s,2023-05-14T09:07:54Z
379125,4444,筋肉すぎるw,【#YYYWIN】ぶいすぽっ!VALORANT紅白戦 Presented by GALLERIA 一ノ瀬うるは視点,一ノ瀬うるは,https://www.youtube.com/watch?v=MxqIUOLvkJ4&t=4444s,2023-05-14T09:07:54Z
381712,6292,筋肉aimつよい,【#YYYWIN】ぶいすぽっ!VALORANT紅白戦 Presented by GALLERIA 一ノ瀬うるは視点,一ノ瀬うるは,https://www.youtube.com/watch?v=MxqIUOLvkJ4&t=6292s,2023-05-14T09:07:54Z
382559,6759,筋肉なんだ,【#YYYWIN】ぶいすぽっ!VALORANT紅白戦 Presented by GALLERIA 一ノ瀬うるは視点,一ノ瀬うるは,https://www.youtube.com/watch?v=MxqIUOLvkJ4&t=6759s,2023-05-14T09:07:54Z
382560,6760,筋肉で解決したけど,【#YYYWIN】ぶいすぽっ!VALORANT紅白戦 Presented by GALLERIA 一ノ瀬うるは視点,一ノ瀬うるは,https://www.youtube.com/watch?v=MxqIUOLvkJ4&t=6760s,2023-05-14T09:07:54Z
382584,6763,筋肉最強,【#YYYWIN】ぶいすぽっ!VALORANT紅白戦 Presented by GALLERIA 一ノ瀬うるは視点,一ノ瀬うるは,https://www.youtube.com/watch?v=MxqIUOLvkJ4&t=6763s,2023-05-14T09:07:54Z
392450,589,絶対明日筋肉痛や,【#一ノ瀬うるは3D】一ノ瀬、動きません。【ぶいすぽ / 一ノ瀬うるは】,一ノ瀬うるは,https://www.youtube.com/watch?v=vluF8oofChg&t=589s,2023-05-22T12:34:01Z
398428,1314,明日筋肉痛やな,【#一ノ瀬うるは3D】一ノ瀬、動きません。【ぶいすぽ / 一ノ瀬うるは】,一ノ瀬うるは,https://www.youtube.com/watch?v=vluF8oofChg&t=1314s,2023-05-22T12:34:01Z
401045,1644,腕立て伏せは筋肉なんじゃ,【#一ノ瀬うるは3D】一ノ瀬、動きません。【ぶいすぽ / 一ノ瀬うるは】,一ノ瀬うるは,https://www.youtube.com/watch?v=vluF8oofChg&t=1644s,2023-05-22T12:34:01Z
441162,6381,筋肉はある,【APEX】V最かすたむデイスリー【ぶいすぽ/一ノ瀬うるは】,一ノ瀬うるは,https://www.youtube.com/watch?v=jzk6uHpoYvM&t=6381s,2023-04-11T16:43:27Z
441168,6401,筋肉ムキムキマッチョマン,【APEX】V最かすたむデイスリー【ぶいすぽ/一ノ瀬うるは】,一ノ瀬うるは,https://www.youtube.com/watch?v=jzk6uHpoYvM&t=6401s,2023-04-11T16:43:27Z
442442,9979,筋肉すぎw,【APEX】V最かすたむデイスリー【ぶいすぽ/一ノ瀬うるは】,一ノ瀬うるは,https://www.youtube.com/watch?v=jzk6uHpoYvM&t=9979s,2023-04-11T16:43:27Z
442641,10336,上質な筋肉を得たぞ！,【APEX】V最かすたむデイスリー【ぶいすぽ/一ノ瀬うるは】,一ノ瀬うるは,https://www.youtube.com/watch?v=jzk6uHpoYvM&t=10336s,2023-04-11T16:43:27Z
446637,2439,上質な筋肉さんはジブなのかな,【APEX】V最かすたむデイツウ【ぶいすぽ/一ノ瀬うるは】,一ノ瀬うるは,https://www.youtube.com/watch?v=ie1pHssBLrc&t=2439s,2023-04-10T16:32:18Z
463664,9415,めっさんマジ筋肉だ,【APEX】V最かすたむデイフォー【ぶいすぽ/一ノ瀬うるは】,一ノ瀬うるは,https://www.youtube.com/watch?v=C15QZmqSYpE&t=9415s,2023-04-12T15:34:49Z
465450,11414,筋肉エイム感じた,【APEX】V最かすたむデイフォー【ぶいすぽ/一ノ瀬うるは】,一ノ瀬うるは,https://www.youtube.com/watch?v=C15QZmqSYpE&t=11414s,2023-04-12T15:34:49Z
475632,1869,のせはヒゲと筋肉ダメだしなｗ,【APEX】おばあちゃんがゆく【#運ゲーWIN】,一ノ瀬うるは,https://www.youtube.com/watch?v=gqbRvaaOs1U&t=1869s,2023-05-20T15:42:16Z
475656,1907,ヒゲと筋肉が苦手なのでかわいいー,【APEX】おばあちゃんがゆく【#運ゲーWIN】,一ノ瀬うるは,https://www.youtube.com/watch?v=gqbRvaaOs1U&t=1907s,2023-05-20T15:42:16Z
487805,9005,ストレッチでお腹の筋肉ほぐしてみるとかどやろ？,【APEX】夜分遅くに失礼しやす【ぶいすぽ/一ノ瀬うるは】,一ノ瀬うるは,https://www.youtube.com/watch?v=wEFG1Jxm36w&t=9005s,2023-04-05T18:51:27Z
490756,5101,筋肉付けていくか,【APEX】打倒【ぶいすぽ/一ノ瀬うるは】,一ノ瀬うるは,https://www.youtube.com/watch?v=4erE1DlBuvc&t=5101s,2023-04-01T18:40:43Z
492905,10275,筋肉ムッキムキ,【APEX】打倒【ぶいすぽ/一ノ瀬うるは】,一ノ瀬うるは,https://www.youtube.com/watch?v=4erE1DlBuvc&t=10275s,2023-04-01T18:40:43Z
500496,11783,筋肉質か,【Minecraft】#にじすぽハードコア💔シナーーーーーーン!!!!!!!!!【ぶいすぽ/一ノ瀬うるは】,一ノ瀬うるは,https://www.youtube.com/watch?v=UKPPR8SvDWw&t=11783s,2023-06-23T17:00:05Z
659733,5484,肩が痛いのは筋肉痛なのかコリなのか,【VALORANT】ちりつもヴァ【ぶいすぽ/一ノ瀬うるは】,一ノ瀬うるは,https://www.youtube.com/watch?v=qWvYTzwL3jI&t=5484s,2023-05-27T11:50:25Z
660326,7476,筋肉が悲鳴を上げてる,【VALORANT】ちりつもヴァ【ぶいすぽ/一ノ瀬うるは】,一ノ瀬うるは,https://www.youtube.com/watch?v=qWvYTzwL3jI&t=7476s,2023-05-27T11:50:25Z
660419,7599,筋肉に救ってもらうしかないのか,【VALORANT】ちりつもヴァ【ぶいすぽ/一ノ瀬うるは】,一ノ瀬うるは,https://www.youtube.com/watch?v=qWvYTzwL3jI&t=7599s,2023-05-27T11:50:25Z
662260,9926,筋肉ってなんだよ,【VALORANT】ちりつもヴァ【ぶいすぽ/一ノ瀬うるは】,一ノ瀬うるは,https://www.youtube.com/watch?v=qWvYTzwL3jI&t=9926s,2023-05-27T11:50:25Z
662263,9929,筋肉好きじゃないわよね,【VALORANT】ちりつもヴァ【ぶいすぽ/一ノ瀬うるは】,一ノ瀬うるは,https://www.youtube.com/watch?v=qWvYTzwL3jI&t=9929s,2023-05-27T11:50:25Z
662268,9933,筋肉は良いぞ！,【VALORANT】ちりつもヴァ【ぶいすぽ/一ノ瀬うるは】,一ノ瀬うるは,https://www.youtube.com/watch?v=qWvYTzwL3jI&t=9933s,2023-05-27T11:50:25Z
662280,9945,筋肉はいいぞー,【VALORANT】ちりつもヴァ【ぶいすぽ/一ノ瀬うるは】,一ノ瀬うるは,https://www.youtube.com/watch?v=qWvYTzwL3jI&t=9945s,2023-05-27T11:50:25Z
662287,9951,筋肉loveじゃないんか,【VALORANT】ちりつもヴァ【ぶいすぽ/一ノ瀬うるは】,一ノ瀬うるは,https://www.youtube.com/watch?v=qWvYTzwL3jI&t=9951s,2023-05-27T11:50:25Z
662295,9963,筋肉基本刺さらないか,【VALORANT】ちりつもヴァ【ぶいすぽ/一ノ瀬うるは】,一ノ瀬うるは,https://www.youtube.com/watch?v=qWvYTzwL3jI&t=9963s,2023-05-27T11:50:25Z
662741,10436,筋肉痛？,【VALORANT】ちりつもヴァ【ぶいすぽ/一ノ瀬うるは】,一ノ瀬うるは,https://www.youtube.com/watch?v=qWvYTzwL3jI&t=10436s,2023-05-27T11:50:25Z
664979,4084,ゲームでも筋肉,【VALORANT】ねおきにワントライ【ぶいすぽ/一ノ瀬うるは】,一ノ瀬うるは,https://www.youtube.com/watch?v=jRMDgEpUaT8&t=4084s,2023-05-06T21:03:36Z
742496,891,翌日筋肉痛確定だな,ごがつびょうたいさく,一ノ瀬うるは,https://www.youtube.com/watch?v=1L5XTorP3FE&t=891s,2023-05-17T12:49:59Z
742521,899,筋肉痛まであるかこれ,ごがつびょうたいさく,一ノ瀬うるは,https://www.youtube.com/watch?v=1L5XTorP3FE&t=899s,2023-05-17T12:49:59Z
749218,4384,筋肉つけて痩せよう,ごがつびょうたいさく,一ノ瀬うるは,https://www.youtube.com/watch?v=1L5XTorP3FE&t=4384s,2023-05-17T12:49:59Z
749270,4421,筋肉にしちまおう,ごがつびょうたいさく,一ノ瀬うるは,https://www.youtube.com/watch?v=1L5XTorP3FE&t=4421s,2023-05-17T12:49:59Z
749320,4474,筋肉大事よね,ごがつびょうたいさく,一ノ瀬うるは,https://www.youtube.com/watch?v=1L5XTorP3FE&t=4474s,2023-05-17T12:49:59Z
749324,4479,筋肉マッソー！,ごがつびょうたいさく,一ノ瀬うるは,https://www.youtube.com/watch?v=1L5XTorP3FE&t=4479s,2023-05-17T12:49:59Z
749326,4483,太りにくくなるからな　筋肉つけると,ごがつびょうたいさく,一ノ瀬うるは,https://www.youtube.com/watch?v=1L5XTorP3FE&t=4483s,2023-05-17T12:49:59Z
749337,4487,筋肉つけて代謝を上げてから有酸素運動,ごがつびょうたいさく,一ノ瀬うるは,https://www.youtube.com/watch?v=1L5XTorP3FE&t=4487s,2023-05-17T12:49:59Z
749347,4492,筋肉がないと糖が消費できないからね,ごがつびょうたいさく,一ノ瀬うるは,https://www.youtube.com/watch?v=1L5XTorP3FE&t=4492s,2023-05-17T12:49:59Z
756749,3076,顎の筋肉じゃない？,ドタバタ生活のおわり,一ノ瀬うるは,https://www.youtube.com/watch?v=WSe-3cZVVLk&t=3076s,2023-04-17T11:13:47Z
760100,864,足の筋肉なくなったかｗｗ,今月の振り返りと感謝,一ノ瀬うるは,https://www.youtube.com/watch?v=aWWBK7at9WU&t=864s,2023-04-30T14:30:39Z
760122,869,筋肉は全てを解決する、すなわちジム,今月の振り返りと感謝,一ノ瀬うるは,https://www.youtube.com/watch?v=aWWBK7at9WU&t=869s,2023-04-30T14:30:39Z
760141,874,筋肉ないじゃんｗ,今月の振り返りと感謝,一ノ瀬うるは,https://www.youtube.com/watch?v=aWWBK7at9WU&t=874s,2023-04-30T14:30:39Z
760168,881,筋肉一つも残ってないやん,今月の振り返りと感謝,一ノ瀬うるは,https://www.youtube.com/watch?v=aWWBK7at9WU&t=881s,2023-04-30T14:30:39Z
760200,890,足の筋肉全部落ちたな,今月の振り返りと感謝,一ノ瀬うるは,https://www.youtube.com/watch?v=aWWBK7at9WU&t=890s,2023-04-30T14:30:39Z
760286,967,筋肉はすべて解決する,今月の振り返りと感謝,一ノ瀬うるは,https://www.youtube.com/watch?v=aWWBK7at9WU&t=967s,2023-04-30T14:30:39Z
760293,972,筋肉なさ過ぎて普通にスキーしただけで次の日ぎっくり腰なった,今月の振り返りと感謝,一ノ瀬うるは,https://www.youtube.com/watch?v=aWWBK7at9WU&t=972s,2023-04-30T14:30:39Z
760427,1053,足の筋肉は落ちやすいから気を付けてや,今月の振り返りと感謝,一ノ瀬うるは,https://www.youtube.com/watch?v=aWWBK7at9WU&t=1053s,2023-04-30T14:30:39Z
760465,1075,貧乏ゆすりで筋肉ついたりしないか,今月の振り返りと感謝,一ノ瀬うるは,https://www.youtube.com/watch?v=aWWBK7at9WU&t=1075s,2023-04-30T14:30:39Z
763791,3408,ママ筋肉マニアだからｗ,今月の振り返りと感謝,一ノ瀬うるは,https://www.youtube.com/watch?v=aWWBK7at9WU&t=3408s,2023-04-30T14:30:39Z
765531,4120,筋肉ムキムキが嫌だからとか？,今月の振り返りと感謝,一ノ瀬うるは,https://www.youtube.com/watch?v=aWWBK7at9WU&t=4120s,2023-04-30T14:30:39Z
765868,4344,身体中筋肉痛になりそう,今月の振り返りと感謝,一ノ瀬うるは,https://www.youtube.com/watch?v=aWWBK7at9WU&t=4344s,2023-04-30T14:30:39Z
765908,4369,バッセンは日頃やってないと筋肉痛なる,今月の振り返りと感謝,一ノ瀬うるは,https://www.youtube.com/watch?v=aWWBK7at9WU&t=4369s,2023-04-30T14:30:39Z
766828,4890,筋肉に食われる夢はもう見てない？,今月の振り返りと感謝,一ノ瀬うるは,https://www.youtube.com/watch?v=aWWBK7at9WU&t=4890s,2023-04-30T14:30:39Z
771046,29,こん筋肉痛だいじょうぶ？ｗ,疲労困憊杉田~,一ノ瀬うるは,https://www.youtube.com/watch?v=nG5Ebxw1jJ4&t=29s,2023-05-24T14:34:31Z
771313,101,筋肉痛で終わってるで有名なぶいすぽ3D,疲労困憊杉田~,一ノ瀬うるは,https://www.youtube.com/watch?v=nG5Ebxw1jJ4&t=101s,2023-05-24T14:34:31Z
772563,696,筋肉痛とかになりそうww,疲労困憊杉田~,一ノ瀬うるは,https://www.youtube.com/watch?v=nG5Ebxw1jJ4&t=696s,2023-05-24T14:34:31Z
772875,874,筋肉痛とかあった？,疲労困憊杉田~,一ノ瀬うるは,https://www.youtube.com/watch?v=nG5Ebxw1jJ4&t=874s,2023-05-24T14:34:31Z
772887,879,筋肉痛？？笑笑,疲労困憊杉田~,一ノ瀬うるは,https://www.youtube.com/watch?v=nG5Ebxw1jJ4&t=879s,2023-05-24T14:34:31Z
772889,882,筋肉痛でたの,疲労困憊杉田~,一ノ瀬うるは,https://www.youtube.com/watch?v=nG5Ebxw1jJ4&t=882s,2023-05-24T14:34:31Z
772895,887,筋肉痛大丈夫そ？,疲労困憊杉田~,一ノ瀬うるは,https://www.youtube.com/watch?v=nG5Ebxw1jJ4&t=887s,2023-05-24T14:34:31Z
772898,890,筋肉痛にはなった？,疲労困憊杉田~,一ノ瀬うるは,https://www.youtube.com/watch?v=nG5Ebxw1jJ4&t=890s,2023-05-24T14:34:31Z
773458,1127,筋肉痛来た？,疲労困憊杉田~,一ノ瀬うるは,https://www.youtube.com/watch?v=nG5Ebxw1jJ4&t=1127s,2023-05-24T14:34:31Z
774615,1811,現在、筋肉痛？,疲労困憊杉田~,一ノ瀬うるは,https://www.youtube.com/watch?v=nG5Ebxw1jJ4&t=1811s,2023-05-24T14:34:31Z
774639,1823,因みに筋肉痛はなかったの？,疲労困憊杉田~,一ノ瀬うるは,https://www.youtube.com/watch?v=nG5Ebxw1jJ4&t=1823s,2023-05-24T14:34:31Z
774652,1829,筋肉痛なった？,疲労困憊杉田~,一ノ瀬うるは,https://www.youtube.com/watch?v=nG5Ebxw1jJ4&t=1829s,2023-05-24T14:34:31Z
774672,1842,筋肉痛なった？,疲労困憊杉田~,一ノ瀬うるは,https://www.youtube.com/watch?v=nG5Ebxw1jJ4&t=1842s,2023-05-24T14:34:31Z
774678,1847,筋肉痛になった？,疲労困憊杉田~,一ノ瀬うるは,https://www.youtube.com/watch?v=nG5Ebxw1jJ4&t=1847s,2023-05-24T14:34:31Z
774682,1850,筋肉痛あった？,疲労困憊杉田~,一ノ瀬うるは,https://www.youtube.com/watch?v=nG5Ebxw1jJ4&t=1850s,2023-05-24T14:34:31Z
774684,1853,筋肉痛起こしたってこと？,疲労困憊杉田~,一ノ瀬うるは,https://www.youtube.com/watch?v=nG5Ebxw1jJ4&t=1853s,2023-05-24T14:34:31Z
774690,1857,全身筋肉痛？,疲労困憊杉田~,一ノ瀬うるは,https://www.youtube.com/watch?v=nG5Ebxw1jJ4&t=1857s,2023-05-24T14:34:31Z
775430,2246,今筋肉痛？,疲労困憊杉田~,一ノ瀬うるは,https://www.youtube.com/watch?v=nG5Ebxw1jJ4&t=2246s,2023-05-24T14:34:31Z
776134,2820,筋肉というよりは体力か？,疲労困憊杉田~,一ノ瀬うるは,https://www.youtube.com/watch?v=nG5Ebxw1jJ4&t=2820s,2023-05-24T14:34:31Z
780401,885,筋肉ｗ,ウオス,一ノ瀬うるは,https://www.youtube.com/watch?v=nC38K0Cb3aM&t=885s,2023-04-09T05:54:59Z
780820,1073,筋肉マン読んで欲しいｗ（ネタ）,ウオス,一ノ瀬うるは,https://www.youtube.com/watch?v=nC38K0Cb3aM&t=1073s,2023-04-09T05:54:59Z
783345,2764,脳って筋肉と同じで使ってないとマジで劣化するよ、アルツハイマーもそう,ウオス,一ノ瀬うるは,https://www.youtube.com/watch?v=nC38K0Cb3aM&t=2764s,2023-04-09T05:54:59Z
794104,385,足の筋肉すごい,#胡桃のあ3D✨あざとい女は3Dになってもあざといのか❓,胡桃のあ,https://www.youtube.com/watch?v=ZpAJBxTsuTE&t=385s,2023-05-12T11:32:49Z
812079,5210,腕筋肉ある？,(1時間)📻新社会人のみんなへ、おはようといってらっしゃい,胡桃のあ,https://www.youtube.com/watch?v=G8tsxivdPJQ&t=5210s,2023-04-02T23:50:28Z
812134,5328,筋肉増やそう,(1時間)📻新社会人のみんなへ、おはようといってらっしゃい,胡桃のあ,https://www.youtube.com/watch?v=G8tsxivdPJQ&t=5328s,2023-04-02T23:50:28Z
826817,7728,明日は腕が筋肉痛か,ApexLegends│ #V最協S5 🌸「高く飛ぶ日。だよ」 #MNBDWIN,胡桃のあ,https://www.youtube.com/watch?v=w4UqLewtyT0&t=7728s,2023-04-15T14:29:24Z
905104,6248,上質な筋肉さん？,ApexLegends│カスタム3日目🌸「強ポジはギリギリまで手放さないんだよ。」 #MNBDWIN,胡桃のあ,https://www.youtube.com/watch?v=SQNO4UyHKok&t=6248s,2023-04-11T16:34:23Z
945849,505,筋肉で解決するやつ？,ApexLegends│明日からカスタム本番だし、気合いれてバンガの近接課金する,胡桃のあ,https://www.youtube.com/watch?v=jdUJ8M_yjHM&t=505s,2023-04-08T16:23:25Z
945884,535,筋肉魔法は違う作品ね,ApexLegends│明日からカスタム本番だし、気合いれてバンガの近接課金する,胡桃のあ,https://www.youtube.com/watch?v=jdUJ8M_yjHM&t=535s,2023-04-08T16:23:25Z
945899,554,筋肉で魔法ぶったおすマッシュルもおもろい,ApexLegends│明日からカスタム本番だし、気合いれてバンガの近接課金する,胡桃のあ,https://www.youtube.com/watch?v=jdUJ8M_yjHM&t=554s,2023-04-08T16:23:25Z
975910,30044,腕とかは筋肉痛にならんのかね,APEX│33297LP~継続は力なり~!今日もがんばろう~!w/みこだよ、rpr,胡桃のあ,https://www.youtube.com/watch?v=2pZrH34sEPc&t=30044s,2023-05-16T22:58:30Z
994256,25987,イライラは筋肉に悪いらしい,APEX│38226LP~ あと少しが遠かったりするよね~ w/パカエルさん、メルトステラさん,胡桃のあ,https://www.youtube.com/watch?v=tvZcptN7skU&t=25987s,2023-05-17T15:12:01Z
998350,2082,踊った次の日は筋肉痛かな？w,APEX│3Dお披露目の告知出たーッ!ランクいこー!!,胡桃のあ,https://www.youtube.com/watch?v=qmR2tR3qSVI&t=2082s,2023-05-08T14:22:01Z
1011510,13746,筋肉が不足しとるんや,APEX│43013LP~最終章❓ w/えでんさん、じょじょおじさん,胡桃のあ,https://www.youtube.com/watch?v=HSg8EbwOptA&t=13746s,2023-05-18T12:17:32Z
1013122,16478,ゴールデンカムイも筋肉いっぱいだよ,APEX│43013LP~最終章❓ w/えでんさん、じょじょおじさん,胡桃のあ,https://www.youtube.com/watch?v=HSg8EbwOptA&t=16478s,2023-05-18T12:17:32Z
1013139,16503,筋肉満載やでw,APEX│43013LP~最終章❓ w/えでんさん、じょじょおじさん,胡桃のあ,https://www.youtube.com/watch?v=HSg8EbwOptA&t=16503s,2023-05-18T12:17:32Z
1032475,3246,のあちゃんも魔法筋肉かな？,APEX│→APEX起動できました 少しだけ,胡桃のあ,https://www.youtube.com/watch?v=CrVzBSubFmc&t=3246s,2023-05-04T16:54:08Z
1032502,3309,筋肉は全てを解決するのか…,APEX│→APEX起動できました 少しだけ,胡桃のあ,https://www.youtube.com/watch?v=CrVzBSubFmc&t=3309s,2023-05-04T16:54:08Z
1032513,3319,筋肉ポッターwww,APEX│→APEX起動できました 少しだけ,胡桃のあ,https://www.youtube.com/watch?v=CrVzBSubFmc&t=3319s,2023-05-04T16:54:08Z
1032516,3323,筋肉版ハリーポッターやねw,APEX│→APEX起動できました 少しだけ,胡桃のあ,https://www.youtube.com/watch?v=CrVzBSubFmc&t=3323s,2023-05-04T16:54:08Z
1093542,8786,あれだけ動いてたら筋肉痛とか凄そうw,APEX│ただいまー!さっそくランクに呼んでもらったので~~!!!🍊,胡桃のあ,https://www.youtube.com/watch?v=S2TCMjEQjp4&t=8786s,2023-05-27T12:52:58Z
1129539,8333,ジムで筋肉つけるんやで,APEX│コーチング👊すでたきコーチに教えてもらう!→ちきさん、ぼるさん,胡桃のあ,https://www.youtube.com/watch?v=SZB8_TR_lME&t=8333s,2023-06-28T15:35:59Z
1165508,21589,サガリって横隔膜の筋肉だから一応ホルモン扱いだったりする,APEX│人生で3回目くらいにこのゲームドはまりしててやめれん 🐊 w/ちーきーさん、さつきさん,胡桃のあ,https://www.youtube.com/watch?v=fK5qGd2u_ao&t=21589s,2023-06-03T22:51:23Z
1167011,30428,発声のための筋肉の衰えとかもあるからねぇ,APEX│人生で3回目くらいにこのゲームドはまりしててやめれん 🐊 w/ちーきーさん、さつきさん,胡桃のあ,https://www.youtube.com/watch?v=fK5qGd2u_ao&t=30428s,2023-06-03T22:51:23Z
1170946,4934,くせもつくし、そこらへんの筋肉と血管自体に問題がある場合もありますね,APEX│引きずりまわされるフルパランク🔥 w/ちーきー、ぼるさん,胡桃のあ,https://www.youtube.com/watch?v=UHCnO09N9YQ&t=4934s,2023-05-29T16:19:08Z
1173046,11618,だんだん脳みそが筋肉になっていく,APEX│引きずりまわされるフルパランク🔥 w/ちーきー、ぼるさん,胡桃のあ,https://www.youtube.com/watch?v=UHCnO09N9YQ&t=11618s,2023-05-29T16:19:08Z
1185821,10423,筋肉センサー反応しましたｗ,APEX│3Dおつかれさまでしたァーー!!帰ってきた!!! w/スシマス兄さん、JOJOおじさん,胡桃のあ,https://www.youtube.com/watch?v=_kgfxSnGEVc&t=10423s,2023-05-12T22:51:04Z
1185826,10437,筋肉ムキムキの女も出るぞ,APEX│3Dおつかれさまでしたァーー!!帰ってきた!!! w/スシマス兄さん、JOJOおじさん,胡桃のあ,https://www.youtube.com/watch?v=_kgfxSnGEVc&t=10437s,2023-05-12T22:51:04Z
1196948,12334,筋肉を信じろ,PUBG│#SMRCUSTOM に参加するよ~ w/バーチャルゴリラ、空澄セナ、水無瀬,胡桃のあ,https://www.youtube.com/watch?v=NLsZcER70l4&t=12334s,2023-06-27T13:57:10Z
1290327,2464,そのままやっていれば筋肉付いたのに,お絵かき心理テスト🎨描くだけでなんでもわかるんですか?,胡桃のあ,https://www.youtube.com/watch?v=1VbZr3Kz6Lc&t=2464s,2023-06-10T09:19:45Z
1299075,1947,高校から体型変わって無いからな…筋肉だったら上半身から付いたけど,これがいつもメン限でやってる不思議な配信や🔥,胡桃のあ,https://www.youtube.com/watch?v=X6rct7-FN3w&t=1947s,2023-05-30T16:34:48Z
1299398,2368,しっかり筋肉ある感じした,これがいつもメン限でやってる不思議な配信や🔥,胡桃のあ,https://www.youtube.com/watch?v=X6rct7-FN3w&t=2368s,2023-05-30T16:34:48Z
1301553,6269,筋肉？,これがいつもメン限でやってる不思議な配信や🔥,胡桃のあ,https://www.youtube.com/watch?v=X6rct7-FN3w&t=6269s,2023-05-30T16:34:48Z
1301560,6278,963メガネかけてて筋肉がすごい人？,これがいつもメン限でやってる不思議な配信や🔥,胡桃のあ,https://www.youtube.com/watch?v=X6rct7-FN3w&t=6278s,2023-05-30T16:34:48Z
1301573,6304,筋肉か。。,これがいつもメン限でやってる不思議な配信や🔥,胡桃のあ,https://www.youtube.com/watch?v=X6rct7-FN3w&t=6304s,2023-05-30T16:34:48Z
1311858,1848,身長にもよるし筋肉量にもよるからねえ　健康ならええよ,雑談│⏰18時~みそきん食べながらお土産話~~✨,胡桃のあ,https://www.youtube.com/watch?v=16zw3Sg5q1A&t=1848s,2023-05-07T10:45:21Z
1320757,4863,筋トレするか・・・筋肉つかないけど・・・,雑談│久しぶりにめちゃくちゃ寝たせいで頭が回ってないなり,胡桃のあ,https://www.youtube.com/watch?v=vMYDEhHQprk&t=4863s,2023-05-20T11:27:02Z
1332012,3554,筋肉量の割合が多くなると体重は増えるね,🍚ひさしぶり!おひるごはんたべる!,胡桃のあ,https://www.youtube.com/watch?v=Rmg7eO6h2_Y&t=3554s,2023-04-30T04:31:14Z
1333625,759,のあさん筋肉ある男子すきですか！,📻(1時間)おはようといってらっしゃいできるかな?☀,胡桃のあ,https://www.youtube.com/watch?v=BG_zYiRT6oM&t=759s,2023-04-17T00:14:16Z
1425843,14730,筋肉すぎｗ,【APEX 】V最協S5 本番 #MNBDWIN【ぶいすぽ/兎咲ミミ】,兎咲ミミ / Tosaki Mimi,https://www.youtube.com/watch?v=o0ToaKdKmi0&t=14730s,2023-04-15T19:35:16Z
1479546,7057,筋肉盛り盛り！,【BLUE PROTOCOL 】はじめてみます。【ぶいすぽ/兎咲ミミ】,兎咲ミミ / Tosaki Mimi,https://www.youtube.com/watch?v=MYvKqyng60g&t=7057s,2023-06-18T13:08:08Z
1520755,9253,腕の筋肉なくなっちゃったかー,【Minecraft】ぽはよ~【ぶいすぽ/兎咲ミミ】,兎咲ミミ / Tosaki Mimi,https://www.youtube.com/watch?v=Bs4MfS4r6Vo&t=9253s,2023-05-30T05:42:31Z
1524595,22609,その辺りは握力で使う筋肉やね～,【Minecraft】ぽはよ~【ぶいすぽ/兎咲ミミ】,兎咲ミミ / Tosaki Mimi,https://www.youtube.com/watch?v=Bs4MfS4r6Vo&t=22609s,2023-05-30T05:42:31Z
1569580,13437,筋肉に聞くかぁw,【Minecraft】海底神殿、古代都市いくど~【ぶいすぽ/兎咲ミミ】,兎咲ミミ / Tosaki Mimi,https://www.youtube.com/watch?v=ilAOK9ZYGEE&t=13437s,2023-06-11T08:13:20Z
1571926,4266,外出ないと筋肉落ちて冷え性やばない？,【Minecraft】集めたものを飾る博物館建築!【ぶいすぽ/兎咲ミミ】,兎咲ミミ / Tosaki Mimi,https://www.youtube.com/watch?v=omq7uvacOYY&t=4266s,2023-06-12T00:57:25Z
1571937,4302,血液を循環させるのは筋肉だからね,【Minecraft】集めたものを飾る博物館建築!【ぶいすぽ/兎咲ミミ】,兎咲ミミ / Tosaki Mimi,https://www.youtube.com/watch?v=omq7uvacOYY&t=4302s,2023-06-12T00:57:25Z
1571945,4321,筋肉がないってことは基礎代謝が低いってことでもあるからねぇ,【Minecraft】集めたものを飾る博物館建築!【ぶいすぽ/兎咲ミミ】,兎咲ミミ / Tosaki Mimi,https://www.youtube.com/watch?v=omq7uvacOYY&t=4321s,2023-06-12T00:57:25Z
1571949,4345,ある程度は筋肉付けないとか,【Minecraft】集めたものを飾る博物館建築!【ぶいすぽ/兎咲ミミ】,兎咲ミミ / Tosaki Mimi,https://www.youtube.com/watch?v=omq7uvacOYY&t=4345s,2023-06-12T00:57:25Z
1571953,4359,筋肉増えると逆に冷え性進むはずよ？！,【Minecraft】集めたものを飾る博物館建築!【ぶいすぽ/兎咲ミミ】,兎咲ミミ / Tosaki Mimi,https://www.youtube.com/watch?v=omq7uvacOYY&t=4359s,2023-06-12T00:57:25Z
1571955,4365,やっぱ筋肉ないんや,【Minecraft】集めたものを飾る博物館建築!【ぶいすぽ/兎咲ミミ】,兎咲ミミ / Tosaki Mimi,https://www.youtube.com/watch?v=omq7uvacOYY&t=4365s,2023-06-12T00:57:25Z
1571972,4430,筋肉で血液を押し出してるから,【Minecraft】集めたものを飾る博物館建築!【ぶいすぽ/兎咲ミミ】,兎咲ミミ / Tosaki Mimi,https://www.youtube.com/watch?v=omq7uvacOYY&t=4430s,2023-06-12T00:57:25Z
1574358,99,筋肉痛大丈夫？？？,【Minecraft】3Dおつかれさま~【ぶいすぽ/兎咲ミミ】,兎咲ミミ / Tosaki Mimi,https://www.youtube.com/watch?v=QM-O-MYQeB4&t=99s,2023-06-06T23:14:00Z
1598492,2779,頭脳(筋肉),【PUBG】顔合わせてきな? w/ 勇気ちひろさん、常闇トワさん【ぶいすぽ/兎咲ミミ】,兎咲ミミ / Tosaki Mimi,https://www.youtube.com/watch?v=OM64wAGWHXU&t=2779s,2023-06-26T16:42:56Z
1672168,5870,良い筋肉だった,【Rust】ファーム大好き!ギャンブル大好き!【ぶいすぽ/兎咲ミミ】,兎咲ミミ / Tosaki Mimi,https://www.youtube.com/watch?v=hJZxoc3emVM&t=5870s,2023-04-19T03:21:05Z
1685494,8603,あの人達は筋肉でどうにかしちゃうのよなぁ(-_-;),【Rust】ボスやりたいな~てきもち【ぶいすぽ/兎咲ミミ】,兎咲ミミ / Tosaki Mimi,https://www.youtube.com/watch?v=v2A0x7-Au6w&t=8603s,2023-04-26T11:47:48Z
1716825,3437,ミミさん、男の筋肉ってどう思いますか？,【VALORANT 】あさかち【ぶいすぽ/兎咲ミミ】,兎咲ミミ / Tosaki Mimi,https://www.youtube.com/watch?v=k3-W9wtq0Rc&t=3437s,2023-04-29T22:32:38Z
1723076,2494,普通は外でたくらいで筋肉痛にはならないのよwww,【VALORANT 】おひさしです【ぶいすぽ/兎咲ミミ】,兎咲ミミ / Tosaki Mimi,https://www.youtube.com/watch?v=jvx5h_3arSE&t=2494s,2023-05-21T12:10:52Z
1723097,2508,「筋肉痛にならない」が動けるラインなのえぐいｗ,【VALORANT 】おひさしです【ぶいすぽ/兎咲ミミ】,兎咲ミミ / Tosaki Mimi,https://www.youtube.com/watch?v=jvx5h_3arSE&t=2508s,2023-05-21T12:10:52Z
1723103,2521,いや普通は動いただけでは筋肉痛にはならんよ,【VALORANT 】おひさしです【ぶいすぽ/兎咲ミミ】,兎咲ミミ / Tosaki Mimi,https://www.youtube.com/watch?v=jvx5h_3arSE&t=2521s,2023-05-21T12:10:52Z
1723111,2529,筋肉がないのか,【VALORANT 】おひさしです【ぶいすぽ/兎咲ミミ】,兎咲ミミ / Tosaki Mimi,https://www.youtube.com/watch?v=jvx5h_3arSE&t=2529s,2023-05-21T12:10:52Z
1723134,2558,痛める筋肉がない…？,【VALORANT 】おひさしです【ぶいすぽ/兎咲ミミ】,兎咲ミミ / Tosaki Mimi,https://www.youtube.com/watch?v=jvx5h_3arSE&t=2558s,2023-05-21T12:10:52Z
1723136,2559,筋肉無いとそもそも人間は動けないのよｗ,【VALORANT 】おひさしです【ぶいすぽ/兎咲ミミ】,兎咲ミミ / Tosaki Mimi,https://www.youtube.com/watch?v=jvx5h_3arSE&t=2559s,2023-05-21T12:10:52Z
1723144,2566,筋肉痛は筋繊維の断裂やからねw,【VALORANT 】おひさしです【ぶいすぽ/兎咲ミミ】,兎咲ミミ / Tosaki Mimi,https://www.youtube.com/watch?v=jvx5h_3arSE&t=2566s,2023-05-21T12:10:52Z
1723145,2567,ローセンシだから腕振るだろうし筋肉あると思ったけど、、、？,【VALORANT 】おひさしです【ぶいすぽ/兎咲ミミ】,兎咲ミミ / Tosaki Mimi,https://www.youtube.com/watch?v=jvx5h_3arSE&t=2567s,2023-05-21T12:10:52Z
1723150,2575,脚の筋肉はあるってことかなぁ,【VALORANT 】おひさしです【ぶいすぽ/兎咲ミミ】,兎咲ミミ / Tosaki Mimi,https://www.youtube.com/watch?v=jvx5h_3arSE&t=2575s,2023-05-21T12:10:52Z
1723156,2586,まぁ筋肉無いのに筋肉痛はよく分からんなw,【VALORANT 】おひさしです【ぶいすぽ/兎咲ミミ】,兎咲ミミ / Tosaki Mimi,https://www.youtube.com/watch?v=jvx5h_3arSE&t=2586s,2023-05-21T12:10:52Z
1723296,2646,筋肉痛待ったなし,【VALORANT 】おひさしです【ぶいすぽ/兎咲ミミ】,兎咲ミミ / Tosaki Mimi,https://www.youtube.com/watch?v=jvx5h_3arSE&t=2646s,2023-05-21T12:10:52Z
1726764,1249,笑いながらの筋肉,【VALORANT 】かすたむ!!!【ぶいすぽ/兎咲ミミ】,兎咲ミミ / Tosaki Mimi,https://www.youtube.com/watch?v=J5onbfNzXI8&t=1249s,2023-06-12T16:21:24Z
1726791,1267,ニコニコ筋肉エイムつよ,【VALORANT 】かすたむ!!!【ぶいすぽ/兎咲ミミ】,兎咲ミミ / Tosaki Mimi,https://www.youtube.com/watch?v=J5onbfNzXI8&t=1267s,2023-06-12T16:21:24Z
1740922,11325,筋肉に目覚めるたや期待,【VALORANT 】たくさん寝て元気いっぱいできるね【ぶいすぽ/兎咲ミミ】,兎咲ミミ / Tosaki Mimi,https://www.youtube.com/watch?v=B457_6EH9NU&t=11325s,2023-05-04T13:06:54Z
1763409,5428,筋肉がかたまってる？,【VALORANT 】づお~w/めとちゃん【ぶいすぽ/兎咲ミミ】,兎咲ミミ / Tosaki Mimi,https://www.youtube.com/watch?v=-wPp5IYUf5o&t=5428s,2023-05-24T14:05:42Z
1766949,4076,筋肉isパワー感がすごいw,【VALORANT 】どうしたらかてますか【ぶいすぽ/兎咲ミミ】,兎咲ミミ / Tosaki Mimi,https://www.youtube.com/watch?v=_IVKtbpTqe0&t=4076s,2023-05-10T19:28:05Z
1775267,17199,次の日腕筋肉痛になってそう,【VALORANT 】ねおきそろ~からのPUBG~からのばろづお【ぶいすぽ/兎咲ミミ】,兎咲ミミ / Tosaki Mimi,https://www.youtube.com/watch?v=c-EQ3Y_wlMY&t=17199s,2023-06-30T11:31:53Z
1820296,20011,どっかん筋肉バトルきつそう,【VALORANT 】もう負けたくない【ぶいすぽ/兎咲ミミ】,兎咲ミミ / Tosaki Mimi,https://www.youtube.com/watch?v=HUXdHJDrZjw&t=20011s,2023-05-06T02:52:54Z
1822250,29747,その腕振りで筋肉痛になってそうw,【VALORANT 】もう負けたくない【ぶいすぽ/兎咲ミミ】,兎咲ミミ / Tosaki Mimi,https://www.youtube.com/watch?v=HUXdHJDrZjw&t=29747s,2023-05-06T02:52:54Z
1830426,35680,筋肉痛ですか？,【VALORANT 】アセンダントの景色見に行こうか【ぶいすぽ/兎咲ミミ】,兎咲ミミ / Tosaki Mimi,https://www.youtube.com/watch?v=1sqsGJkh3bE&t=35680s,2023-05-03T01:31:40Z
1836348,11441,ハイセンシはほんとセンスと努力、ローは努力と筋肉︎,【VALORANT 】安定の2枠目【ぶいすぽ/兎咲ミミ】,兎咲ミミ / Tosaki Mimi,https://www.youtube.com/watch?v=4EN_d8kBFt0&t=11441s,2023-05-08T06:27:46Z
1844355,3836,AIMは筋肉,【VALORANT 】2枠目が当たり前になってない?【ぶいすぽ/兎咲ミミ】,兎咲ミミ / Tosaki Mimi,https://www.youtube.com/watch?v=hElYYvZOj0Q&t=3836s,2023-05-06T07:53:25Z
1844357,3845,筋肉で勝とう,【VALORANT 】2枠目が当たり前になってない?【ぶいすぽ/兎咲ミミ】,兎咲ミミ / Tosaki Mimi,https://www.youtube.com/watch?v=hElYYvZOj0Q&t=3845s,2023-05-06T07:53:25Z
1880302,501,やはり筋肉,VALORANT Masters Tokyo 2023 - Day7 ぶいすぽグループウォッチパーティ【ぶいすぽっ!/橘ひなの】,橘ひなの / Hinano Tachibana,https://www.youtube.com/watch?v=Ts6EvEHtTdc&t=501s,2023-06-18T08:15:00Z
1894148,17031,ここ筋肉です。,VALORANT Masters Tokyo 2023 - Day7 ぶいすぽグループウォッチパーティ【ぶいすぽっ!/橘ひなの】,橘ひなの / Hinano Tachibana,https://www.youtube.com/watch?v=Ts6EvEHtTdc&t=17031s,2023-06-18T08:15:00Z
1896190,1393,ローバで弾とって筋肉で破壊か,V最協おつかれさま会,橘ひなの / Hinano Tachibana,https://www.youtube.com/watch?v=49TgAvh7Naw&t=1393s,2023-04-17T14:48:08Z
1929962,10998,筋肉理論すぎん？ww,【 Apex Legends 】V最協カスタム4日目!やわらか頭塾 ひば来るまでらむね助っ人【ぶいすぽっ!/橘ひなの】,橘ひなの / Hinano Tachibana,https://www.youtube.com/watch?v=aiLA-giawsU&t=10998s,2023-04-12T17:34:22Z
1989296,11729,腕筋肉痛なるか,【 Apex Legends 】オリンパスと聞いて【ぶいすぽっ!/橘ひなの】,橘ひなの / Hinano Tachibana,https://www.youtube.com/watch?v=l2HRAu5onAM&t=11729s,2023-06-06T16:20:32Z
1990753,17259,そーいやカフェインって筋肉痛に効くらしい,【 Apex Legends 】オリンパスと聞いて【ぶいすぽっ!/橘ひなの】,橘ひなの / Hinano Tachibana,https://www.youtube.com/watch?v=l2HRAu5onAM&t=17259s,2023-06-06T16:20:32Z
2018108,12045,笑わないやついたら筋肉強すぎやろwww,【 Apex Legends 】久々のオタク台パンこるち❕【ぶいすぽっ!/橘ひなの】,橘ひなの / Hinano Tachibana,https://www.youtube.com/watch?v=y14MJCAhFvs&t=12045s,2023-04-05T14:54:48Z
2031228,9629,筋肉の絆あるか,【 Apex Legends 】ボドカチャン、リサチャンとAPEX【ぶいすぽっ!/橘ひなの】,橘ひなの / Hinano Tachibana,https://www.youtube.com/watch?v=tdCu5BLbpuI&t=9629s,2023-04-10T10:02:36Z
2031229,9631,いや、筋肉で会話してるから干渉しないだけやで,【 Apex Legends 】ボドカチャン、リサチャンとAPEX【ぶいすぽっ!/橘ひなの】,橘ひなの / Hinano Tachibana,https://www.youtube.com/watch?v=tdCu5BLbpuI&t=9631s,2023-04-10T10:02:36Z
2031231,9634,人に興味ないのか。筋肉こそ全てとw,【 Apex Legends 】ボドカチャン、リサチャンとAPEX【ぶいすぽっ!/橘ひなの】,橘ひなの / Hinano Tachibana,https://www.youtube.com/watch?v=tdCu5BLbpuI&t=9634s,2023-04-10T10:02:36Z
2031234,9642,自分の筋肉いじめてるから他の人には優しい,【 Apex Legends 】ボドカチャン、リサチャンとAPEX【ぶいすぽっ!/橘ひなの】,橘ひなの / Hinano Tachibana,https://www.youtube.com/watch?v=tdCu5BLbpuI&t=9642s,2023-04-10T10:02:36Z
2108231,6003,肩の筋肉は目と関係があるそうだよ,【 RUST 】ギャンブルとファーム【ぶいすぽっ!/橘ひなの】,橘ひなの / Hinano Tachibana,https://www.youtube.com/watch?v=aKB22Te_aeA&t=6003s,2023-04-27T00:08:17Z
2108271,6098,骨に筋肉が付いてるのをはがすんやで,【 RUST 】ギャンブルとファーム【ぶいすぽっ!/橘ひなの】,橘ひなの / Hinano Tachibana,https://www.youtube.com/watch?v=aKB22Te_aeA&t=6098s,2023-04-27T00:08:17Z
2108316,6136,筋肉痛になった筋肉お湯でふやかしたい,【 RUST 】ギャンブルとファーム【ぶいすぽっ!/橘ひなの】,橘ひなの / Hinano Tachibana,https://www.youtube.com/watch?v=aKB22Te_aeA&t=6136s,2023-04-27T00:08:17Z
2108344,6163,肩甲骨の周りに凝り固まった筋肉の膜を揉みほぐして柔らかくする感じですよ、肩甲骨はがし,【 RUST 】ギャンブルとファーム【ぶいすぽっ!/橘ひなの】,橘ひなの / Hinano Tachibana,https://www.youtube.com/watch?v=aKB22Te_aeA&t=6163s,2023-04-27T00:08:17Z
2143295,1904,筋肉チャンネルだ,【 RUST 】ファームするぞ【ぶいすぽっ!/橘ひなの】,橘ひなの / Hinano Tachibana,https://www.youtube.com/watch?v=vBSido7RFEI&t=1904s,2023-04-19T05:29:41Z
2149952,33273,筋肉もクマには勝てなかったよ,【 RUST 】ファームするぞ【ぶいすぽっ!/橘ひなの】,橘ひなの / Hinano Tachibana,https://www.youtube.com/watch?v=vBSido7RFEI&t=33273s,2023-04-19T05:29:41Z
2149962,33305,分厚い筋肉もクマの前では無力か…,【 RUST 】ファームするぞ【ぶいすぽっ!/橘ひなの】,橘ひなの / Hinano Tachibana,https://www.youtube.com/watch?v=vBSido7RFEI&t=33305s,2023-04-19T05:29:41Z
2234116,4757,筋肉喜んでるよぉ！！,【 ゼルダの伝説ムジュラの仮面 】#2 今日も神殿へ【 ぶいすぽっ!/橘ひなの 】,橘ひなの / Hinano Tachibana,https://www.youtube.com/watch?v=gxuIPRF9Tug&t=4757s,2023-05-07T20:13:31Z
2239462,17058,やはり筋肉　筋肉が全てを解決する,【 ゼルダの伝説ムジュラの仮面 】#2 今日も神殿へ【 ぶいすぽっ!/橘ひなの 】,橘ひなの / Hinano Tachibana,https://www.youtube.com/watch?v=gxuIPRF9Tug&t=17058s,2023-05-07T20:13:31Z
2247735,276,ひなーの動かないと筋肉痛だよ…,【 ゼルダの伝説ムジュラの仮面 】#3 ロマニーを救いたい【 ぶいすぽっ!/橘ひなの 】,橘ひなの / Hinano Tachibana,https://www.youtube.com/watch?v=JxU7jiwZLpI&t=276s,2023-05-08T19:23:23Z
2247786,302,一旦筋肉痛か,【 ゼルダの伝説ムジュラの仮面 】#3 ロマニーを救いたい【 ぶいすぽっ!/橘ひなの 】,橘ひなの / Hinano Tachibana,https://www.youtube.com/watch?v=JxU7jiwZLpI&t=302s,2023-05-08T19:23:23Z
2247810,313,マウス振るだけで筋肉痛になりそうになるしなぁ,【 ゼルダの伝説ムジュラの仮面 】#3 ロマニーを救いたい【 ぶいすぽっ!/橘ひなの 】,橘ひなの / Hinano Tachibana,https://www.youtube.com/watch?v=JxU7jiwZLpI&t=313s,2023-05-08T19:23:23Z
2247831,327,みんな仲良く筋肉痛,【 ゼルダの伝説ムジュラの仮面 】#3 ロマニーを救いたい【 ぶいすぽっ!/橘ひなの 】,橘ひなの / Hinano Tachibana,https://www.youtube.com/watch?v=JxU7jiwZLpI&t=327s,2023-05-08T19:23:23Z
2299724,13094,筋肉が足りない,【 ゼルダの伝説夢をみる島 】#3 ダンジョン沢山クリアしたいね【 ぶいすぽっ!/橘ひなの 】,橘ひなの / Hinano Tachibana,https://www.youtube.com/watch?v=Ti2NaQ-xAp0&t=13094s,2023-06-20T16:38:01Z
2320473,577,筋肉痛になるわ,【ユービームービーフェス】汚笑三兄妹でまたまたあそんでいく!【ぶいすぽっ!/橘ひなの】,橘ひなの / Hinano Tachibana,https://www.youtube.com/watch?v=zv3va12P2kM&t=577s,2023-04-29T12:21:11Z
2328476,4115,スト6流行ってるし、愛しさと切なさと筋肉と。歌って～,【歌枠】もうすぐ夏だ!☀【ぶいすぽっ!/橘ひなの】,橘ひなの / Hinano Tachibana,https://www.youtube.com/watch?v=7ETIGcuMpjA&t=4115s,2023-06-24T15:44:30Z
2360703,4356,筋肉よな,【#えふぴーえふWIN】ぶいすぽっ!VALORANT紅白戦 Presented by GALLERIA  英リサ視点【ぶいすぽっ!/英リサ】,英リサ.Hanabusa Lisa,https://www.youtube.com/watch?v=_ytPdoM4LmY&t=4356s,2023-05-14T10:37:33Z
2360717,4379,筋肉がすべて,【#えふぴーえふWIN】ぶいすぽっ!VALORANT紅白戦 Presented by GALLERIA  英リサ視点【ぶいすぽっ!/英リサ】,英リサ.Hanabusa Lisa,https://www.youtube.com/watch?v=_ytPdoM4LmY&t=4379s,2023-05-14T10:37:33Z
2361945,10064,ヤーは筋肉くんのｗｗ,【#えふぴーえふWIN】ぶいすぽっ!VALORANT紅白戦 Presented by GALLERIA  英リサ視点【ぶいすぽっ!/英リサ】,英リサ.Hanabusa Lisa,https://www.youtube.com/watch?v=_ytPdoM4LmY&t=10064s,2023-05-14T10:37:33Z
2369763,837,明日筋肉痛やろこれｗｗ,【#英リサ3Dお披露目】3次元、お邪魔します【ぶいすぽっ!/英リサ】,英リサ.Hanabusa Lisa,https://www.youtube.com/watch?v=ey9KCNzSALQ&t=837s,2023-05-12T12:04:11Z
2375454,1376,筋肉痛えぐそう,【#英リサ3Dお披露目】3次元、お邪魔します【ぶいすぽっ!/英リサ】,英リサ.Hanabusa Lisa,https://www.youtube.com/watch?v=ey9KCNzSALQ&t=1376s,2023-05-12T12:04:11Z
2375617,1392,筋肉痛なるんちゃう？,【#英リサ3Dお披露目】3次元、お邪魔します【ぶいすぽっ!/英リサ】,英リサ.Hanabusa Lisa,https://www.youtube.com/watch?v=ey9KCNzSALQ&t=1392s,2023-05-12T12:04:11Z
2375667,1398,明日筋肉痛だなｗ,【#英リサ3Dお披露目】3次元、お邪魔します【ぶいすぽっ!/英リサ】,英リサ.Hanabusa Lisa,https://www.youtube.com/watch?v=ey9KCNzSALQ&t=1398s,2023-05-12T12:04:11Z
2375887,1419,筋肉痛はっや,【#英リサ3Dお披露目】3次元、お邪魔します【ぶいすぽっ!/英リサ】,英リサ.Hanabusa Lisa,https://www.youtube.com/watch?v=ey9KCNzSALQ&t=1419s,2023-05-12T12:04:11Z
2375977,1428,当日筋肉痛になるなら若い証拠よウフフ,【#英リサ3Dお披露目】3次元、お邪魔します【ぶいすぽっ!/英リサ】,英リサ.Hanabusa Lisa,https://www.youtube.com/watch?v=ey9KCNzSALQ&t=1428s,2023-05-12T12:04:11Z
2391788,2397,肩は筋肉なので、おそらく鎖骨だと思います,【#英リサ爆誕祭】今日英リサの誕生日らしいぞ!【ぶいすぽっ!/英リサ】,英リサ.Hanabusa Lisa,https://www.youtube.com/watch?v=0GGij_aFKIY&t=2397s,2023-06-03T11:25:07Z
2400367,11661,筋肉も十分です,【APEX】vtuber最協決定戦season5teamピンクブレイン参/#PBWIN 【ぶいすぽっ!/英リサ】,英リサ.Hanabusa Lisa,https://www.youtube.com/watch?v=kXW_PUJrBtQ&t=11661s,2023-04-15T14:45:18Z
2411349,1840,筋肉無くなって脂肪になってるやん,【APEX】うおおおおおおおおおおお朝ソロ【ぶいすぽっ!/英リサ】,英リサ.Hanabusa Lisa,https://www.youtube.com/watch?v=Wbks-t9P_l4&t=1840s,2023-06-05T11:07:38Z
2411363,1890,筋肉なんてすぐないなるから…,【APEX】うおおおおおおおおおおお朝ソロ【ぶいすぽっ!/英リサ】,英リサ.Hanabusa Lisa,https://www.youtube.com/watch?v=Wbks-t9P_l4&t=1890s,2023-06-05T11:07:38Z
2411365,1892,配信者になる前はそこそこ筋肉あったん？,【APEX】うおおおおおおおおおおお朝ソロ【ぶいすぽっ!/英リサ】,英リサ.Hanabusa Lisa,https://www.youtube.com/watch?v=Wbks-t9P_l4&t=1892s,2023-06-05T11:07:38Z
2411368,1895,筋肉が脂肪に移り変わっただけかも,【APEX】うおおおおおおおおおおお朝ソロ【ぶいすぽっ!/英リサ】,英リサ.Hanabusa Lisa,https://www.youtube.com/watch?v=Wbks-t9P_l4&t=1895s,2023-06-05T11:07:38Z
2411373,1898,筋肉の方が重いもんね,【APEX】うおおおおおおおおおおお朝ソロ【ぶいすぽっ!/英リサ】,英リサ.Hanabusa Lisa,https://www.youtube.com/watch?v=Wbks-t9P_l4&t=1898s,2023-06-05T11:07:38Z
2411375,1898,筋肉って脂肪の3倍重いんだっけ！？,【APEX】うおおおおおおおおおおお朝ソロ【ぶいすぽっ!/英リサ】,英リサ.Hanabusa Lisa,https://www.youtube.com/watch?v=Wbks-t9P_l4&t=1898s,2023-06-05T11:07:38Z
2411400,1947,マウスに重りでもつけてやれば筋肉つくかもしれん,【APEX】うおおおおおおおおおおお朝ソロ【ぶいすぽっ!/英リサ】,英リサ.Hanabusa Lisa,https://www.youtube.com/watch?v=Wbks-t9P_l4&t=1947s,2023-06-05T11:07:38Z
2411419,2013,振り向き2メートルくらいにしたらもっと筋肉つくよ,【APEX】うおおおおおおおおおおお朝ソロ【ぶいすぽっ!/英リサ】,英リサ.Hanabusa Lisa,https://www.youtube.com/watch?v=Wbks-t9P_l4&t=2013s,2023-06-05T11:07:38Z
2411424,2018,マウスで筋肉つくもんなんかｗ？,【APEX】うおおおおおおおおおおお朝ソロ【ぶいすぽっ!/英リサ】,英リサ.Hanabusa Lisa,https://www.youtube.com/watch?v=Wbks-t9P_l4&t=2018s,2023-06-05T11:07:38Z
2411433,2026,くっそローセンシにしたらめっちゃ筋肉つきそう,【APEX】うおおおおおおおおおおお朝ソロ【ぶいすぽっ!/英リサ】,英リサ.Hanabusa Lisa,https://www.youtube.com/watch?v=Wbks-t9P_l4&t=2026s,2023-06-05T11:07:38Z
2411434,2031,腕の筋肉つけたらさらにエイム早くなるのでは？,【APEX】うおおおおおおおおおおお朝ソロ【ぶいすぽっ!/英リサ】,英リサ.Hanabusa Lisa,https://www.youtube.com/watch?v=Wbks-t9P_l4&t=2031s,2023-06-05T11:07:38Z
2418196,2701,脳筋肉,【APEX】おはようのソロ【ぶいすぽっ!/英リサ】,英リサ.Hanabusa Lisa,https://www.youtube.com/watch?v=1Gkza-fzYuU&t=2701s,2023-05-21T02:26:04Z
2433092,5700,筋肉がどうにかなってる可能性考えて湿布はありかも,【APEX】揃うまで助っ人さん入れてやります teamピンクブレイン【ぶいすぽっ!/英リサ】,英リサ.Hanabusa Lisa,https://www.youtube.com/watch?v=0ikqUGxMTPQ&t=5700s,2023-04-08T20:23:43Z
2433699,10749,鍼は筋肉に刺激が入ることでコリをほぐしたりする,【APEX】揃うまで助っ人さん入れてやります teamピンクブレイン【ぶいすぽっ!/英リサ】,英リサ.Hanabusa Lisa,https://www.youtube.com/watch?v=0ikqUGxMTPQ&t=10749s,2023-04-08T20:23:43Z
2461363,13302,筋肉か,【BLUE PROTOCOL】あさぷろっ!【ぶいすぽっ!/英リサ】,英リサ.Hanabusa Lisa,https://www.youtube.com/watch?v=fU4n93bnagA&t=13302s,2023-06-25T03:46:01Z
2461400,13353,そんな筋肉フェチだっけお嬢様…,【BLUE PROTOCOL】あさぷろっ!【ぶいすぽっ!/英リサ】,英リサ.Hanabusa Lisa,https://www.youtube.com/watch?v=fU4n93bnagA&t=13353s,2023-06-25T03:46:01Z
2473488,3977,筋肉好きでしょ,【BLUE PROTOCOL】最強術師めざすおヾ(≧▽≦)ノ【ぶいすぽっ!/英リサ】,英リサ.Hanabusa Lisa,https://www.youtube.com/watch?v=nkBsLOuepIs&t=3977s,2023-06-17T12:09:10Z
2507307,4698,筋肉式レッカー,【PUBG】ぶいすぽメンバーと5億年ぶりPUBG【ぶいすぽっ!/英リサ】,英リサ.Hanabusa Lisa,https://www.youtube.com/watch?v=B59c3tdrllA&t=4698s,2023-06-24T17:47:23Z
2514939,310,筋肉凄い,【Terraria】ピンブレ2次会てらりあ~🌸【ぶいすぽっ!/英リサ】,英リサ.Hanabusa Lisa,https://www.youtube.com/watch?v=Nvg8gvmtYpA&t=310s,2023-05-07T23:03:57Z
2519444,2071,筋肉エイム出てるねぇ,【VALORANT】おはようフルパ/山P、ファン太さん、すーちゃん、らっだぁさん【ぶいすぽっ!/英リサ】,英リサ.Hanabusa Lisa,https://www.youtube.com/watch?v=PbHh6jw2ZEM&t=2071s,2023-05-20T20:35:00Z
2521554,1263,筋肉グレ,【VALORANT】たのしいフルパばろらんと/エビオさん、ひなーの、まさのりさん、うるは先輩、ボドカさん【ぶいすぽっ!/英リサ】,英リサ.Hanabusa Lisa,https://www.youtube.com/watch?v=zBa7iGg1JBc&t=1263s,2023-05-06T21:14:18Z
2522008,6507,筋肉オペ,【VALORANT】たのしいフルパばろらんと/エビオさん、ひなーの、まさのりさん、うるは先輩、ボドカさん【ぶいすぽっ!/英リサ】,英リサ.Hanabusa Lisa,https://www.youtube.com/watch?v=zBa7iGg1JBc&t=6507s,2023-05-06T21:14:18Z
2526351,1589,筋肉で解決してたなぁ,【VALORANT】れんしゅうしませう/渋ハル、心白てとさん、みこだよさん、アステルさん、rpr【ぶいすぽっ!/英リサ】,英リサ.Hanabusa Lisa,https://www.youtube.com/watch?v=q-v_Yj3HmcI&t=1589s,2023-05-05T00:11:04Z
2542679,1592,筋肉で解決やｗ,【VALORANT】楽しいフルpartyバロラント【ぶいすぽっ!/英リサ】,英リサ.Hanabusa Lisa,https://www.youtube.com/watch?v=K2gt_E3swFg&t=1592s,2023-06-07T23:20:39Z
2564064,3166,筋肉質？,【ストリートファイター6】右も左もわかりません【ぶいすぽっ!/英リサ】,英リサ.Hanabusa Lisa,https://www.youtube.com/watch?v=tkTb7flExXE&t=3166s,2023-06-09T17:43:37Z
2564360,3639,筋肉はある,【ストリートファイター6】右も左もわかりません【ぶいすぽっ!/英リサ】,英リサ.Hanabusa Lisa,https://www.youtube.com/watch?v=tkTb7flExXE&t=3639s,2023-06-09T17:43:37Z
2565517,4758,そんな筋肉あって負けるなよｗ,【ストリートファイター6】右も左もわかりません【ぶいすぽっ!/英リサ】,英リサ.Hanabusa Lisa,https://www.youtube.com/watch?v=tkTb7flExXE&t=4758s,2023-06-09T17:43:37Z
2565615,4855,筋肉はそんなになのか,【ストリートファイター6】右も左もわかりません【ぶいすぽっ!/英リサ】,英リサ.Hanabusa Lisa,https://www.youtube.com/watch?v=tkTb7flExXE&t=4855s,2023-06-09T17:43:37Z
2565861,5074,実は知的な筋肉タイプ,【ストリートファイター6】右も左もわかりません【ぶいすぽっ!/英リサ】,英リサ.Hanabusa Lisa,https://www.youtube.com/watch?v=tkTb7flExXE&t=5074s,2023-06-09T17:43:37Z
2567009,6733,やはり愛の力より筋肉なんだよ,【ストリートファイター6】右も左もわかりません【ぶいすぽっ!/英リサ】,英リサ.Hanabusa Lisa,https://www.youtube.com/watch?v=tkTb7flExXE&t=6733s,2023-06-09T17:43:37Z
2567025,6765,やっぱり筋肉は嘘をつかない,【ストリートファイター6】右も左もわかりません【ぶいすぽっ!/英リサ】,英リサ.Hanabusa Lisa,https://www.youtube.com/watch?v=tkTb7flExXE&t=6765s,2023-06-09T17:43:37Z
2568145,9745,体格が筋肉質すぎるんじゃない?,【ストリートファイター6】右も左もわかりません【ぶいすぽっ!/英リサ】,英リサ.Hanabusa Lisa,https://www.youtube.com/watch?v=tkTb7flExXE&t=9745s,2023-06-09T17:43:37Z
2568427,10478,筋肉だるましかいないからそれなりに大きくないとガリガリになるんよな,【ストリートファイター6】右も左もわかりません【ぶいすぽっ!/英リサ】,英リサ.Hanabusa Lisa,https://www.youtube.com/watch?v=tkTb7flExXE&t=10478s,2023-06-09T17:43:37Z
2568636,10783,筋肉無くなった渡辺華奈っぽい,【ストリートファイター6】右も左もわかりません【ぶいすぽっ!/英リサ】,英リサ.Hanabusa Lisa,https://www.youtube.com/watch?v=tkTb7flExXE&t=10783s,2023-06-09T17:43:37Z
2591067,21788,筋肉で硫黄採ってきたんか,【スト鯖RUST】ほな【ぶいすぽっ!/英リサ】,英リサ.Hanabusa Lisa,https://www.youtube.com/watch?v=GkYJetP-qnc&t=21788s,2023-04-21T05:55:58Z
2607602,22828,筋肉少女帯の「踊るダメ人間」が似あう女,【スト鯖RUST】今から、増えるよ【ぶいすぽっ!/英リサ】,英リサ.Hanabusa Lisa,https://www.youtube.com/watch?v=gDwMmAooeWo&t=22828s,2023-04-25T15:35:46Z
2617766,39179,筋肉落ちちゃうよ,【スト鯖RUST】億万長者、なろか【ぶいすぽっ!/英リサ】,英リサ.Hanabusa Lisa,https://www.youtube.com/watch?v=PDHjY3-yoE8&t=39179s,2023-04-18T05:27:00Z
2620752,3843,筋肉がパンパンなんよ,【スト鯖RUST】枠切り替えその2 ボス周回週間【ぶいすぽっ!/英リサ】,英リサ.Hanabusa Lisa,https://www.youtube.com/watch?v=ClM2DXsG_0o&t=3843s,2023-04-19T13:42:13Z
2623057,886,筋肉だるまさぁ…,【スト鯖RUST】生ぬるく生きる【ぶいすぽっ!/英リサ】,英リサ.Hanabusa Lisa,https://www.youtube.com/watch?v=FgY8LErauvw&t=886s,2023-04-19T07:00:10Z
2637810,2914,筋肉に自信あります,ちょっとはなそうや,英リサ.Hanabusa Lisa,https://www.youtube.com/watch?v=D-iEziKwhsY&t=2914s,2023-05-06T13:30:08Z
2637881,2957,腕相撲は前腕の力やね、肘より先の筋肉,ちょっとはなそうや,英リサ.Hanabusa Lisa,https://www.youtube.com/watch?v=D-iEziKwhsY&t=2957s,2023-05-06T13:30:08Z
2637887,2966,握力は全身の筋肉のバランス,ちょっとはなそうや,英リサ.Hanabusa Lisa,https://www.youtube.com/watch?v=D-iEziKwhsY&t=2966s,2023-05-06T13:30:08Z
2637900,2977,握力強いってことは前腕の筋肉が強いってことやね,ちょっとはなそうや,英リサ.Hanabusa Lisa,https://www.youtube.com/watch?v=D-iEziKwhsY&t=2977s,2023-05-06T13:30:08Z
2638025,3070,八雲のナイスバディってもしかして筋肉・・・,ちょっとはなそうや,英リサ.Hanabusa Lisa,https://www.youtube.com/watch?v=D-iEziKwhsY&t=3070s,2023-05-06T13:30:08Z
2638060,3115,筋肉あるほうがスタイルいいよね,ちょっとはなそうや,英リサ.Hanabusa Lisa,https://www.youtube.com/watch?v=D-iEziKwhsY&t=3115s,2023-05-06T13:30:08Z
2640777,5071,筋肉無いと無理じゃん,ちょっとはなそうや,英リサ.Hanabusa Lisa,https://www.youtube.com/watch?v=D-iEziKwhsY&t=5071s,2023-05-06T13:30:08Z
2642754,1917,筋肉ある？,色々お疲れさまでした雑,英リサ.Hanabusa Lisa,https://www.youtube.com/watch?v=TFtFH0dGQRM&t=1917s,2023-04-17T06:45:56Z
2642951,2105,筋肉痛の間は有酸素運動するんや,色々お疲れさまでした雑,英リサ.Hanabusa Lisa,https://www.youtube.com/watch?v=TFtFH0dGQRM&t=2105s,2023-04-17T06:45:56Z
2643091,2269,ストレッチでも少し筋肉つくから痩せやすくなる,色々お疲れさまでした雑,英リサ.Hanabusa Lisa,https://www.youtube.com/watch?v=TFtFH0dGQRM&t=2269s,2023-04-17T06:45:56Z
2646904,7043,お金と筋肉だけは裏切らないから,色々お疲れさまでした雑,英リサ.Hanabusa Lisa,https://www.youtube.com/watch?v=TFtFH0dGQRM&t=7043s,2023-04-17T06:45:56Z
2647913,79,筋肉痛になった？,3Dおつかり~❕❕🌼,英リサ.Hanabusa Lisa,https://www.youtube.com/watch?v=-sOdXw7bu9c&t=79s,2023-05-13T11:58:31Z
2647943,89,筋肉痛か？,3Dおつかり~❕❕🌼,英リサ.Hanabusa Lisa,https://www.youtube.com/watch?v=-sOdXw7bu9c&t=89s,2023-05-13T11:58:31Z
2647965,99,明日来るかもよ、筋肉痛ｗ,3Dおつかり~❕❕🌼,英リサ.Hanabusa Lisa,https://www.youtube.com/watch?v=-sOdXw7bu9c&t=99s,2023-05-13T11:58:31Z
2647967,100,筋肉痛は遅れてくるよ,3Dおつかり~❕❕🌼,英リサ.Hanabusa Lisa,https://www.youtube.com/watch?v=-sOdXw7bu9c&t=100s,2023-05-13T11:58:31Z
2647983,104,明日筋肉痛になるかもよ,3Dおつかり~❕❕🌼,英リサ.Hanabusa Lisa,https://www.youtube.com/watch?v=-sOdXw7bu9c&t=104s,2023-05-13T11:58:31Z
2647990,106,ナイス筋肉！！！,3Dおつかり~❕❕🌼,英リサ.Hanabusa Lisa,https://www.youtube.com/watch?v=-sOdXw7bu9c&t=106s,2023-05-13T11:58:31Z
2648002,108,それ年取ってるから筋肉痛来るの遅めなだけだよ,3Dおつかり~❕❕🌼,英リサ.Hanabusa Lisa,https://www.youtube.com/watch?v=-sOdXw7bu9c&t=108s,2023-05-13T11:58:31Z
2648024,119,日跨いで筋肉痛くるパターンか？,3Dおつかり~❕❕🌼,英リサ.Hanabusa Lisa,https://www.youtube.com/watch?v=-sOdXw7bu9c&t=119s,2023-05-13T11:58:31Z
2648098,153,年寄りって筋肉痛1週間後に来るらしいですよ,3Dおつかり~❕❕🌼,英リサ.Hanabusa Lisa,https://www.youtube.com/watch?v=-sOdXw7bu9c&t=153s,2023-05-13T11:58:31Z
2649987,1219,ちな今は筋肉どうなってる？,3Dおつかり~❕❕🌼,英リサ.Hanabusa Lisa,https://www.youtube.com/watch?v=-sOdXw7bu9c&t=1219s,2023-05-13T11:58:31Z
2650016,1245,明日筋肉痛くるよ,3Dおつかり~❕❕🌼,英リサ.Hanabusa Lisa,https://www.youtube.com/watch?v=-sOdXw7bu9c&t=1245s,2023-05-13T11:58:31Z
2650023,1248,歳だな、明日が筋肉痛か,3Dおつかり~❕❕🌼,英リサ.Hanabusa Lisa,https://www.youtube.com/watch?v=-sOdXw7bu9c&t=1248s,2023-05-13T11:58:31Z
2650025,1249,筋肉痛あしたくるで…,3Dおつかり~❕❕🌼,英リサ.Hanabusa Lisa,https://www.youtube.com/watch?v=-sOdXw7bu9c&t=1249s,2023-05-13T11:58:31Z
2650032,1252,お年寄りは筋肉痛遅れて来るからかな,3Dおつかり~❕❕🌼,英リサ.Hanabusa Lisa,https://www.youtube.com/watch?v=-sOdXw7bu9c&t=1252s,2023-05-13T11:58:31Z
2650033,1252,筋肉痛すぐくるタイプ？,3Dおつかり~❕❕🌼,英リサ.Hanabusa Lisa,https://www.youtube.com/watch?v=-sOdXw7bu9c&t=1252s,2023-05-13T11:58:31Z
2650062,1286,筋肉痛「来ちゃった」,3Dおつかり~❕❕🌼,英リサ.Hanabusa Lisa,https://www.youtube.com/watch?v=-sOdXw7bu9c&t=1286s,2023-05-13T11:58:31Z
2650076,1291,もうちょっとしたら、2日後に筋肉痛来るようになるで…,3Dおつかり~❕❕🌼,英リサ.Hanabusa Lisa,https://www.youtube.com/watch?v=-sOdXw7bu9c&t=1291s,2023-05-13T11:58:31Z
2650389,1525,筋肉痛なった？,3Dおつかり~❕❕🌼,英リサ.Hanabusa Lisa,https://www.youtube.com/watch?v=-sOdXw7bu9c&t=1525s,2023-05-13T11:58:31Z
2654102,3598,首の筋肉やばすぎ,3Dおつかり~❕❕🌼,英リサ.Hanabusa Lisa,https://www.youtube.com/watch?v=-sOdXw7bu9c&t=3598s,2023-05-13T11:58:31Z
2654212,3664,吉田沙保里さん並みの筋肉,3Dおつかり~❕❕🌼,英リサ.Hanabusa Lisa,https://www.youtube.com/watch?v=-sOdXw7bu9c&t=3664s,2023-05-13T11:58:31Z
2682190,1709,やはり筋肉,【色々】色々【ぶいすぽ/如月れん】,如月れん -Ren kisaragi-,https://www.youtube.com/watch?v=RRuR3eim3z0&t=1709s,2023-04-13T10:35:26Z
2682192,1720,春麗は足の筋肉えっぐい,【色々】色々【ぶいすぽ/如月れん】,如月れん -Ren kisaragi-,https://www.youtube.com/watch?v=RRuR3eim3z0&t=1720s,2023-04-13T10:35:26Z
2682205,1781,筋肉＋むち感がいいよねってことぉ！？,【色々】色々【ぶいすぽ/如月れん】,如月れん -Ren kisaragi-,https://www.youtube.com/watch?v=RRuR3eim3z0&t=1781s,2023-04-13T10:35:26Z
2682214,1818,女性キャラに筋肉ついてるのは良いけどストファイのかりんってキャラはだいぶ見た目ネタにされてるからなんとかしてあげてほしい感,【色々】色々【ぶいすぽ/如月れん】,如月れん -Ren kisaragi-,https://www.youtube.com/watch?v=RRuR3eim3z0&t=1818s,2023-04-13T10:35:26Z
2682513,4083,自分の筋肉の脈動が画面で感じれるよ,【色々】色々【ぶいすぽ/如月れん】,如月れん -Ren kisaragi-,https://www.youtube.com/watch?v=RRuR3eim3z0&t=4083s,2023-04-13T10:35:26Z
2682517,4127,感度高くしてエイムビタ止め出来るのはやっぱ筋肉なんかな,【色々】色々【ぶいすぽ/如月れん】,如月れん -Ren kisaragi-,https://www.youtube.com/watch?v=RRuR3eim3z0&t=4127s,2023-04-13T10:35:26Z
2687751,4122,普通の競走馬と違って筋肉もりもりだからより迫力すごいよ,【隙間時間雑談】猫に噛まれて指痛い【ぶいすぽ/如月れん】,如月れん -Ren kisaragi-,https://www.youtube.com/watch?v=D2tOg-IV0bk&t=4122s,2023-05-01T09:56:20Z
2690923,5961,脚の筋肉ってデカいから鍛えると痩せやすくなるらしいよ、特に太もも,【雑】タイトルにこれ書こうって思いついたのに忘れた【ぶいすぽ/如月れん】,如月れん -Ren kisaragi-,https://www.youtube.com/watch?v=SGY_6KAdOQs&t=5961s,2023-04-03T10:19:27Z
2691768,1742,筋肉痛が！？,【雑談】こんな時間に3Dの振り返り配信を取る奴がいるかよ【ぶいすぽ/如月れん】,如月れん -Ren kisaragi-,https://www.youtube.com/watch?v=1ERuy8wnicI&t=1742s,2023-06-08T10:05:31Z
2695152,5992,スクワット何回かやってから回答とかで全員、筋肉痛になってほしい,【雑談】ほんとにすみませんタスクが沢山です【ぶいすぽ/如月れん】,如月れん -Ren kisaragi-,https://www.youtube.com/watch?v=sl8rwD5JRV8&t=5992s,2023-05-31T08:42:09Z
2696091,1241,筋肉質ってこと？,【雑談】今手に持っているポテチに今日の運勢がかかっていると言っても過言【ぶいすぽ/如月れん】,如月れん -Ren kisaragi-,https://www.youtube.com/watch?v=uIWYL9pBOfw&t=1241s,2023-04-07T08:43:15Z
2700053,2022,久々にドーム投げてたから筋肉痛か,【雑談】話すぞ~~~~【ぶいすぽ/如月れん】,如月れん -Ren kisaragi-,https://www.youtube.com/watch?v=xBDljCjZeXc&t=2022s,2023-05-17T10:06:15Z
2720846,16309,筋肉裏画面,VALORANT Masters Tokyo 2023-Day5 !ぶいすぽグループウォッチパーティ👀 【ぶいすぽ/八雲べに】,八雲べに,https://www.youtube.com/watch?v=9G4hsm7CtWM&t=16309s,2023-06-16T09:05:59Z
2724015,349,まざーさん筋肉痛治ったんかなｗ,VALORANT Masters Tokyo 2023-Grand Final - Day12 ! ぶいすぽグループウォッチパーティ👀 【ぶいすぽ/八雲べに】,八雲べに,https://www.youtube.com/watch?v=qaooqz9SAHQ&t=349s,2023-06-25T08:32:40Z
2753167,9240,筋肉はすべてを解決する,【 APEX 】フルパだあああ💜セクシーぎゃる宮❕w/きゅぴるな【ぶいすぽ/八雲べに】,八雲べに,https://www.youtube.com/watch?v=Efq9ARbw42c&t=9240s,2023-05-14T15:07:01Z
2754665,1471,筋肉つけたらべに様にもモテますか？,【#Huel】完全栄養食、いただきます♡【ぶいすぽっ!/八雲べに】,八雲べに,https://www.youtube.com/watch?v=_BlTMl-lXfQ&t=1471s,2023-05-10T11:28:52Z
2754666,1472,筋肉エイムだぞ,【#Huel】完全栄養食、いただきます♡【ぶいすぽっ!/八雲べに】,八雲べに,https://www.youtube.com/watch?v=_BlTMl-lXfQ&t=1472s,2023-05-10T11:28:52Z
2754667,1474,筋肉aimw,【#Huel】完全栄養食、いただきます♡【ぶいすぽっ!/八雲べに】,八雲べに,https://www.youtube.com/watch?v=_BlTMl-lXfQ&t=1474s,2023-05-10T11:28:52Z
2754670,1476,筋肉エイムを手に入れろ！,【#Huel】完全栄養食、いただきます♡【ぶいすぽっ!/八雲べに】,八雲べに,https://www.youtube.com/watch?v=_BlTMl-lXfQ&t=1476s,2023-05-10T11:28:52Z
2754672,1477,筋肉つけるとエイムよくなるよ,【#Huel】完全栄養食、いただきます♡【ぶいすぽっ!/八雲べに】,八雲べに,https://www.youtube.com/watch?v=_BlTMl-lXfQ&t=1477s,2023-05-10T11:28:52Z
2754675,1479,筋肉エイムは最強です,【#Huel】完全栄養食、いただきます♡【ぶいすぽっ!/八雲べに】,八雲べに,https://www.youtube.com/watch?v=_BlTMl-lXfQ&t=1479s,2023-05-10T11:28:52Z
2754676,1480,筋肉大事よね,【#Huel】完全栄養食、いただきます♡【ぶいすぽっ!/八雲べに】,八雲べに,https://www.youtube.com/watch?v=_BlTMl-lXfQ&t=1480s,2023-05-10T11:28:52Z
2754678,1481,筋肉エイム！ｗ,【#Huel】完全栄養食、いただきます♡【ぶいすぽっ!/八雲べに】,八雲べに,https://www.youtube.com/watch?v=_BlTMl-lXfQ&t=1481s,2023-05-10T11:28:52Z
2754679,1482,筋肉エイムだ,【#Huel】完全栄養食、いただきます♡【ぶいすぽっ!/八雲べに】,八雲べに,https://www.youtube.com/watch?v=_BlTMl-lXfQ&t=1482s,2023-05-10T11:28:52Z
2754682,1484,筋肉エイム笑,【#Huel】完全栄養食、いただきます♡【ぶいすぽっ!/八雲べに】,八雲べに,https://www.youtube.com/watch?v=_BlTMl-lXfQ&t=1484s,2023-05-10T11:28:52Z
2755727,3091,顔の筋肉なくなかもなｗ,【#Huel】完全栄養食、いただきます♡【ぶいすぽっ!/八雲べに】,八雲べに,https://www.youtube.com/watch?v=_BlTMl-lXfQ&t=3091s,2023-05-10T11:28:52Z
2757679,2327,筋肉で破壊したぜ,【#ハピシュガWIN】ぶいすぽっ!VALORANT紅白戦 Presented by GALLERIA  八雲べに視点 【ぶいすぽ/八雲べに】,八雲べに,https://www.youtube.com/watch?v=Hmg_g4oHpqk&t=2327s,2023-05-14T09:12:50Z
2758516,4309,あかりんに筋肉が怖い,【#ハピシュガWIN】ぶいすぽっ!VALORANT紅白戦 Presented by GALLERIA  八雲べに視点 【ぶいすぽ/八雲べに】,八雲べに,https://www.youtube.com/watch?v=Hmg_g4oHpqk&t=4309s,2023-05-14T09:12:50Z
2761537,10554,フィジカル筋肉,【#ハピシュガWIN】ぶいすぽっ!VALORANT紅白戦 Presented by GALLERIA  八雲べに視点 【ぶいすぽ/八雲べに】,八雲べに,https://www.youtube.com/watch?v=Hmg_g4oHpqk&t=10554s,2023-05-14T09:12:50Z
2768252,993,明日筋肉痛だな,【#八雲べに3D】ついにキタ!耐えろYouTube!【ぶいすぽ/八雲べに】,八雲べに,https://www.youtube.com/watch?v=WZ2zvy_gxtM&t=993s,2023-06-02T11:29:39Z
2798090,11557,筋肉減ってきてるってことか,【APEX】V最カスタムDay3 #JewelWIN💎✨【ぶいすぽ/八雲べに】,八雲べに,https://www.youtube.com/watch?v=PBaxbjqCpdQ&t=11557s,2023-04-11T15:14:10Z
2811667,9736,筋肉でねじ伏せられちゃう,【APEX】V最協練習カスタム~!w/ つにゃ【ぶいすぽ/八雲べに】,八雲べに,https://www.youtube.com/watch?v=uYPFYNKH6AU&t=9736s,2023-04-04T19:51:35Z
2870216,2988,何者にも負けない筋肉を持つ,【Minecraft】アプデきたらしい🌸🌸【ぶいすぽ/八雲べに】,八雲べに,https://www.youtube.com/watch?v=XKGlncbz6wo&t=2988s,2023-06-09T10:41:04Z
2893504,3181,終わったあと筋肉痛なりそう,【Minecraft】タワマン深夜残業。【ぶいすぽ/八雲べに】,八雲べに,https://www.youtube.com/watch?v=-Oci_Q-f9ns&t=3181s,2023-05-28T22:59:26Z
2910014,1540,筋肉ムキムキ,【Minecraft】八雲タワーマンション、本日完成します。【ぶいすぽ/八雲べに】,八雲べに,https://www.youtube.com/watch?v=WxnBY59ysKQ&t=1540s,2023-05-21T22:11:52Z
2910019,1544,あの人ら絶対筋肉凄い,【Minecraft】八雲タワーマンション、本日完成します。【ぶいすぽ/八雲べに】,八雲べに,https://www.youtube.com/watch?v=WxnBY59ysKQ&t=1544s,2023-05-21T22:11:52Z
2910022,1545,ポールダンスマジで身体の筋肉使うからね,【Minecraft】八雲タワーマンション、本日完成します。【ぶいすぽ/八雲べに】,八雲べに,https://www.youtube.com/watch?v=WxnBY59ysKQ&t=1545s,2023-05-21T22:11:52Z
2917231,1347,ささみみたいな脚の筋肉だった？,【Minecraft】八雲建設ひみつの部屋計画→ソロヴァロ【ぶいすぽ/八雲べに】,八雲べに,https://www.youtube.com/watch?v=VTyjSG7I3LM&t=1347s,2023-06-08T02:12:26Z
2936223,2854,筋肉痛なっとるww,【Minecraft】色々ひと段落のまった~り深夜マイクラ w/ミミたや【ぶいすぽ/八雲べに】,八雲べに,https://www.youtube.com/watch?v=NOF3S62A_AY&t=2854s,2023-06-06T23:55:22Z
2978665,4531,筋肉くん,【valorant】マウスパン禁止🚫ソロコンペ A2~  【ぶいすぽ/八雲べに】,八雲べに,https://www.youtube.com/watch?v=MdNAvN4R-h8&t=4531s,2023-06-15T19:20:35Z
2984417,3026,筋肉サイファーいない？w,【valorant】久々ヴァロ!フルパだ~!w/ ギア3 だるま3 ぎるる Bobくん【ぶいすぽ/八雲べに】,八雲べに,https://www.youtube.com/watch?v=-BxOwjgYAYI&t=3026s,2023-05-09T16:01:20Z
3002090,2189,まざーさん筋肉痛なおったかな,【valorant】新ACT先行体験!デッドロックどんなもん???後でカスタム!【ぶいすぽ/八雲べに】,八雲べに,https://www.youtube.com/watch?v=aW-ITgIitWA&t=2189s,2023-06-26T21:34:33Z
3029160,1849,筋肉ルーレットで決めるか,【雑談】おはようの呼吸一の型【ぶいすぽ/八雲べに】,八雲べに,https://www.youtube.com/watch?v=PiHma3lakgQ&t=1849s,2023-05-31T03:46:38Z
3030474,4141,大会出てる僕みたいな筋肉ゴリラはダメですか。。。,【雑談】おはようの呼吸一の型【ぶいすぽ/八雲べに】,八雲べに,https://www.youtube.com/watch?v=PiHma3lakgQ&t=4141s,2023-05-31T03:46:38Z
3030490,4167,お気に入りの筋肉は？,【雑談】おはようの呼吸一の型【ぶいすぽ/八雲べに】,八雲べに,https://www.youtube.com/watch?v=PiHma3lakgQ&t=4167s,2023-05-31T03:46:38Z
3030510,4194,筋肉の輝き見たいからね…,【雑談】おはようの呼吸一の型【ぶいすぽ/八雲べに】,八雲べに,https://www.youtube.com/watch?v=PiHma3lakgQ&t=4194s,2023-05-31T03:46:38Z
3030520,4204,筋肉モリモリマッチョマン,【雑談】おはようの呼吸一の型【ぶいすぽ/八雲べに】,八雲べに,https://www.youtube.com/watch?v=PiHma3lakgQ&t=4204s,2023-05-31T03:46:38Z
3030524,4211,恋人は筋肉,【雑談】おはようの呼吸一の型【ぶいすぽ/八雲べに】,八雲べに,https://www.youtube.com/watch?v=PiHma3lakgQ&t=4211s,2023-05-31T03:46:38Z
3030561,4267,筋肉は人を狂わせる,【雑談】おはようの呼吸一の型【ぶいすぽ/八雲べに】,八雲べに,https://www.youtube.com/watch?v=PiHma3lakgQ&t=4267s,2023-05-31T03:46:38Z
3030760,4596,しっかりトレーニング筋肉に効いてますか！？,【雑談】おはようの呼吸一の型【ぶいすぽ/八雲べに】,八雲べに,https://www.youtube.com/watch?v=PiHma3lakgQ&t=4596s,2023-05-31T03:46:38Z
3030844,4718,胸の脂肪が筋肉になってるww,【雑談】おはようの呼吸一の型【ぶいすぽ/八雲べに】,八雲べに,https://www.youtube.com/watch?v=PiHma3lakgQ&t=4718s,2023-05-31T03:46:38Z
3044604,1063,筋肉は何歳からでも成長する,【雑談】チョットはなそ~🍉【ぶいすぽ/八雲べに】,八雲べに,https://www.youtube.com/watch?v=8ddVQMWmoJY&t=1063s,2023-05-16T11:33:07Z
3044615,1078,筋肉は裏切らない！！,【雑談】チョットはなそ~🍉【ぶいすぽ/八雲べに】,八雲べに,https://www.youtube.com/watch?v=8ddVQMWmoJY&t=1078s,2023-05-16T11:33:07Z
3061024,3941,筋肉痛になった？w,【雑談】3Dお披露目おつかれさま~!🌹♡【ぶいすぽ/八雲べに】,八雲べに,https://www.youtube.com/watch?v=vvs-PkzKZjw&t=3941s,2023-06-03T12:36:11Z
3062561,1507,筋肉が必要なジェット,VALORANT Masters Tokyo 2023-Day3 !!ぶいすぽグループウォッチパーティ🌟【ぶいすぽっ!/ 藍沢エマ】,藍沢エマ / Aizawa Ema,https://www.youtube.com/watch?v=5V_sf_OJRvA&t=1507s,2023-06-13T13:34:52Z
3193898,6077,筋肉痛なるww,【APEX】認定戦まだです w/せなゆい【ぶいすぽっ!/ 藍沢エマ】,藍沢エマ / Aizawa Ema,https://www.youtube.com/watch?v=DySWnpHuaTA&t=6077s,2023-05-18T16:57:34Z
3211212,12632,柔らかい人と硬い人の筋肉どんな感じで違うんだろ,【Minecraft】ひさしぶりに帰るか~!【ぶいすぽっ!/ 藍沢エマ】,藍沢エマ / Aizawa Ema,https://www.youtube.com/watch?v=vHd2fMNY7W4&t=12632s,2023-06-08T19:22:29Z
3279194,1701,筋肉男,【原神】#19 用意はとっくに出来てるぜ。【ぶいすぽっ!/ 藍沢エマ】,藍沢エマ / Aizawa Ema,https://www.youtube.com/watch?v=8gvQxVJQO9c&t=1701s,2023-04-03T22:24:13Z
3279463,1929,たそまるも筋肉好きかぁ,【原神】#19 用意はとっくに出来てるぜ。【ぶいすぽっ!/ 藍沢エマ】,藍沢エマ / Aizawa Ema,https://www.youtube.com/watch?v=8gvQxVJQO9c&t=1929s,2023-04-03T22:24:13Z
3284394,7819,良い筋肉,【原神】#19 用意はとっくに出来てるぜ。【ぶいすぽっ!/ 藍沢エマ】,藍沢エマ / Aizawa Ema,https://www.youtube.com/watch?v=8gvQxVJQO9c&t=7819s,2023-04-03T22:24:13Z
3284464,7834,いい筋肉だ,【原神】#19 用意はとっくに出来てるぜ。【ぶいすぽっ!/ 藍沢エマ】,藍沢エマ / Aizawa Ema,https://www.youtube.com/watch?v=8gvQxVJQO9c&t=7834s,2023-04-03T22:24:13Z
3284471,7838,こんな筋肉ほしい,【原神】#19 用意はとっくに出来てるぜ。【ぶいすぽっ!/ 藍沢エマ】,藍沢エマ / Aizawa Ema,https://www.youtube.com/watch?v=8gvQxVJQO9c&t=7838s,2023-04-03T22:24:13Z
3290389,16421,やはり筋肉,【原神】#19 用意はとっくに出来てるぜ。【ぶいすぽっ!/ 藍沢エマ】,藍沢エマ / Aizawa Ema,https://www.youtube.com/watch?v=8gvQxVJQO9c&t=16421s,2023-04-03T22:24:13Z
3294984,24756,筋肉痛が治った,【原神】#19 用意はとっくに出来てるぜ。【ぶいすぽっ!/ 藍沢エマ】,藍沢エマ / Aizawa Ema,https://www.youtube.com/watch?v=8gvQxVJQO9c&t=24756s,2023-04-03T22:24:13Z
3304154,4907,アルハイゼンの筋肉は全てを解決する,【原神】#20 へぇ、お前、やるなぁ【ぶいすぽっ!/ 藍沢エマ】,藍沢エマ / Aizawa Ema,https://www.youtube.com/watch?v=s34vti9wuug&t=4907s,2023-04-17T21:27:09Z
3316656,2168,筋肉！,【原神】#21 面白いものを探しに行こう【ぶいすぽっ!/ 藍沢エマ】,藍沢エマ / Aizawa Ema,https://www.youtube.com/watch?v=LUGRA8bxnTo&t=2168s,2023-04-22T22:51:18Z
3316700,2187,この筋肉で学者です,【原神】#21 面白いものを探しに行こう【ぶいすぽっ!/ 藍沢エマ】,藍沢エマ / Aizawa Ema,https://www.youtube.com/watch?v=LUGRA8bxnTo&t=2187s,2023-04-22T22:51:18Z
3316982,2538,筋肉やべぇ,【原神】#21 面白いものを探しに行こう【ぶいすぽっ!/ 藍沢エマ】,藍沢エマ / Aizawa Ema,https://www.youtube.com/watch?v=LUGRA8bxnTo&t=2538s,2023-04-22T22:51:18Z
3316994,2542,背中の筋肉もえぐい,【原神】#21 面白いものを探しに行こう【ぶいすぽっ!/ 藍沢エマ】,藍沢エマ / Aizawa Ema,https://www.youtube.com/watch?v=LUGRA8bxnTo&t=2542s,2023-04-22T22:51:18Z
3316998,2544,筋肉ゴリラ,【原神】#21 面白いものを探しに行こう【ぶいすぽっ!/ 藍沢エマ】,藍沢エマ / Aizawa Ema,https://www.youtube.com/watch?v=LUGRA8bxnTo&t=2544s,2023-04-22T22:51:18Z
3317010,2557,こいつゴリラ筋肉,【原神】#21 面白いものを探しに行こう【ぶいすぽっ!/ 藍沢エマ】,藍沢エマ / Aizawa Ema,https://www.youtube.com/watch?v=LUGRA8bxnTo&t=2557s,2023-04-22T22:51:18Z
3318110,4869,筋肉優男,【原神】#21 面白いものを探しに行こう【ぶいすぽっ!/ 藍沢エマ】,藍沢エマ / Aizawa Ema,https://www.youtube.com/watch?v=LUGRA8bxnTo&t=4869s,2023-04-22T22:51:18Z
3323338,12374,筋肉の記憶?,【原神】#21 面白いものを探しに行こう【ぶいすぽっ!/ 藍沢エマ】,藍沢エマ / Aizawa Ema,https://www.youtube.com/watch?v=LUGRA8bxnTo&t=12374s,2023-04-22T22:51:18Z
3325031,17254,筋肉質…？,【原神】#21 面白いものを探しに行こう【ぶいすぽっ!/ 藍沢エマ】,藍沢エマ / Aizawa Ema,https://www.youtube.com/watch?v=LUGRA8bxnTo&t=17254s,2023-04-22T22:51:18Z
3325041,17262,筋肉質とは,【原神】#21 面白いものを探しに行こう【ぶいすぽっ!/ 藍沢エマ】,藍沢エマ / Aizawa Ema,https://www.youtube.com/watch?v=LUGRA8bxnTo&t=17262s,2023-04-22T22:51:18Z
3325086,17293,背が高くて筋肉質のナヒーダ・・・？,【原神】#21 面白いものを探しに行こう【ぶいすぽっ!/ 藍沢エマ】,藍沢エマ / Aizawa Ema,https://www.youtube.com/watch?v=LUGRA8bxnTo&t=17293s,2023-04-22T22:51:18Z
3325102,17315,知能派筋肉,【原神】#21 面白いものを探しに行こう【ぶいすぽっ!/ 藍沢エマ】,藍沢エマ / Aizawa Ema,https://www.youtube.com/watch?v=LUGRA8bxnTo&t=17315s,2023-04-22T22:51:18Z
3325104,17318,筋肉神は草,【原神】#21 面白いものを探しに行こう【ぶいすぽっ!/ 藍沢エマ】,藍沢エマ / Aizawa Ema,https://www.youtube.com/watch?v=LUGRA8bxnTo&t=17318s,2023-04-22T22:51:18Z
3334906,6913,良い筋肉！,【原神】#22 カビが生えちまうぞ。【ぶいすぽっ!/ 藍沢エマ】,藍沢エマ / Aizawa Ema,https://www.youtube.com/watch?v=qSiGXmjJgWc&t=6913s,2023-05-09T19:52:40Z
3335777,7758,まあ2人とも筋肉が大変なのでね…,【原神】#22 カビが生えちまうぞ。【ぶいすぽっ!/ 藍沢エマ】,藍沢エマ / Aizawa Ema,https://www.youtube.com/watch?v=qSiGXmjJgWc&t=7758s,2023-05-09T19:52:40Z
3341138,3608,肩の筋肉たまらんハイゼン,【原神】#23 ははっ、実に愉快だ。【ぶいすぽっ!/ 藍沢エマ】,藍沢エマ / Aizawa Ema,https://www.youtube.com/watch?v=XCh1Kwx7q_0&t=3608s,2023-05-10T23:08:48Z
3341243,3710,顔がいいだけの筋肉モブが！！！,【原神】#23 ははっ、実に愉快だ。【ぶいすぽっ!/ 藍沢エマ】,藍沢エマ / Aizawa Ema,https://www.youtube.com/watch?v=XCh1Kwx7q_0&t=3710s,2023-05-10T23:08:48Z
3341245,3710,筋肉野郎！,【原神】#23 ははっ、実に愉快だ。【ぶいすぽっ!/ 藍沢エマ】,藍沢エマ / Aizawa Ema,https://www.youtube.com/watch?v=XCh1Kwx7q_0&t=3710s,2023-05-10T23:08:48Z
3341263,3725,筋肉やな,【原神】#23 ははっ、実に愉快だ。【ぶいすぽっ!/ 藍沢エマ】,藍沢エマ / Aizawa Ema,https://www.youtube.com/watch?v=XCh1Kwx7q_0&t=3725s,2023-05-10T23:08:48Z
3341266,3727,筋肉に力入れて維持してる,【原神】#23 ははっ、実に愉快だ。【ぶいすぽっ!/ 藍沢エマ】,藍沢エマ / Aizawa Ema,https://www.youtube.com/watch?v=XCh1Kwx7q_0&t=3727s,2023-05-10T23:08:48Z
3341407,4039,知恵と筋肉の両立,【原神】#23 ははっ、実に愉快だ。【ぶいすぽっ!/ 藍沢エマ】,藍沢エマ / Aizawa Ema,https://www.youtube.com/watch?v=XCh1Kwx7q_0&t=4039s,2023-05-10T23:08:48Z
3341417,4069,この筋肉、賢いな！？,【原神】#23 ははっ、実に愉快だ。【ぶいすぽっ!/ 藍沢エマ】,藍沢エマ / Aizawa Ema,https://www.youtube.com/watch?v=XCh1Kwx7q_0&t=4069s,2023-05-10T23:08:48Z
3341752,4997,筋肉系,【原神】#23 ははっ、実に愉快だ。【ぶいすぽっ!/ 藍沢エマ】,藍沢エマ / Aizawa Ema,https://www.youtube.com/watch?v=XCh1Kwx7q_0&t=4997s,2023-05-10T23:08:48Z
3343553,8187,好きじゃないとあの筋肉にはならんｗ,【原神】#23 ははっ、実に愉快だ。【ぶいすぽっ!/ 藍沢エマ】,藍沢エマ / Aizawa Ema,https://www.youtube.com/watch?v=XCh1Kwx7q_0&t=8187s,2023-05-10T23:08:48Z
3347948,13264,書記官の持つ筋肉じゃない,【原神】#23 ははっ、実に愉快だ。【ぶいすぽっ!/ 藍沢エマ】,藍沢エマ / Aizawa Ema,https://www.youtube.com/watch?v=XCh1Kwx7q_0&t=13264s,2023-05-10T23:08:48Z
3347959,13269,筋肉すごいですけどねえ,【原神】#23 ははっ、実に愉快だ。【ぶいすぽっ!/ 藍沢エマ】,藍沢エマ / Aizawa Ema,https://www.youtube.com/watch?v=XCh1Kwx7q_0&t=13269s,2023-05-10T23:08:48Z
3348579,14730,スーパー知能派筋肉アルハイゼン,【原神】#23 ははっ、実に愉快だ。【ぶいすぽっ!/ 藍沢エマ】,藍沢エマ / Aizawa Ema,https://www.youtube.com/watch?v=XCh1Kwx7q_0&t=14730s,2023-05-10T23:08:48Z
3349214,15706,酒漬け筋肉女子,【原神】#23 ははっ、実に愉快だ。【ぶいすぽっ!/ 藍沢エマ】,藍沢エマ / Aizawa Ema,https://www.youtube.com/watch?v=XCh1Kwx7q_0&t=15706s,2023-05-10T23:08:48Z
3353529,21333,アルハイゼンの筋肉を使う時が来たか,【原神】#23 ははっ、実に愉快だ。【ぶいすぽっ!/ 藍沢エマ】,藍沢エマ / Aizawa Ema,https://www.youtube.com/watch?v=XCh1Kwx7q_0&t=21333s,2023-05-10T23:08:48Z
3354073,21640,筋肉もあるしな,【原神】#23 ははっ、実に愉快だ。【ぶいすぽっ!/ 藍沢エマ】,藍沢エマ / Aizawa Ema,https://www.youtube.com/watch?v=XCh1Kwx7q_0&t=21640s,2023-05-10T23:08:48Z
3355160,22971,そのための筋肉,【原神】#23 ははっ、実に愉快だ。【ぶいすぽっ!/ 藍沢エマ】,藍沢エマ / Aizawa Ema,https://www.youtube.com/watch?v=XCh1Kwx7q_0&t=22971s,2023-05-10T23:08:48Z
3355242,23138,アルハイゼン筋肉の神でいいよ,【原神】#23 ははっ、実に愉快だ。【ぶいすぽっ!/ 藍沢エマ】,藍沢エマ / Aizawa Ema,https://www.youtube.com/watch?v=XCh1Kwx7q_0&t=23138s,2023-05-10T23:08:48Z
3355267,23150,筋肉でできてるぞ,【原神】#23 ははっ、実に愉快だ。【ぶいすぽっ!/ 藍沢エマ】,藍沢エマ / Aizawa Ema,https://www.youtube.com/watch?v=XCh1Kwx7q_0&t=23150s,2023-05-10T23:08:48Z
3355283,23171,筋肉モリモリで脳も3つの化け物,【原神】#23 ははっ、実に愉快だ。【ぶいすぽっ!/ 藍沢エマ】,藍沢エマ / Aizawa Ema,https://www.youtube.com/watch?v=XCh1Kwx7q_0&t=23171s,2023-05-10T23:08:48Z
3355295,23198,脳が筋肉だから全身脳なんやろなぁ,【原神】#23 ははっ、実に愉快だ。【ぶいすぽっ!/ 藍沢エマ】,藍沢エマ / Aizawa Ema,https://www.youtube.com/watch?v=XCh1Kwx7q_0&t=23198s,2023-05-10T23:08:48Z
3355301,23206,脳みそでできた筋肉＝脳筋,【原神】#23 ははっ、実に愉快だ。【ぶいすぽっ!/ 藍沢エマ】,藍沢エマ / Aizawa Ema,https://www.youtube.com/watch?v=XCh1Kwx7q_0&t=23206s,2023-05-10T23:08:48Z
3366083,676,筋肉すっご,【原神】#24 本気出さないといけないようだな【ぶいすぽっ!/ 藍沢エマ】,藍沢エマ / Aizawa Ema,https://www.youtube.com/watch?v=Y3Uj9M4alzs&t=676s,2023-05-12T11:06:29Z
3367686,6955,明日筋肉痛やで,【原神】#24 本気出さないといけないようだな【ぶいすぽっ!/ 藍沢エマ】,藍沢エマ / Aizawa Ema,https://www.youtube.com/watch?v=Y3Uj9M4alzs&t=6955s,2023-05-12T11:06:29Z
3379706,3270,筋肉もいいぞ,【原神】#25 お楽しみは...これから...【ぶいすぽっ!/ 藍沢エマ】,藍沢エマ / Aizawa Ema,https://www.youtube.com/watch?v=yReZ9rAyQl0&t=3270s,2023-05-13T18:01:31Z
3380177,4324,書記官とは思えない筋肉,【原神】#25 お楽しみは...これから...【ぶいすぽっ!/ 藍沢エマ】,藍沢エマ / Aizawa Ema,https://www.youtube.com/watch?v=yReZ9rAyQl0&t=4324s,2023-05-13T18:01:31Z
3380371,4689,筋肉は裏切らない,【原神】#25 お楽しみは...これから...【ぶいすぽっ!/ 藍沢エマ】,藍沢エマ / Aizawa Ema,https://www.youtube.com/watch?v=yReZ9rAyQl0&t=4689s,2023-05-13T18:01:31Z
3380380,4697,筋肉も飾りじゃない,【原神】#25 お楽しみは...これから...【ぶいすぽっ!/ 藍沢エマ】,藍沢エマ / Aizawa Ema,https://www.youtube.com/watch?v=yReZ9rAyQl0&t=4697s,2023-05-13T18:01:31Z
3388124,11676,アルハイゼン筋肉すご,【原神】#25 お楽しみは...これから...【ぶいすぽっ!/ 藍沢エマ】,藍沢エマ / Aizawa Ema,https://www.youtube.com/watch?v=yReZ9rAyQl0&t=11676s,2023-05-13T18:01:31Z
3389068,12003,筋肉にw,【原神】#25 お楽しみは...これから...【ぶいすぽっ!/ 藍沢エマ】,藍沢エマ / Aizawa Ema,https://www.youtube.com/watch?v=yReZ9rAyQl0&t=12003s,2023-05-13T18:01:31Z
3389081,12014,アルハイゼン筋肉に包まれてて草,【原神】#25 お楽しみは...これから...【ぶいすぽっ!/ 藍沢エマ】,藍沢エマ / Aizawa Ema,https://www.youtube.com/watch?v=yReZ9rAyQl0&t=12014s,2023-05-13T18:01:31Z
3396539,7170,アル配膳くらい筋肉つけてくれ,【原神】#26 面倒なヤツだ・・・【ぶいすぽっ!/ 藍沢エマ】,藍沢エマ / Aizawa Ema,https://www.youtube.com/watch?v=8xkj-8E0jTw&t=7170s,2023-05-14T21:00:39Z
3408145,6658,しっかり筋肉あります,【原神】#27 この雨なら、氷の力ももっと強くなるはずだ。面白い。【ぶいすぽっ!/ 藍沢エマ】,藍沢エマ / Aizawa Ema,https://www.youtube.com/watch?v=WhafFq4O54Y&t=6658s,2023-05-29T18:22:02Z
3423138,2696,これが書記の筋肉ですか？,【原神】#番外-11 ガイアさん配布に大盗賊ガイアさんにガイアさんとラブラブ♡デート...こんなに幸せなことがあってもいいのでしょうか...?【ぶいすぽっ!/ 藍沢エマ】,藍沢エマ / Aizawa Ema,https://www.youtube.com/watch?v=iKYmF7pnvxA&t=2696s,2023-06-24T17:37:44Z
3451541,3062,僕の筋肉が喜びます,【原神】#番外-8 おはようテイワット【ぶいすぽっ!/ 藍沢エマ】,藍沢エマ / Aizawa Ema,https://www.youtube.com/watch?v=TesQkfUux_o&t=3062s,2023-05-28T12:20:31Z
3451680,3414,筋肉に名前が…？,【原神】#番外-8 おはようテイワット【ぶいすぽっ!/ 藍沢エマ】,藍沢エマ / Aizawa Ema,https://www.youtube.com/watch?v=TesQkfUux_o&t=3414s,2023-05-28T12:20:31Z
3451703,3429,他の筋肉の名前気になるなw,【原神】#番外-8 おはようテイワット【ぶいすぽっ!/ 藍沢エマ】,藍沢エマ / Aizawa Ema,https://www.youtube.com/watch?v=TesQkfUux_o&t=3429s,2023-05-28T12:20:31Z
3451706,3429,筋肉に名前つけてるタイプかwww,【原神】#番外-8 おはようテイワット【ぶいすぽっ!/ 藍沢エマ】,藍沢エマ / Aizawa Ema,https://www.youtube.com/watch?v=TesQkfUux_o&t=3429s,2023-05-28T12:20:31Z
3451722,3443,各筋肉につけてるのかな？ｗ,【原神】#番外-8 おはようテイワット【ぶいすぽっ!/ 藍沢エマ】,藍沢エマ / Aizawa Ema,https://www.youtube.com/watch?v=TesQkfUux_o&t=3443s,2023-05-28T12:20:31Z
3451725,3447,筋肉は愛でるものだからな,【原神】#番外-8 おはようテイワット【ぶいすぽっ!/ 藍沢エマ】,藍沢エマ / Aizawa Ema,https://www.youtube.com/watch?v=TesQkfUux_o&t=3447s,2023-05-28T12:20:31Z
3451732,3471,筋肉だけで大世帯じゃん,【原神】#番外-8 おはようテイワット【ぶいすぽっ!/ 藍沢エマ】,藍沢エマ / Aizawa Ema,https://www.youtube.com/watch?v=TesQkfUux_o&t=3471s,2023-05-28T12:20:31Z
3451782,3574,筋肉になったエマたそ,【原神】#番外-8 おはようテイワット【ぶいすぽっ!/ 藍沢エマ】,藍沢エマ / Aizawa Ema,https://www.youtube.com/watch?v=TesQkfUux_o&t=3574s,2023-05-28T12:20:31Z
3451783,3574,清楚なんで筋肉になるのはちょっと,【原神】#番外-8 おはようテイワット【ぶいすぽっ!/ 藍沢エマ】,藍沢エマ / Aizawa Ema,https://www.youtube.com/watch?v=TesQkfUux_o&t=3574s,2023-05-28T12:20:31Z
3452066,4057,筋肉書記官かっけえす,【原神】#番外-8 おはようテイワット【ぶいすぽっ!/ 藍沢エマ】,藍沢エマ / Aizawa Ema,https://www.youtube.com/watch?v=TesQkfUux_o&t=4057s,2023-05-28T12:20:31Z
3452289,4431,こんだけ難しい言葉使っといてやってること筋肉なんだよなぁ…,【原神】#番外-8 おはようテイワット【ぶいすぽっ!/ 藍沢エマ】,藍沢エマ / Aizawa Ema,https://www.youtube.com/watch?v=TesQkfUux_o&t=4431s,2023-05-28T12:20:31Z
3452367,4534,筋肉がすごいんだ,【原神】#番外-8 おはようテイワット【ぶいすぽっ!/ 藍沢エマ】,藍沢エマ / Aizawa Ema,https://www.youtube.com/watch?v=TesQkfUux_o&t=4534s,2023-05-28T12:20:31Z
3452376,4551,上半身の筋肉どうなっとる,【原神】#番外-8 おはようテイワット【ぶいすぽっ!/ 藍沢エマ】,藍沢エマ / Aizawa Ema,https://www.youtube.com/watch?v=TesQkfUux_o&t=4551s,2023-05-28T12:20:31Z
3452384,4554,服から見える筋肉,【原神】#番外-8 おはようテイワット【ぶいすぽっ!/ 藍沢エマ】,藍沢エマ / Aizawa Ema,https://www.youtube.com/watch?v=TesQkfUux_o&t=4554s,2023-05-28T12:20:31Z
3452389,4561,筋肉が見えるタイプの服,【原神】#番外-8 おはようテイワット【ぶいすぽっ!/ 藍沢エマ】,藍沢エマ / Aizawa Ema,https://www.youtube.com/watch?v=TesQkfUux_o&t=4561s,2023-05-28T12:20:31Z
3452391,4561,筋肉すごすぎる,【原神】#番外-8 おはようテイワット【ぶいすぽっ!/ 藍沢エマ】,藍沢エマ / Aizawa Ema,https://www.youtube.com/watch?v=TesQkfUux_o&t=4561s,2023-05-28T12:20:31Z
3452416,4587,服から見える筋肉が実質露出,【原神】#番外-8 おはようテイワット【ぶいすぽっ!/ 藍沢エマ】,藍沢エマ / Aizawa Ema,https://www.youtube.com/watch?v=TesQkfUux_o&t=4587s,2023-05-28T12:20:31Z
3455520,3645,貴重な筋肉がぁぁぁ,【原神】#番外-9 ねすぎたまる【ぶいすぽっ!/ 藍沢エマ】,藍沢エマ / Aizawa Ema,https://www.youtube.com/watch?v=sz9meKGrLTs&t=3645s,2023-06-02T09:53:52Z
3455661,3939,筋肉さん起こしてもろて,【原神】#番外-9 ねすぎたまる【ぶいすぽっ!/ 藍沢エマ】,藍沢エマ / Aizawa Ema,https://www.youtube.com/watch?v=sz9meKGrLTs&t=3939s,2023-06-02T09:53:52Z
3459178,433,アルハイゼンの筋肉くらい重い,【原神】おねがいアルハイゼン。【ぶいすぽっ!/ 藍沢エマ】,藍沢エマ / Aizawa Ema,https://www.youtube.com/watch?v=a2d4z0DxsG8&t=433s,2023-06-18T16:18:59Z
3460178,1164,これが筋肉に変わるのか,【原神】おねがいアルハイゼン。【ぶいすぽっ!/ 藍沢エマ】,藍沢エマ / Aizawa Ema,https://www.youtube.com/watch?v=a2d4z0DxsG8&t=1164s,2023-06-18T16:18:59Z
3460901,1510,あと5筋肉,【原神】おねがいアルハイゼン。【ぶいすぽっ!/ 藍沢エマ】,藍沢エマ / Aizawa Ema,https://www.youtube.com/watch?v=a2d4z0DxsG8&t=1510s,2023-06-18T16:18:59Z
3464919,2529,これで筋肉ハイゼンの出来上がりかぁ,【原神】おねがいアルハイゼン。【ぶいすぽっ!/ 藍沢エマ】,藍沢エマ / Aizawa Ema,https://www.youtube.com/watch?v=a2d4z0DxsG8&t=2529s,2023-06-18T16:18:59Z
3464985,2547,筋肉が光ってる,【原神】おねがいアルハイゼン。【ぶいすぽっ!/ 藍沢エマ】,藍沢エマ / Aizawa Ema,https://www.youtube.com/watch?v=a2d4z0DxsG8&t=2547s,2023-06-18T16:18:59Z
3465178,2677,筋肉凸,【原神】おねがいアルハイゼン。【ぶいすぽっ!/ 藍沢エマ】,藍沢エマ / Aizawa Ema,https://www.youtube.com/watch?v=a2d4z0DxsG8&t=2677s,2023-06-18T16:18:59Z
3465345,2788,筋肉は光りませんか？,【原神】おねがいアルハイゼン。【ぶいすぽっ!/ 藍沢エマ】,藍沢エマ / Aizawa Ema,https://www.youtube.com/watch?v=a2d4z0DxsG8&t=2788s,2023-06-18T16:18:59Z
3465415,2823,教令院を筋肉でぶっ潰す男,【原神】おねがいアルハイゼン。【ぶいすぽっ!/ 藍沢エマ】,藍沢エマ / Aizawa Ema,https://www.youtube.com/watch?v=a2d4z0DxsG8&t=2823s,2023-06-18T16:18:59Z
3468259,4070,これからは筋肉で破壊しよう,【原神】おねがいアルハイゼン。【ぶいすぽっ!/ 藍沢エマ】,藍沢エマ / Aizawa Ema,https://www.youtube.com/watch?v=a2d4z0DxsG8&t=4070s,2023-06-18T16:18:59Z
3473376,564,エマちゃん開脚して足筋肉痛なった？,【雑談】3Dみてくれてありがとうございました🌸【ぶいすぽっ!/ 藍沢エマ】,藍沢エマ / Aizawa Ema,https://www.youtube.com/watch?v=fSGO6ZznUB8&t=564s,2023-05-24T16:45:15Z
3473805,833,筋肉痛なった？,【雑談】3Dみてくれてありがとうございました🌸【ぶいすぽっ!/ 藍沢エマ】,藍沢エマ / Aizawa Ema,https://www.youtube.com/watch?v=fSGO6ZznUB8&t=833s,2023-05-24T16:45:15Z
3473811,839,日頃使わない筋肉だからね,【雑談】3Dみてくれてありがとうございました🌸【ぶいすぽっ!/ 藍沢エマ】,藍沢エマ / Aizawa Ema,https://www.youtube.com/watch?v=fSGO6ZznUB8&t=839s,2023-05-24T16:45:15Z
3474446,1262,体動かして筋肉痛になった？,【雑談】3Dみてくれてありがとうございました🌸【ぶいすぽっ!/ 藍沢エマ】,藍沢エマ / Aizawa Ema,https://www.youtube.com/watch?v=fSGO6ZznUB8&t=1262s,2023-05-24T16:45:15Z
3474466,1283,筋肉痛なっのかw,【雑談】3Dみてくれてありがとうございました🌸【ぶいすぽっ!/ 藍沢エマ】,藍沢エマ / Aizawa Ema,https://www.youtube.com/watch?v=fSGO6ZznUB8&t=1283s,2023-05-24T16:45:15Z
3474471,1285,筋肉痛ｗ,【雑談】3Dみてくれてありがとうございました🌸【ぶいすぽっ!/ 藍沢エマ】,藍沢エマ / Aizawa Ema,https://www.youtube.com/watch?v=fSGO6ZznUB8&t=1285s,2023-05-24T16:45:15Z
3474501,1297,筋肉痛なう(2023/05/24 23:21:42)w,【雑談】3Dみてくれてありがとうございました🌸【ぶいすぽっ!/ 藍沢エマ】,藍沢エマ / Aizawa Ema,https://www.youtube.com/watch?v=fSGO6ZznUB8&t=1297s,2023-05-24T16:45:15Z
3474512,1305,筋肉痛になったんですねw,【雑談】3Dみてくれてありがとうございました🌸【ぶいすぽっ!/ 藍沢エマ】,藍沢エマ / Aizawa Ema,https://www.youtube.com/watch?v=fSGO6ZznUB8&t=1305s,2023-05-24T16:45:15Z
3476171,2524,筋肉痛とか平気だった？,【雑談】3Dみてくれてありがとうございました🌸【ぶいすぽっ!/ 藍沢エマ】,藍沢エマ / Aizawa Ema,https://www.youtube.com/watch?v=fSGO6ZznUB8&t=2524s,2023-05-24T16:45:15Z
3478600,4377,血管とか筋肉に水が溜まっちゃうのよ,【雑談】3Dみてくれてありがとうございました🌸【ぶいすぽっ!/ 藍沢エマ】,藍沢エマ / Aizawa Ema,https://www.youtube.com/watch?v=fSGO6ZznUB8&t=4377s,2023-05-24T16:45:15Z
3478635,4407,筋肉水吸うんか,【雑談】3Dみてくれてありがとうございました🌸【ぶいすぽっ!/ 藍沢エマ】,藍沢エマ / Aizawa Ema,https://www.youtube.com/watch?v=fSGO6ZznUB8&t=4407s,2023-05-24T16:45:15Z
3478638,4411,皮膚と筋肉の間に水が貯まると浮腫む,【雑談】3Dみてくれてありがとうございました🌸【ぶいすぽっ!/ 藍沢エマ】,藍沢エマ / Aizawa Ema,https://www.youtube.com/watch?v=fSGO6ZznUB8&t=4411s,2023-05-24T16:45:15Z
3484018,1588,筋肉注射はちょい嫌,【雑談】いつも起きたら鼻づまり;【ぶいすぽっ!/ 藍沢エマ】,藍沢エマ / Aizawa Ema,https://www.youtube.com/watch?v=j9f2bqHp7CQ&t=1588s,2023-04-23T11:27:54Z
3503402,5736,筋肉ヤーッ！！！,【雑談】まろ見ながらゆっくりしようかなって思います。今お腹が痛いです。【ぶいすぽっ!/ 藍沢エマ】,藍沢エマ / Aizawa Ema,https://www.youtube.com/watch?v=Gj1UTH76V1g&t=5736s,2023-06-27T17:06:03Z
3503426,5766,やはり筋肉…！,【雑談】まろ見ながらゆっくりしようかなって思います。今お腹が痛いです。【ぶいすぽっ!/ 藍沢エマ】,藍沢エマ / Aizawa Ema,https://www.youtube.com/watch?v=Gj1UTH76V1g&t=5766s,2023-06-27T17:06:03Z
3503586,5924,筋肉を作るタンパク質じゃないのか,【雑談】まろ見ながらゆっくりしようかなって思います。今お腹が痛いです。【ぶいすぽっ!/ 藍沢エマ】,藍沢エマ / Aizawa Ema,https://www.youtube.com/watch?v=Gj1UTH76V1g&t=5924s,2023-06-27T17:06:03Z
3513837,2146,かおの筋肉痛くなるやつ,おかえりいって~~!,藍沢エマ / Aizawa Ema,https://www.youtube.com/watch?v=H9yk65dhNB8&t=2146s,2023-05-09T15:19:31Z
3521032,1239,筋肉が解決する,VALORANT Masters Tokyo 2023-Upper Bracket Round2 ぶいすぽグループウォッチパーティ 【ぶいすぽっ!/紫宮るな】,紫宮るな /shinomiya runa,https://www.youtube.com/watch?v=j97J5t3QV8E&t=1239s,2023-06-19T07:24:45Z
3522804,3736,筋肉すぎないか,VALORANT Masters Tokyo 2023-Upper Bracket Round2 ぶいすぽグループウォッチパーティ 【ぶいすぽっ!/紫宮るな】,紫宮るな /shinomiya runa,https://www.youtube.com/watch?v=j97J5t3QV8E&t=3736s,2023-06-19T07:24:45Z
3535453,4160,筋肉見せつけていこう,【#YYYWIN】ぶいすぽっ!VALORANT紅白戦 Presented by GALLERIA 紫宮るな視点,紫宮るな /shinomiya runa,https://www.youtube.com/watch?v=V4WXiDhg3DA&t=4160s,2023-05-14T09:11:35Z
3535792,4424,すでに筋肉押しｗ,【#YYYWIN】ぶいすぽっ!VALORANT紅白戦 Presented by GALLERIA 紫宮るな視点,紫宮るな /shinomiya runa,https://www.youtube.com/watch?v=V4WXiDhg3DA&t=4424s,2023-05-14T09:11:35Z
3539487,7147,5デュエで筋肉攻めや！w,【#YYYWIN】ぶいすぽっ!VALORANT紅白戦 Presented by GALLERIA 紫宮るな視点,紫宮るな /shinomiya runa,https://www.youtube.com/watch?v=V4WXiDhg3DA&t=7147s,2023-05-14T09:11:35Z
3547055,400,明日筋肉痛ですw,【#紫宮るな3D】紫宮は存在します!【ぶいすぽっ!/紫宮るな】,紫宮るな /shinomiya runa,https://www.youtube.com/watch?v=B3WOJ7A6Gfk&t=400s,2023-05-22T11:29:32Z
3547086,405,筋肉痛確定,【#紫宮るな3D】紫宮は存在します!【ぶいすぽっ!/紫宮るな】,紫宮るな /shinomiya runa,https://www.youtube.com/watch?v=B3WOJ7A6Gfk&t=405s,2023-05-22T11:29:32Z
3547095,406,明日は筋肉痛かｗ,【#紫宮るな3D】紫宮は存在します!【ぶいすぽっ!/紫宮るな】,紫宮るな /shinomiya runa,https://www.youtube.com/watch?v=B3WOJ7A6Gfk&t=406s,2023-05-22T11:29:32Z
3547170,415,これ明日は全身筋肉痛かｗ,【#紫宮るな3D】紫宮は存在します!【ぶいすぽっ!/紫宮るな】,紫宮るな /shinomiya runa,https://www.youtube.com/watch?v=B3WOJ7A6Gfk&t=415s,2023-05-22T11:29:32Z
3548605,613,筋肉痛なりそう,【#紫宮るな3D】紫宮は存在します!【ぶいすぽっ!/紫宮るな】,紫宮るな /shinomiya runa,https://www.youtube.com/watch?v=B3WOJ7A6Gfk&t=613s,2023-05-22T11:29:32Z
3548653,620,ラジオ体操したら筋肉断裂しそう,【#紫宮るな3D】紫宮は存在します!【ぶいすぽっ!/紫宮るな】,紫宮るな /shinomiya runa,https://www.youtube.com/watch?v=B3WOJ7A6Gfk&t=620s,2023-05-22T11:29:32Z
3548981,659,もう筋肉痛になってそう,【#紫宮るな3D】紫宮は存在します!【ぶいすぽっ!/紫宮るな】,紫宮るな /shinomiya runa,https://www.youtube.com/watch?v=B3WOJ7A6Gfk&t=659s,2023-05-22T11:29:32Z
3549061,671,たまには筋肉伸ばさないとな,【#紫宮るな3D】紫宮は存在します!【ぶいすぽっ!/紫宮るな】,紫宮るな /shinomiya runa,https://www.youtube.com/watch?v=B3WOJ7A6Gfk&t=671s,2023-05-22T11:29:32Z
3551609,1017,筋肉ルーレットか,【#紫宮るな3D】紫宮は存在します!【ぶいすぽっ!/紫宮るな】,紫宮るな /shinomiya runa,https://www.youtube.com/watch?v=B3WOJ7A6Gfk&t=1017s,2023-05-22T11:29:32Z
3551743,1032,明日筋肉痛コース,【#紫宮るな3D】紫宮は存在します!【ぶいすぽっ!/紫宮るな】,紫宮るな /shinomiya runa,https://www.youtube.com/watch?v=B3WOJ7A6Gfk&t=1032s,2023-05-22T11:29:32Z
3551759,1034,明日筋肉痛になるぞw,【#紫宮るな3D】紫宮は存在します!【ぶいすぽっ!/紫宮るな】,紫宮るな /shinomiya runa,https://www.youtube.com/watch?v=B3WOJ7A6Gfk&t=1034s,2023-05-22T11:29:32Z
3552023,1070,明日は筋肉痛確定やねw,【#紫宮るな3D】紫宮は存在します!【ぶいすぽっ!/紫宮るな】,紫宮るな /shinomiya runa,https://www.youtube.com/watch?v=B3WOJ7A6Gfk&t=1070s,2023-05-22T11:29:32Z
3552050,1073,筋肉痛確定ってコト？ｗ,【#紫宮るな3D】紫宮は存在します!【ぶいすぽっ!/紫宮るな】,紫宮るな /shinomiya runa,https://www.youtube.com/watch?v=B3WOJ7A6Gfk&t=1073s,2023-05-22T11:29:32Z
3552257,1100,筋肉痛確定かな,【#紫宮るな3D】紫宮は存在します!【ぶいすぽっ!/紫宮るな】,紫宮るな /shinomiya runa,https://www.youtube.com/watch?v=B3WOJ7A6Gfk&t=1100s,2023-05-22T11:29:32Z
3553500,1266,明日筋肉痛,【#紫宮るな3D】紫宮は存在します!【ぶいすぽっ!/紫宮るな】,紫宮るな /shinomiya runa,https://www.youtube.com/watch?v=B3WOJ7A6Gfk&t=1266s,2023-05-22T11:29:32Z
3553541,1272,明日筋肉痛になっちゃう笑,【#紫宮るな3D】紫宮は存在します!【ぶいすぽっ!/紫宮るな】,紫宮るな /shinomiya runa,https://www.youtube.com/watch?v=B3WOJ7A6Gfk&t=1272s,2023-05-22T11:29:32Z
3553635,1285,筋肉痛になってそうw,【#紫宮るな3D】紫宮は存在します!【ぶいすぽっ!/紫宮るな】,紫宮るな /shinomiya runa,https://www.youtube.com/watch?v=B3WOJ7A6Gfk&t=1285s,2023-05-22T11:29:32Z
3553673,1290,明日筋肉痛や笑,【#紫宮るな3D】紫宮は存在します!【ぶいすぽっ!/紫宮るな】,紫宮るな /shinomiya runa,https://www.youtube.com/watch?v=B3WOJ7A6Gfk&t=1290s,2023-05-22T11:29:32Z
3553761,1299,明日筋肉痛確実です,【#紫宮るな3D】紫宮は存在します!【ぶいすぽっ!/紫宮るな】,紫宮るな /shinomiya runa,https://www.youtube.com/watch?v=B3WOJ7A6Gfk&t=1299s,2023-05-22T11:29:32Z
3554216,1364,明日は筋肉痛確定かww,【#紫宮るな3D】紫宮は存在します!【ぶいすぽっ!/紫宮るな】,紫宮るな /shinomiya runa,https://www.youtube.com/watch?v=B3WOJ7A6Gfk&t=1364s,2023-05-22T11:29:32Z
3554628,1415,こーれ明日筋肉痛です,【#紫宮るな3D】紫宮は存在します!【ぶいすぽっ!/紫宮るな】,紫宮るな /shinomiya runa,https://www.youtube.com/watch?v=B3WOJ7A6Gfk&t=1415s,2023-05-22T11:29:32Z
3554738,1430,これ筋肉痛確定です。,【#紫宮るな3D】紫宮は存在します!【ぶいすぽっ!/紫宮るな】,紫宮るな /shinomiya runa,https://www.youtube.com/watch?v=B3WOJ7A6Gfk&t=1430s,2023-05-22T11:29:32Z
3554834,1439,筋肉痛メータｗ,【#紫宮るな3D】紫宮は存在します!【ぶいすぽっ!/紫宮るな】,紫宮るな /shinomiya runa,https://www.youtube.com/watch?v=B3WOJ7A6Gfk&t=1439s,2023-05-22T11:29:32Z
3555058,1470,これまじ明日筋肉痛やなw,【#紫宮るな3D】紫宮は存在します!【ぶいすぽっ!/紫宮るな】,紫宮るな /shinomiya runa,https://www.youtube.com/watch?v=B3WOJ7A6Gfk&t=1470s,2023-05-22T11:29:32Z
3555075,1473,筋肉痛になるぞこれ,【#紫宮るな3D】紫宮は存在します!【ぶいすぽっ!/紫宮るな】,紫宮るな /shinomiya runa,https://www.youtube.com/watch?v=B3WOJ7A6Gfk&t=1473s,2023-05-22T11:29:32Z
3555142,1482,全身筋肉痛なりそうw,【#紫宮るな3D】紫宮は存在します!【ぶいすぽっ!/紫宮るな】,紫宮るな /shinomiya runa,https://www.youtube.com/watch?v=B3WOJ7A6Gfk&t=1482s,2023-05-22T11:29:32Z
3555205,1488,筋肉痛w,【#紫宮るな3D】紫宮は存在します!【ぶいすぽっ!/紫宮るな】,紫宮るな /shinomiya runa,https://www.youtube.com/watch?v=B3WOJ7A6Gfk&t=1488s,2023-05-22T11:29:32Z
3555210,1489,筋肉痛宮,【#紫宮るな3D】紫宮は存在します!【ぶいすぽっ!/紫宮るな】,紫宮るな /shinomiya runa,https://www.youtube.com/watch?v=B3WOJ7A6Gfk&t=1489s,2023-05-22T11:29:32Z
3555589,1532,実は筋肉ある宮,【#紫宮るな3D】紫宮は存在します!【ぶいすぽっ!/紫宮るな】,紫宮るな /shinomiya runa,https://www.youtube.com/watch?v=B3WOJ7A6Gfk&t=1532s,2023-05-22T11:29:32Z
3555635,1536,筋肉痛になるw,【#紫宮るな3D】紫宮は存在します!【ぶいすぽっ!/紫宮るな】,紫宮るな /shinomiya runa,https://www.youtube.com/watch?v=B3WOJ7A6Gfk&t=1536s,2023-05-22T11:29:32Z
3555643,1537,筋肉痛くるねー,【#紫宮るな3D】紫宮は存在します!【ぶいすぽっ!/紫宮るな】,紫宮るな /shinomiya runa,https://www.youtube.com/watch?v=B3WOJ7A6Gfk&t=1537s,2023-05-22T11:29:32Z
3555951,1579,筋肉痛大丈夫かｗ,【#紫宮るな3D】紫宮は存在します!【ぶいすぽっ!/紫宮るな】,紫宮るな /shinomiya runa,https://www.youtube.com/watch?v=B3WOJ7A6Gfk&t=1579s,2023-05-22T11:29:32Z
3556311,1617,一週間くらい筋肉痛になっちゃうｗ,【#紫宮るな3D】紫宮は存在します!【ぶいすぽっ!/紫宮るな】,紫宮るな /shinomiya runa,https://www.youtube.com/watch?v=B3WOJ7A6Gfk&t=1617s,2023-05-22T11:29:32Z
3556415,1629,明日は筋肉痛だね笑,【#紫宮るな3D】紫宮は存在します!【ぶいすぽっ!/紫宮るな】,紫宮るな /shinomiya runa,https://www.youtube.com/watch?v=B3WOJ7A6Gfk&t=1629s,2023-05-22T11:29:32Z
3567098,2697,筋肉,【APEX】SKHR【ぶいすぽっ!/紫宮るな】,紫宮るな /shinomiya runa,https://www.youtube.com/watch?v=MRyvHaqCyWw&t=2697s,2023-04-03T19:21:49Z
3574912,10280,筋肉ポーズでもっこりなるところ？,【APEX】あばばば~ w/秋雪こはく、ハセシン【ぶいすぽっ!/紫宮るな】,紫宮るな /shinomiya runa,https://www.youtube.com/watch?v=e07KL_PiAfY&t=10280s,2023-06-16T19:32:53Z
3592026,154,筋肉痛では,【APEX】オリンパス w/秋雪こはく、dtto.【ぶいすぽっ!/紫宮るな】,紫宮るな /shinomiya runa,https://www.youtube.com/watch?v=ieVtRCIZrv0&t=154s,2023-05-25T22:16:19Z
3592029,154,筋肉痛治ってない？,【APEX】オリンパス w/秋雪こはく、dtto.【ぶいすぽっ!/紫宮るな】,紫宮るな /shinomiya runa,https://www.youtube.com/watch?v=ieVtRCIZrv0&t=154s,2023-05-25T22:16:19Z
3592030,154,筋肉痛か,【APEX】オリンパス w/秋雪こはく、dtto.【ぶいすぽっ!/紫宮るな】,紫宮るな /shinomiya runa,https://www.youtube.com/watch?v=ieVtRCIZrv0&t=154s,2023-05-25T22:16:19Z
3592032,154,筋肉痛やね,【APEX】オリンパス w/秋雪こはく、dtto.【ぶいすぽっ!/紫宮るな】,紫宮るな /shinomiya runa,https://www.youtube.com/watch?v=ieVtRCIZrv0&t=154s,2023-05-25T22:16:19Z
3592033,154,筋肉痛？,【APEX】オリンパス w/秋雪こはく、dtto.【ぶいすぽっ!/紫宮るな】,紫宮るな /shinomiya runa,https://www.youtube.com/watch?v=ieVtRCIZrv0&t=154s,2023-05-25T22:16:19Z
3592035,156,筋肉痛がまだ…,【APEX】オリンパス w/秋雪こはく、dtto.【ぶいすぽっ!/紫宮るな】,紫宮るな /shinomiya runa,https://www.youtube.com/watch?v=ieVtRCIZrv0&t=156s,2023-05-25T22:16:19Z
3592037,157,筋肉痛？w,【APEX】オリンパス w/秋雪こはく、dtto.【ぶいすぽっ!/紫宮るな】,紫宮るな /shinomiya runa,https://www.youtube.com/watch?v=ieVtRCIZrv0&t=157s,2023-05-25T22:16:19Z
3592038,158,筋肉痛かな？,【APEX】オリンパス w/秋雪こはく、dtto.【ぶいすぽっ!/紫宮るな】,紫宮るな /shinomiya runa,https://www.youtube.com/watch?v=ieVtRCIZrv0&t=158s,2023-05-25T22:16:19Z
3592039,158,筋肉痛まだ直ってない？,【APEX】オリンパス w/秋雪こはく、dtto.【ぶいすぽっ!/紫宮るな】,紫宮るな /shinomiya runa,https://www.youtube.com/watch?v=ieVtRCIZrv0&t=158s,2023-05-25T22:16:19Z
3592040,159,まだ筋肉痛？,【APEX】オリンパス w/秋雪こはく、dtto.【ぶいすぽっ!/紫宮るな】,紫宮るな /shinomiya runa,https://www.youtube.com/watch?v=ieVtRCIZrv0&t=159s,2023-05-25T22:16:19Z
3592042,159,筋肉痛か,【APEX】オリンパス w/秋雪こはく、dtto.【ぶいすぽっ!/紫宮るな】,紫宮るな /shinomiya runa,https://www.youtube.com/watch?v=ieVtRCIZrv0&t=159s,2023-05-25T22:16:19Z
3592043,159,筋肉痛？,【APEX】オリンパス w/秋雪こはく、dtto.【ぶいすぽっ!/紫宮るな】,紫宮るな /shinomiya runa,https://www.youtube.com/watch?v=ieVtRCIZrv0&t=159s,2023-05-25T22:16:19Z
3592044,160,筋肉痛か,【APEX】オリンパス w/秋雪こはく、dtto.【ぶいすぽっ!/紫宮るな】,紫宮るな /shinomiya runa,https://www.youtube.com/watch?v=ieVtRCIZrv0&t=160s,2023-05-25T22:16:19Z
3592045,163,筋肉痛長引いてる？,【APEX】オリンパス w/秋雪こはく、dtto.【ぶいすぽっ!/紫宮るな】,紫宮るな /shinomiya runa,https://www.youtube.com/watch?v=ieVtRCIZrv0&t=163s,2023-05-25T22:16:19Z
3592049,166,まだ筋肉痛なのか,【APEX】オリンパス w/秋雪こはく、dtto.【ぶいすぽっ!/紫宮るな】,紫宮るな /shinomiya runa,https://www.youtube.com/watch?v=ieVtRCIZrv0&t=166s,2023-05-25T22:16:19Z
3592057,177,筋肉痛？,【APEX】オリンパス w/秋雪こはく、dtto.【ぶいすぽっ!/紫宮るな】,紫宮るな /shinomiya runa,https://www.youtube.com/watch?v=ieVtRCIZrv0&t=177s,2023-05-25T22:16:19Z
3592058,178,筋肉痛が…,【APEX】オリンパス w/秋雪こはく、dtto.【ぶいすぽっ!/紫宮るな】,紫宮るな /shinomiya runa,https://www.youtube.com/watch?v=ieVtRCIZrv0&t=178s,2023-05-25T22:16:19Z
3592060,183,筋肉痛では？汗,【APEX】オリンパス w/秋雪こはく、dtto.【ぶいすぽっ!/紫宮るな】,紫宮るな /shinomiya runa,https://www.youtube.com/watch?v=ieVtRCIZrv0&t=183s,2023-05-25T22:16:19Z
3592061,185,遅発性筋肉痛じゃん,【APEX】オリンパス w/秋雪こはく、dtto.【ぶいすぽっ!/紫宮るな】,紫宮るな /shinomiya runa,https://www.youtube.com/watch?v=ieVtRCIZrv0&t=185s,2023-05-25T22:16:19Z
3592065,196,治りかけが一番しんどいからな筋肉痛,【APEX】オリンパス w/秋雪こはく、dtto.【ぶいすぽっ!/紫宮るな】,紫宮るな /shinomiya runa,https://www.youtube.com/watch?v=ieVtRCIZrv0&t=196s,2023-05-25T22:16:19Z
3592091,232,筋肉系Vtuber,【APEX】オリンパス w/秋雪こはく、dtto.【ぶいすぽっ!/紫宮るな】,紫宮るな /shinomiya runa,https://www.youtube.com/watch?v=ieVtRCIZrv0&t=232s,2023-05-25T22:16:19Z
3592095,235,筋肉ついちゃったんじゃない？,【APEX】オリンパス w/秋雪こはく、dtto.【ぶいすぽっ!/紫宮るな】,紫宮るな /shinomiya runa,https://www.youtube.com/watch?v=ieVtRCIZrv0&t=235s,2023-05-25T22:16:19Z
3592126,317,やはり筋肉痛がw,【APEX】オリンパス w/秋雪こはく、dtto.【ぶいすぽっ!/紫宮るな】,紫宮るな /shinomiya runa,https://www.youtube.com/watch?v=ieVtRCIZrv0&t=317s,2023-05-25T22:16:19Z
3592130,352,筋肉が付くとエイムおかしくなるのか,【APEX】オリンパス w/秋雪こはく、dtto.【ぶいすぽっ!/紫宮るな】,紫宮るな /shinomiya runa,https://www.youtube.com/watch?v=ieVtRCIZrv0&t=352s,2023-05-25T22:16:19Z
3592219,567,ちょっと筋肉痛か,【APEX】オリンパス w/秋雪こはく、dtto.【ぶいすぽっ!/紫宮るな】,紫宮るな /shinomiya runa,https://www.youtube.com/watch?v=ieVtRCIZrv0&t=567s,2023-05-25T22:16:19Z
3592250,627,筋肉痛がまだ残ってるのかな,【APEX】オリンパス w/秋雪こはく、dtto.【ぶいすぽっ!/紫宮るな】,紫宮るな /shinomiya runa,https://www.youtube.com/watch?v=ieVtRCIZrv0&t=627s,2023-05-25T22:16:19Z
3592254,633,筋肉痛の1種じゃない？,【APEX】オリンパス w/秋雪こはく、dtto.【ぶいすぽっ!/紫宮るな】,紫宮るな /shinomiya runa,https://www.youtube.com/watch?v=ieVtRCIZrv0&t=633s,2023-05-25T22:16:19Z
3592264,645,筋肉痛やなw,【APEX】オリンパス w/秋雪こはく、dtto.【ぶいすぽっ!/紫宮るな】,紫宮るな /shinomiya runa,https://www.youtube.com/watch?v=ieVtRCIZrv0&t=645s,2023-05-25T22:16:19Z
3592283,669,むしろ遅れてくる筋肉痛,【APEX】オリンパス w/秋雪こはく、dtto.【ぶいすぽっ!/紫宮るな】,紫宮るな /shinomiya runa,https://www.youtube.com/watch?v=ieVtRCIZrv0&t=669s,2023-05-25T22:16:19Z
3592289,689,筋肉が育ってるのよ,【APEX】オリンパス w/秋雪こはく、dtto.【ぶいすぽっ!/紫宮るな】,紫宮るな /shinomiya runa,https://www.youtube.com/watch?v=ieVtRCIZrv0&t=689s,2023-05-25T22:16:19Z
3592293,699,それ遅れて筋肉痛になるやつじゃ……？,【APEX】オリンパス w/秋雪こはく、dtto.【ぶいすぽっ!/紫宮るな】,紫宮るな /shinomiya runa,https://www.youtube.com/watch?v=ieVtRCIZrv0&t=699s,2023-05-25T22:16:19Z
3592334,913,筋肉が再生中なんじゃない？,【APEX】オリンパス w/秋雪こはく、dtto.【ぶいすぽっ!/紫宮るな】,紫宮るな /shinomiya runa,https://www.youtube.com/watch?v=ieVtRCIZrv0&t=913s,2023-05-25T22:16:19Z
3597706,23727,食事で筋肉使ったことにしておこう…,【APEX】オリンパス w/秋雪こはく、dtto.【ぶいすぽっ!/紫宮るな】,紫宮るな /shinomiya runa,https://www.youtube.com/watch?v=ieVtRCIZrv0&t=23727s,2023-05-25T22:16:19Z
3597710,23739,筋肉再生して重く感じる時期かな？,【APEX】オリンパス w/秋雪こはく、dtto.【ぶいすぽっ!/紫宮るな】,紫宮るな /shinomiya runa,https://www.youtube.com/watch?v=ieVtRCIZrv0&t=23739s,2023-05-25T22:16:19Z
3616556,17354,今のところ筋肉がすごい人,【APEX】ダッシュ!【ぶいすぽっ!/紫宮るな】,紫宮るな /shinomiya runa,https://www.youtube.com/watch?v=ZXoVOOVs8bc&t=17354s,2023-04-14T19:03:09Z
3633649,13488,でぇじょうぶだ、紫宮なら抜けてきた敵も筋肉でかえせる,【APEX】バッテリー屋さん【ぶいすぽっ!/紫宮るな】,紫宮るな /shinomiya runa,https://www.youtube.com/watch?v=cyfoqmPbOQA&t=13488s,2023-04-11T15:27:29Z
3644483,10902,のどの筋肉強いと音太くなるよな～,【APEX】久しぶり~ w/ハセシン、rpr【ぶいすぽっ!/紫宮るな】,紫宮るな /shinomiya runa,https://www.youtube.com/watch?v=BmRb4saem2s&t=10902s,2023-06-13T19:40:23Z
3674481,15942,筋肉作り替えなきゃ,【APEX】優勝でいかさせていただきます【ぶいすぽっ!/紫宮るな】,紫宮るな /shinomiya runa,https://www.youtube.com/watch?v=eg-nQ4hY4f0&t=15942s,2023-04-15T14:45:39Z
3686141,1295,筋肉！,【APEX】渋ハルカスタムに出ます! w/秋雪こはく、こはならむ【ぶいすぽっ!/紫宮るな】,紫宮るな /shinomiya runa,https://www.youtube.com/watch?v=8lzoJNnIeko&t=1295s,2023-06-15T15:36:28Z
3691262,3365,筋肉,【APEX】魂【ぶいすぽっ!/紫宮るな】,紫宮るな /shinomiya runa,https://www.youtube.com/watch?v=bmbeRWowAfU&t=3365s,2023-04-05T19:13:09Z
3691292,3389,筋肉,【APEX】魂【ぶいすぽっ!/紫宮るな】,紫宮るな /shinomiya runa,https://www.youtube.com/watch?v=bmbeRWowAfU&t=3389s,2023-04-05T19:13:09Z
3693943,10740,筋肉痛w,【APEX】魂【ぶいすぽっ!/紫宮るな】,紫宮るな /shinomiya runa,https://www.youtube.com/watch?v=bmbeRWowAfU&t=10740s,2023-04-05T19:13:09Z
3706587,6333,いっぱい食べてエイム筋肉ムキムキになろう,【APEX】77DMG【ぶいすぽっ!/紫宮るな】,紫宮るな /shinomiya runa,https://www.youtube.com/watch?v=b3wWHIasGCQ&t=6333s,2023-04-06T19:37:59Z
3707874,7668,最後丸グレポイポイ投げるかと思ったら筋肉で破壊してた,【APEX】77DMG【ぶいすぽっ!/紫宮るな】,紫宮るな /shinomiya runa,https://www.youtube.com/watch?v=b3wWHIasGCQ&t=7668s,2023-04-06T19:37:59Z
3709063,8541,ほっぺの筋肉マッサージするとマシになるよ,【APEX】77DMG【ぶいすぽっ!/紫宮るな】,紫宮るな /shinomiya runa,https://www.youtube.com/watch?v=b3wWHIasGCQ&t=8541s,2023-04-06T19:37:59Z
3709086,8566,逆に使わなさすぎて筋肉痛になってる説,【APEX】77DMG【ぶいすぽっ!/紫宮るな】,紫宮るな /shinomiya runa,https://www.youtube.com/watch?v=b3wWHIasGCQ&t=8566s,2023-04-06T19:37:59Z
3709298,8837,筋肉にはプロテインよ,【APEX】77DMG【ぶいすぽっ!/紫宮るな】,紫宮るな /shinomiya runa,https://www.youtube.com/watch?v=b3wWHIasGCQ&t=8837s,2023-04-06T19:37:59Z
3711021,11002,筋肉www,【APEX】77DMG【ぶいすぽっ!/紫宮るな】,紫宮るな /shinomiya runa,https://www.youtube.com/watch?v=b3wWHIasGCQ&t=11002s,2023-04-06T19:37:59Z
3711058,11031,筋肉！,【APEX】77DMG【ぶいすぽっ!/紫宮るな】,紫宮るな /shinomiya runa,https://www.youtube.com/watch?v=b3wWHIasGCQ&t=11031s,2023-04-06T19:37:59Z
3711314,11302,筋肉IGLだいすき,【APEX】77DMG【ぶいすぽっ!/紫宮るな】,紫宮るな /shinomiya runa,https://www.youtube.com/watch?v=b3wWHIasGCQ&t=11302s,2023-04-06T19:37:59Z
3713031,14812,筋肉がバレちまったw,【APEX】77DMG【ぶいすぽっ!/紫宮るな】,紫宮るな /shinomiya runa,https://www.youtube.com/watch?v=b3wWHIasGCQ&t=14812s,2023-04-06T19:37:59Z
3715945,1413,筋肉痛になるためにするんだけどねｗ,【MINECRAFT】スペルわからんくなってもうた【ぶいすぽっ!/紫宮るな】,紫宮るな /shinomiya runa,https://www.youtube.com/watch?v=FBZlvABEaP0&t=1413s,2023-06-30T23:30:43Z
3715946,1414,筋肉痛にもう一回筋トレすると勝つ,【MINECRAFT】スペルわからんくなってもうた【ぶいすぽっ!/紫宮るな】,紫宮るな /shinomiya runa,https://www.youtube.com/watch?v=FBZlvABEaP0&t=1414s,2023-06-30T23:30:43Z
3715962,1455,筋肉痛と筋肉が痛んでるのはまた別だからね,【MINECRAFT】スペルわからんくなってもうた【ぶいすぽっ!/紫宮るな】,紫宮るな /shinomiya runa,https://www.youtube.com/watch?v=FBZlvABEaP0&t=1455s,2023-06-30T23:30:43Z
3715970,1461,筋肉痛になったら、なってない個所を筋トレする,【MINECRAFT】スペルわからんくなってもうた【ぶいすぽっ!/紫宮るな】,紫宮るな /shinomiya runa,https://www.youtube.com/watch?v=FBZlvABEaP0&t=1461s,2023-06-30T23:30:43Z
3715981,1480,休んで違う筋肉を鍛える,【MINECRAFT】スペルわからんくなってもうた【ぶいすぽっ!/紫宮るな】,紫宮るな /shinomiya runa,https://www.youtube.com/watch?v=FBZlvABEaP0&t=1480s,2023-06-30T23:30:43Z
3715995,1499,頭が筋肉痛w,【MINECRAFT】スペルわからんくなってもうた【ぶいすぽっ!/紫宮るな】,紫宮るな /shinomiya runa,https://www.youtube.com/watch?v=FBZlvABEaP0&t=1499s,2023-06-30T23:30:43Z
3715997,1504,でも足の筋肉はつきそう,【MINECRAFT】スペルわからんくなってもうた【ぶいすぽっ!/紫宮るな】,紫宮るな /shinomiya runa,https://www.youtube.com/watch?v=FBZlvABEaP0&t=1504s,2023-06-30T23:30:43Z
3716003,1526,筋トレして2〜3日空けてその間に筋肉繊維治してまた筋トレしてみたいな？,【MINECRAFT】スペルわからんくなってもうた【ぶいすぽっ!/紫宮るな】,紫宮るな /shinomiya runa,https://www.youtube.com/watch?v=FBZlvABEaP0&t=1526s,2023-06-30T23:30:43Z
3716013,1542,ウーバーとりあえずたんぱくとか筋肉道とかばっかりだよね,【MINECRAFT】スペルわからんくなってもうた【ぶいすぽっ!/紫宮るな】,紫宮るな /shinomiya runa,https://www.youtube.com/watch?v=FBZlvABEaP0&t=1542s,2023-06-30T23:30:43Z
3719991,12340,ヨーヨーにも筋肉要るのかぁ,【MINECRAFT】スペルわからんくなってもうた【ぶいすぽっ!/紫宮るな】,紫宮るな /shinomiya runa,https://www.youtube.com/watch?v=FBZlvABEaP0&t=12340s,2023-06-30T23:30:43Z
3743430,11328,ナイス筋肉,【RUST】はじめまして世界【ぶいすぽっ!/紫宮るな】,紫宮るな /shinomiya runa,https://www.youtube.com/watch?v=w1yUhWzdv7E&t=11328s,2023-04-23T18:03:37Z
3780582,890,筋肉で破壊じゃー,【VALORANT】VCC VALORANT w/Kamito、Clutch、猫麦とろろ、zerost、トナカイト【ぶいすぽっ!/紫宮るな】,紫宮るな /shinomiya runa,https://www.youtube.com/watch?v=GwNSLr6syJw&t=890s,2023-06-10T23:38:00Z
3783195,7905,筋肉だー,【VALORANT】VCC VALORANT w/Kamito、Clutch、猫麦とろろ、zerost、トナカイト【ぶいすぽっ!/紫宮るな】,紫宮るな /shinomiya runa,https://www.youtube.com/watch?v=GwNSLr6syJw&t=7905s,2023-06-10T23:38:00Z
3789316,22594,筋肉か！！！,【VALORANT】VCC VALORANT w/Kamito、Clutch、猫麦とろろ、zerost、トナカイト【ぶいすぽっ!/紫宮るな】,紫宮るな /shinomiya runa,https://www.youtube.com/watch?v=GwNSLr6syJw&t=22594s,2023-06-10T23:38:00Z
3792204,27787,お尻の筋肉かな,【VALORANT】VCC VALORANT w/Kamito、Clutch、猫麦とろろ、zerost、トナカイト【ぶいすぽっ!/紫宮るな】,紫宮るな /shinomiya runa,https://www.youtube.com/watch?v=GwNSLr6syJw&t=27787s,2023-06-10T23:38:00Z
3792207,27794,ふとももの内側の筋肉とか腰回り,【VALORANT】VCC VALORANT w/Kamito、Clutch、猫麦とろろ、zerost、トナカイト【ぶいすぽっ!/紫宮るな】,紫宮るな /shinomiya runa,https://www.youtube.com/watch?v=GwNSLr6syJw&t=27794s,2023-06-10T23:38:00Z
3792212,27801,股関節と脚の筋肉かなぁ,【VALORANT】VCC VALORANT w/Kamito、Clutch、猫麦とろろ、zerost、トナカイト【ぶいすぽっ!/紫宮るな】,紫宮るな /shinomiya runa,https://www.youtube.com/watch?v=GwNSLr6syJw&t=27801s,2023-06-10T23:38:00Z
3792216,27819,太ももの筋肉かなー,【VALORANT】VCC VALORANT w/Kamito、Clutch、猫麦とろろ、zerost、トナカイト【ぶいすぽっ!/紫宮るな】,紫宮るな /shinomiya runa,https://www.youtube.com/watch?v=GwNSLr6syJw&t=27819s,2023-06-10T23:38:00Z
3792321,27989,背筋とふとももの裏の筋肉,【VALORANT】VCC VALORANT w/Kamito、Clutch、猫麦とろろ、zerost、トナカイト【ぶいすぽっ!/紫宮るな】,紫宮るな /shinomiya runa,https://www.youtube.com/watch?v=GwNSLr6syJw&t=27989s,2023-06-10T23:38:00Z
3792374,28155,痛いって思った部分の筋肉と筋を伸ばせば,【VALORANT】VCC VALORANT w/Kamito、Clutch、猫麦とろろ、zerost、トナカイト【ぶいすぽっ!/紫宮るな】,紫宮るな /shinomiya runa,https://www.youtube.com/watch?v=GwNSLr6syJw&t=28155s,2023-06-10T23:38:00Z
3792406,28251,ぶいすぽで筋肉といえば,【VALORANT】VCC VALORANT w/Kamito、Clutch、猫麦とろろ、zerost、トナカイト【ぶいすぽっ!/紫宮るな】,紫宮るな /shinomiya runa,https://www.youtube.com/watch?v=GwNSLr6syJw&t=28251s,2023-06-10T23:38:00Z
3792440,28292,見える筋肉とまた別だからなぁ,【VALORANT】VCC VALORANT w/Kamito、Clutch、猫麦とろろ、zerost、トナカイト【ぶいすぽっ!/紫宮るな】,紫宮るな /shinomiya runa,https://www.youtube.com/watch?v=GwNSLr6syJw&t=28292s,2023-06-10T23:38:00Z
3793164,29477,筋肉じゃましてる,【VALORANT】VCC VALORANT w/Kamito、Clutch、猫麦とろろ、zerost、トナカイト【ぶいすぽっ!/紫宮るな】,紫宮るな /shinomiya runa,https://www.youtube.com/watch?v=GwNSLr6syJw&t=29477s,2023-06-10T23:38:00Z
3793169,29488,背中の筋肉が邪魔で腕が横にピタッとつかない,【VALORANT】VCC VALORANT w/Kamito、Clutch、猫麦とろろ、zerost、トナカイト【ぶいすぽっ!/紫宮るな】,紫宮るな /shinomiya runa,https://www.youtube.com/watch?v=GwNSLr6syJw&t=29488s,2023-06-10T23:38:00Z
3793184,29518,筋肉えぐいと耳にスマホ当てながら電話できないらしいよ(),【VALORANT】VCC VALORANT w/Kamito、Clutch、猫麦とろろ、zerost、トナカイト【ぶいすぽっ!/紫宮るな】,紫宮るな /shinomiya runa,https://www.youtube.com/watch?v=GwNSLr6syJw&t=29518s,2023-06-10T23:38:00Z
3799927,752,筋肉だった…,【VALORANT】ふるぱ w/白波らむね、LOB、Sqla、Clutch【ぶいすぽっ!/紫宮るな】,紫宮るな /shinomiya runa,https://www.youtube.com/watch?v=z4iTmCn7vMc&t=752s,2023-06-30T20:31:35Z
3799929,753,筋肉だったかw,【VALORANT】ふるぱ w/白波らむね、LOB、Sqla、Clutch【ぶいすぽっ!/紫宮るな】,紫宮るな /shinomiya runa,https://www.youtube.com/watch?v=z4iTmCn7vMc&t=753s,2023-06-30T20:31:35Z
3811352,12710,また筋肉痛なるかもねw,【VALORANT】ふるぱw/ぎる、LOB、Sqla、久我レオ【ぶいすぽっ!/紫宮るな】,紫宮るな /shinomiya runa,https://www.youtube.com/watch?v=u-SKavSs7i4&t=12710s,2023-06-04T15:18:44Z
3822566,11804,筋肉痛になる…！？,【VALORANT】ふるぱw/白波らむね、如月れん、LOB、sqla【ぶいすぽっ!/紫宮るな】,紫宮るな /shinomiya runa,https://www.youtube.com/watch?v=tfQKB1SvbWw&t=11804s,2023-05-05T16:30:17Z
3830093,17487,やっぱり筋肉しか勝たんか,【VALORANT】ふるぱw/英リサ、かわせ、dexyuku、りんしゃんつかい【ぶいすぽっ!/紫宮るな】,紫宮るな /shinomiya runa,https://www.youtube.com/watch?v=Ny_GOKN2bdc&t=17487s,2023-05-15T23:50:19Z
3839540,14396,筋肉は鍛えてるけどセットはね,【VALORANT】フルパ w/コーチ、ガンちゃん、ギルさん、焼きパンさん【ぶいすぽっ!/紫宮るな】,紫宮るな /shinomiya runa,https://www.youtube.com/watch?v=htKLqGj3qD0&t=14396s,2023-05-04T12:47:15Z
3841827,11426,結局筋肉で全て解決したやんw,【VALORANT】見慣れた顔 w/BobsappAim、LOB、Sqla、天月→緋崎ガンマ【ぶいすぽっ!/紫宮るな】,紫宮るな /shinomiya runa,https://www.youtube.com/watch?v=qMYwfvnS-j0&t=11426s,2023-06-28T19:52:58Z
3846566,4598,筋肉,【スプラトゥーン3】77レベルあと32時間【ぶいすぽっ!/紫宮るな】,紫宮るな /shinomiya runa,https://www.youtube.com/watch?v=JpqQWaHASdU&t=4598s,2023-05-31T00:03:42Z
3846568,4606,筋肉は全てを解決する,【スプラトゥーン3】77レベルあと32時間【ぶいすぽっ!/紫宮るな】,紫宮るな /shinomiya runa,https://www.youtube.com/watch?v=JpqQWaHASdU&t=4606s,2023-05-31T00:03:42Z
3846577,4705,筋肉があれば固定のバリエーション増えるな,【スプラトゥーン3】77レベルあと32時間【ぶいすぽっ!/紫宮るな】,紫宮るな /shinomiya runa,https://www.youtube.com/watch?v=JpqQWaHASdU&t=4705s,2023-05-31T00:03:42Z
3856073,3663,筋肉,【スプラトゥーン3】リハビリすぎです【ぶいすぽっ!/紫宮るな】,紫宮るな /shinomiya runa,https://www.youtube.com/watch?v=CDX5lvfNCNw&t=3663s,2023-04-18T16:38:49Z
3856074,3665,筋肉,【スプラトゥーン3】リハビリすぎです【ぶいすぽっ!/紫宮るな】,紫宮るな /shinomiya runa,https://www.youtube.com/watch?v=CDX5lvfNCNw&t=3665s,2023-04-18T16:38:49Z
3856075,3668,筋肉かぁ,【スプラトゥーン3】リハビリすぎです【ぶいすぽっ!/紫宮るな】,紫宮るな /shinomiya runa,https://www.youtube.com/watch?v=CDX5lvfNCNw&t=3668s,2023-04-18T16:38:49Z
3856076,3668,筋肉！,【スプラトゥーン3】リハビリすぎです【ぶいすぽっ!/紫宮るな】,紫宮るな /shinomiya runa,https://www.youtube.com/watch?v=CDX5lvfNCNw&t=3668s,2023-04-18T16:38:49Z
3856079,3673,筋肉,【スプラトゥーン3】リハビリすぎです【ぶいすぽっ!/紫宮るな】,紫宮るな /shinomiya runa,https://www.youtube.com/watch?v=CDX5lvfNCNw&t=3673s,2023-04-18T16:38:49Z
3856082,3686,やはり筋肉,【スプラトゥーン3】リハビリすぎです【ぶいすぽっ!/紫宮るな】,紫宮るな /shinomiya runa,https://www.youtube.com/watch?v=CDX5lvfNCNw&t=3686s,2023-04-18T16:38:49Z
3856807,5212,筋肉クイボ半チャ1確…,【スプラトゥーン3】リハビリすぎです【ぶいすぽっ!/紫宮るな】,紫宮るな /shinomiya runa,https://www.youtube.com/watch?v=CDX5lvfNCNw&t=5212s,2023-04-18T16:38:49Z
3876472,11362,ゼルダも筋肉です！,【ゼルダの伝説 ティアーズオブザキングダム】やるぞ!#1※ネタバレ注意【ぶいすぽっ!/紫宮るな】,紫宮るな /shinomiya runa,https://www.youtube.com/watch?v=8PLPdyGsa1o&t=11362s,2023-05-15T12:30:23Z
3878007,4346,筋肉に支配された,【ゼルダの伝説 ティアーズオブザキングダム】ストーリーだけ置いてけぼりにしてる可能性#5※ネタバレ注意【ぶいすぽっ!/紫宮るな】,紫宮るな /shinomiya runa,https://www.youtube.com/watch?v=DZanlWJmKxY&t=4346s,2023-05-27T20:51:52Z
3884364,3473,筋肉でた？ｗ,【ゼルダの伝説 ティアーズオブザキングダム】ルナ坊#7※ネタバレ注意【ぶいすぽっ!/紫宮るな】,紫宮るな /shinomiya runa,https://www.youtube.com/watch?v=1z7NVlyIm3Y&t=3473s,2023-06-07T15:07:09Z
3886505,37,筋肉痛草,【ゼルダの伝説 ティアーズオブザキングダム】全身が筋肉痛#4※ネタバレ注意【ぶいすぽっ!/紫宮るな】,紫宮るな /shinomiya runa,https://www.youtube.com/watch?v=KYUbedWRytk&t=37s,2023-05-23T13:20:16Z
3886712,253,筋肉痛どない？,【ゼルダの伝説 ティアーズオブザキングダム】全身が筋肉痛#4※ネタバレ注意【ぶいすぽっ!/紫宮るな】,紫宮るな /shinomiya runa,https://www.youtube.com/watch?v=KYUbedWRytk&t=253s,2023-05-23T13:20:16Z
3886734,282,1週間くらいは筋肉痛で配信ないかと思った,【ゼルダの伝説 ティアーズオブザキングダム】全身が筋肉痛#4※ネタバレ注意【ぶいすぽっ!/紫宮るな】,紫宮るな /shinomiya runa,https://www.youtube.com/watch?v=KYUbedWRytk&t=282s,2023-05-23T13:20:16Z
3886829,484,３Dお披露目でやっぱ筋肉にダメージ受けたか,【ゼルダの伝説 ティアーズオブザキングダム】全身が筋肉痛#4※ネタバレ注意【ぶいすぽっ!/紫宮るな】,紫宮るな /shinomiya runa,https://www.youtube.com/watch?v=KYUbedWRytk&t=484s,2023-05-23T13:20:16Z
3886866,610,結局、筋肉痛になったのか,【ゼルダの伝説 ティアーズオブザキングダム】全身が筋肉痛#4※ネタバレ注意【ぶいすぽっ!/紫宮るな】,紫宮るな /shinomiya runa,https://www.youtube.com/watch?v=KYUbedWRytk&t=610s,2023-05-23T13:20:16Z
3886901,753,今北　筋肉痛大丈夫？,【ゼルダの伝説 ティアーズオブザキングダム】全身が筋肉痛#4※ネタバレ注意【ぶいすぽっ!/紫宮るな】,紫宮るな /shinomiya runa,https://www.youtube.com/watch?v=KYUbedWRytk&t=753s,2023-05-23T13:20:16Z
3886933,901,全身が筋肉痛みぃとぅ,【ゼルダの伝説 ティアーズオブザキングダム】全身が筋肉痛#4※ネタバレ注意【ぶいすぽっ!/紫宮るな】,紫宮るな /shinomiya runa,https://www.youtube.com/watch?v=KYUbedWRytk&t=901s,2023-05-23T13:20:16Z
3887033,1159,筋肉痛大丈夫かあああ,【ゼルダの伝説 ティアーズオブザキングダム】全身が筋肉痛#4※ネタバレ注意【ぶいすぽっ!/紫宮るな】,紫宮るな /shinomiya runa,https://www.youtube.com/watch?v=KYUbedWRytk&t=1159s,2023-05-23T13:20:16Z
3887071,1245,筋肉痛かぁ,【ゼルダの伝説 ティアーズオブザキングダム】全身が筋肉痛#4※ネタバレ注意【ぶいすぽっ!/紫宮るな】,紫宮るな /shinomiya runa,https://www.youtube.com/watch?v=KYUbedWRytk&t=1245s,2023-05-23T13:20:16Z
3887518,2273,筋肉が育ってるなぁ,【ゼルダの伝説 ティアーズオブザキングダム】全身が筋肉痛#4※ネタバレ注意【ぶいすぽっ!/紫宮るな】,紫宮るな /shinomiya runa,https://www.youtube.com/watch?v=KYUbedWRytk&t=2273s,2023-05-23T13:20:16Z
3887529,2310,こんるな！3Dお疲れ様！筋肉痛大丈夫？,【ゼルダの伝説 ティアーズオブザキングダム】全身が筋肉痛#4※ネタバレ注意【ぶいすぽっ!/紫宮るな】,紫宮るな /shinomiya runa,https://www.youtube.com/watch?v=KYUbedWRytk&t=2310s,2023-05-23T13:20:16Z
3887546,2360,筋肉痛が次の日に来るのは若い証拠や,【ゼルダの伝説 ティアーズオブザキングダム】全身が筋肉痛#4※ネタバレ注意【ぶいすぽっ!/紫宮るな】,紫宮るな /shinomiya runa,https://www.youtube.com/watch?v=KYUbedWRytk&t=2360s,2023-05-23T13:20:16Z
3887893,3149,昨日の筋トレで筋肉痛になってない？,【ゼルダの伝説 ティアーズオブザキングダム】全身が筋肉痛#4※ネタバレ注意【ぶいすぽっ!/紫宮るな】,紫宮るな /shinomiya runa,https://www.youtube.com/watch?v=KYUbedWRytk&t=3149s,2023-05-23T13:20:16Z
3889819,9421,筋肉痛になりそう,【ゼルダの伝説 ティアーズオブザキングダム】全身が筋肉痛#4※ネタバレ注意【ぶいすぽっ!/紫宮るな】,紫宮るな /shinomiya runa,https://www.youtube.com/watch?v=KYUbedWRytk&t=9421s,2023-05-23T13:20:16Z
3890090,10908,筋肉痛大丈夫ですかぁ( ¨̮ )??,【ゼルダの伝説 ティアーズオブザキングダム】全身が筋肉痛#4※ネタバレ注意【ぶいすぽっ!/紫宮るな】,紫宮るな /shinomiya runa,https://www.youtube.com/watch?v=KYUbedWRytk&t=10908s,2023-05-23T13:20:16Z
3895034,7764,筋肉痛になるほど！？w,【ゼルダの伝説 ティアーズオブザキングダム】地上#3※ネタバレ注意【ぶいすぽっ!/紫宮るな】,紫宮るな /shinomiya runa,https://www.youtube.com/watch?v=y1vsYmskEnc&t=7764s,2023-05-21T13:22:45Z
3895060,7822,逆に普段力入れなすぎて筋肉痛とか？,【ゼルダの伝説 ティアーズオブザキングダム】地上#3※ネタバレ注意【ぶいすぽっ!/紫宮るな】,紫宮るな /shinomiya runa,https://www.youtube.com/watch?v=y1vsYmskEnc&t=7822s,2023-05-21T13:22:45Z
3907821,18682,暑いのは分かるけど、筋肉痛は…,【モンスターハンターサンブレイク】やっぱりモンハン w/だるまsん【ぶいすぽっ!/紫宮るな】,紫宮るな /shinomiya runa,https://www.youtube.com/watch?v=y79pAfpYVFU&t=18682s,2023-05-07T16:36:41Z
3910764,27679,足の筋肉痛でｗ,【モンスターハンターサンブレイク】やっぱりモンハン w/だるまsん【ぶいすぽっ!/紫宮るな】,紫宮るな /shinomiya runa,https://www.youtube.com/watch?v=y79pAfpYVFU&t=27679s,2023-05-07T16:36:41Z
3910769,27696,足の筋肉痛か、お大事にね,【モンスターハンターサンブレイク】やっぱりモンハン w/だるまsん【ぶいすぽっ!/紫宮るな】,紫宮るな /shinomiya runa,https://www.youtube.com/watch?v=y79pAfpYVFU&t=27696s,2023-05-07T16:36:41Z
3913848,3999,筋肉ついてるか,【モンスターハンターサンブレイク】左手腱鞘炎【ぶいすぽっ!/紫宮るな】,紫宮るな /shinomiya runa,https://www.youtube.com/watch?v=0KDHXEETvZY&t=3999s,2023-06-25T03:31:52Z
3933895,1059,腕の筋肉とてつもなくヤバそう,VALORANT Masters Tokyo 2023-Upper FINAL / Lower Round3!ぶいすぽグループウォッチパーティ【ぶいすぽ / 猫汰つな】,猫汰つな / Nekota Tsuna,https://www.youtube.com/watch?v=kiBkKCHC9ac&t=1059s,2023-06-21T10:00:32Z
3933901,1083,400の0.35でレイズやってるakame選手とかもいるし、筋肉でどうにかなるのかもしれない,VALORANT Masters Tokyo 2023-Upper FINAL / Lower Round3!ぶいすぽグループウォッチパーティ【ぶいすぽ / 猫汰つな】,猫汰つな / Nekota Tsuna,https://www.youtube.com/watch?v=kiBkKCHC9ac&t=1083s,2023-06-21T10:00:32Z
3980218,5899,筋肉は美しい,【#猫汰つな1周年 】1年間ありがとう!これからもよろしくね~!お披露目、グッズ告知あり!【ぶいすぽ / 猫汰つな】,猫汰つな / Nekota Tsuna,https://www.youtube.com/watch?v=sqHWuv2qe5M&t=5899s,2023-06-24T15:00:57Z
3980221,5903,筋肉は全てを解決する,【#猫汰つな1周年 】1年間ありがとう!これからもよろしくね~!お披露目、グッズ告知あり!【ぶいすぽ / 猫汰つな】,猫汰つな / Nekota Tsuna,https://www.youtube.com/watch?v=sqHWuv2qe5M&t=5903s,2023-06-24T15:00:57Z
3980223,5905,筋肉はつけたい,【#猫汰つな1周年 】1年間ありがとう!これからもよろしくね~!お披露目、グッズ告知あり!【ぶいすぽ / 猫汰つな】,猫汰つな / Nekota Tsuna,https://www.youtube.com/watch?v=sqHWuv2qe5M&t=5905s,2023-06-24T15:00:57Z
3980231,5916,男と筋肉の付き方ちがうよね,【#猫汰つな1周年 】1年間ありがとう!これからもよろしくね~!お披露目、グッズ告知あり!【ぶいすぽ / 猫汰つな】,猫汰つな / Nekota Tsuna,https://www.youtube.com/watch?v=sqHWuv2qe5M&t=5916s,2023-06-24T15:00:57Z
3980233,5920,そんな簡単に筋肉ついたら苦労はない,【#猫汰つな1周年 】1年間ありがとう!これからもよろしくね~!お披露目、グッズ告知あり!【ぶいすぽ / 猫汰つな】,猫汰つな / Nekota Tsuna,https://www.youtube.com/watch?v=sqHWuv2qe5M&t=5920s,2023-06-24T15:00:57Z
3980234,5920,筋肉is正義,【#猫汰つな1周年 】1年間ありがとう!これからもよろしくね~!お披露目、グッズ告知あり!【ぶいすぽ / 猫汰つな】,猫汰つな / Nekota Tsuna,https://www.youtube.com/watch?v=sqHWuv2qe5M&t=5920s,2023-06-24T15:00:57Z
3980315,5982,ちょうどいい筋肉つけるのは間違いない,【#猫汰つな1周年 】1年間ありがとう!これからもよろしくね~!お披露目、グッズ告知あり!【ぶいすぽ / 猫汰つな】,猫汰つな / Nekota Tsuna,https://www.youtube.com/watch?v=sqHWuv2qe5M&t=5982s,2023-06-24T15:00:57Z
3980399,6034,拡大したらええ筋肉持ってるわww,【#猫汰つな1周年 】1年間ありがとう!これからもよろしくね~!お披露目、グッズ告知あり!【ぶいすぽ / 猫汰つな】,猫汰つな / Nekota Tsuna,https://www.youtube.com/watch?v=sqHWuv2qe5M&t=6034s,2023-06-24T15:00:57Z
3999564,2340,ドウェイン・ジョンソンの筋肉がすごいよ,【APEX】弾は願いを込めて撃たないと当たりません【ぶいすぽ / 猫汰つな】,猫汰つな / Nekota Tsuna,https://www.youtube.com/watch?v=pO4fMA7nfF0&t=2340s,2023-05-21T08:19:53Z
4020602,9711,落ちた時点で筋肉痛どころじゃないと思うけど,【Only up!】初見です。1周年記念で飲酒しながらクリアまでやるヨ^^【ぶいすぽ / 猫汰つな】,猫汰つな / Nekota Tsuna,https://www.youtube.com/watch?v=nUX4zqY7sls&t=9711s,2023-06-24T22:14:43Z
4020606,9720,筋肉痛より先に足骨折してそう,【Only up!】初見です。1周年記念で飲酒しながらクリアまでやるヨ^^【ぶいすぽ / 猫汰つな】,猫汰つな / Nekota Tsuna,https://www.youtube.com/watch?v=nUX4zqY7sls&t=9720s,2023-06-24T22:14:43Z
4079710,156,筋肉痛ない？？,3Dお疲れ様+ただいま!!!!!【ぶいすぽ / 猫汰つな】,猫汰つな / Nekota Tsuna,https://www.youtube.com/watch?v=uhr1Oe0j65I&t=156s,2023-06-19T10:38:28Z
4079778,219,すぐ筋肉痛になった？w,3Dお疲れ様+ただいま!!!!!【ぶいすぽ / 猫汰つな】,猫汰つな / Nekota Tsuna,https://www.youtube.com/watch?v=uhr1Oe0j65I&t=219s,2023-06-19T10:38:28Z
4079789,227,荷物持った移動で普段使わない筋肉使ったのかもですね,3Dお疲れ様+ただいま!!!!!【ぶいすぽ / 猫汰つな】,猫汰つな / Nekota Tsuna,https://www.youtube.com/watch?v=uhr1Oe0j65I&t=227s,2023-06-19T10:38:28Z
4079813,252,そら筋肉痛になるw,3Dお疲れ様+ただいま!!!!!【ぶいすぽ / 猫汰つな】,猫汰つな / Nekota Tsuna,https://www.youtube.com/watch?v=uhr1Oe0j65I&t=252s,2023-06-19T10:38:28Z
4092991,22009,多分明日肩筋肉痛だろうな,VALORANT Challengers Japan Split 2  Playoff Finals Day 1💙公認ミラー【ぶいすぽ/白波らむね】,白波らむね / Shiranami Ramune,https://www.youtube.com/watch?v=T4DDzACYcwk&t=22009s,2023-06-03T14:36:56Z
4096591,12328,筋肉落ちてるだろうから増えてそう,VALORANT Challengers Japan Split 2  Playoff Finals Day 2💙公認ミラー【ぶいすぽ/白波らむね】,白波らむね / Shiranami Ramune,https://www.youtube.com/watch?v=Z2KSENIL-cE&t=12328s,2023-06-04T12:40:15Z
4105629,7711,エイム筋が筋肉痛なるか,VALORANT Masters Tokyo 2023 -  LOWER FINAL💙ぶいすぽグループウォッチパーティ【ぶいすぽ/白波らむね】,白波らむね / Shiranami Ramune,https://www.youtube.com/watch?v=S-v19wzuWQs&t=7711s,2023-06-24T08:32:35Z
4106571,9624,筋肉エイム？,VALORANT Masters Tokyo 2023 -  LOWER FINAL💙ぶいすぽグループウォッチパーティ【ぶいすぽ/白波らむね】,白波らむね / Shiranami Ramune,https://www.youtube.com/watch?v=S-v19wzuWQs&t=9624s,2023-06-24T08:32:35Z
4106598,9647,エイムは筋肉ってことか,VALORANT Masters Tokyo 2023 -  LOWER FINAL💙ぶいすぽグループウォッチパーティ【ぶいすぽ/白波らむね】,白波らむね / Shiranami Ramune,https://www.youtube.com/watch?v=S-v19wzuWQs&t=9647s,2023-06-24T08:32:35Z
4109666,15232,筋肉ってコト？,VALORANT Masters Tokyo 2023 -  LOWER FINAL💙ぶいすぽグループウォッチパーティ【ぶいすぽ/白波らむね】,白波らむね / Shiranami Ramune,https://www.youtube.com/watch?v=S-v19wzuWQs&t=15232s,2023-06-24T08:32:35Z
4110630,16695,筋肉やなぁ,VALORANT Masters Tokyo 2023 -  LOWER FINAL💙ぶいすぽグループウォッチパーティ【ぶいすぽ/白波らむね】,白波らむね / Shiranami Ramune,https://www.youtube.com/watch?v=S-v19wzuWQs&t=16695s,2023-06-24T08:32:35Z
4113151,2132,筋肉か,VALORANT Masters Tokyo 2023 - Day1 💙ぶいすぽグループウォッチパーティ【ぶいすぽ/白波らむね】,白波らむね / Shiranami Ramune,https://www.youtube.com/watch?v=IZVkuhI_t8c&t=2132s,2023-06-11T08:37:45Z
4121472,4425,筋肉がすべて,【#えふぴーえふWIN】ぶいすぽっ!VALORANT紅白戦 Presented by GALLERIA 白波らむね視点,白波らむね / Shiranami Ramune,https://www.youtube.com/watch?v=D4hIyCeL6Y8&t=4425s,2023-05-14T09:17:33Z
4134253,4003,口角ずっと上がりすぎて顔の筋肉死んだ,【#白波らむね新衣装】もうこの時が来た・・・!ドキドキドキドキ【ぶいすぽ/白波らむね】,白波らむね / Shiranami Ramune,https://www.youtube.com/watch?v=-Qwc65IRQ9c&t=4003s,2023-05-02T11:36:54Z
4143215,3363,筋肉の香りがする,【ELDEN RING】#4 探索とかいうやつ ※ネタバレ注意【ぶいすぽ/白波らむね】,白波らむね / Shiranami Ramune,https://www.youtube.com/watch?v=VojcVkoY9Zc&t=3363s,2023-04-06T09:31:13Z
4149114,6510,筋肉,【ELDEN RING】#5 探索とかいうやつ ※ネタバレ注意【ぶいすぽ/白波らむね】,白波らむね / Shiranami Ramune,https://www.youtube.com/watch?v=GJ_XTRaYaDw&t=6510s,2023-04-13T17:00:41Z
4150554,12157,筋肉しかねえ！,【ELDEN RING】#5 探索とかいうやつ ※ネタバレ注意【ぶいすぽ/白波らむね】,白波らむね / Shiranami Ramune,https://www.youtube.com/watch?v=GJ_XTRaYaDw&t=12157s,2023-04-13T17:00:41Z
4150565,12180,全ては筋肉で解決できる,【ELDEN RING】#5 探索とかいうやつ ※ネタバレ注意【ぶいすぽ/白波らむね】,白波らむね / Shiranami Ramune,https://www.youtube.com/watch?v=GJ_XTRaYaDw&t=12180s,2023-04-13T17:00:41Z
4171681,6764,筋肉,【VALORANT】ぐもに~朝活する【ぶいすぽ/白波らむね】,白波らむね / Shiranami Ramune,https://www.youtube.com/watch?v=qRZ2J8dGvnM&t=6764s,2023-05-16T22:40:10Z
4185254,6112,答えは筋肉か,【VALORANT】寝起きリハビリ【ぶいすぽ/白波らむね】,白波らむね / Shiranami Ramune,https://www.youtube.com/watch?v=8dFfINc_2TA&t=6112s,2023-04-12T06:54:48Z
4197911,571,自分400.0.39だから筋肉痛なるますww,【VALORANT】深夜ヴぁです【ぶいすぽ/白波らむね】,白波らむね / Shiranami Ramune,https://www.youtube.com/watch?v=UO7ZoYWA7LA&t=571s,2023-05-10T21:08:26Z
4199049,1586,筋肉すぎない？w,【VCR RUST】2枠目 ボスだああああ【ぶいすぽ/白波らむね】,白波らむね / Shiranami Ramune,https://www.youtube.com/watch?v=ZYPd9Wh77FQ&t=1586s,2023-04-19T07:47:39Z
4253045,4645,筋肉で押さえ込んでる,【 APEX 】V最カスタム Day5【 ぶいすぽっ! / 小森めと 】,Met Channel / 小森めと,https://www.youtube.com/watch?v=n1XXmNxZfVU&t=4645s,2023-04-13T15:51:24Z
4268783,5058,最後に信じられるのは筋肉だからね,【 APEX 】カスタム侍【 ぶいすぽっ! / 小森めと 】,Met Channel / 小森めと,https://www.youtube.com/watch?v=N1wBmWwT14c&t=5058s,2023-04-01T19:30:11Z
4273683,2591,上質な筋肉さん来た,【 APEX 】壁にブチ当たった時は それを越えるチャンスだカスタム Day3【 ぶいすぽっ! / 小森めと 】,Met Channel / 小森めと,https://www.youtube.com/watch?v=NQAlHUcKlNM&t=2591s,2023-04-11T16:56:32Z
4274740,6424,まるで脳みそまで筋肉みたいな,【 APEX 】壁にブチ当たった時は それを越えるチャンスだカスタム Day3【 ぶいすぽっ! / 小森めと 】,Met Channel / 小森めと,https://www.youtube.com/watch?v=NQAlHUcKlNM&t=6424s,2023-04-11T16:56:32Z
4276018,11160,筋肉だけで勝ったな,【 APEX 】壁にブチ当たった時は それを越えるチャンスだカスタム Day3【 ぶいすぽっ! / 小森めと 】,Met Channel / 小森めと,https://www.youtube.com/watch?v=NQAlHUcKlNM&t=11160s,2023-04-11T16:56:32Z
4304644,7415,筋肉しあがってる,【 APEX 】頭を埋めていこうねカスタム Day4【 ぶいすぽっ! / 小森めと 】,Met Channel / 小森めと,https://www.youtube.com/watch?v=49doU8ESwpA&t=7415s,2023-04-12T15:31:44Z
4304669,7441,めっさんの筋肉ムキムキすぎて惚れる,【 APEX 】頭を埋めていこうねカスタム Day4【 ぶいすぽっ! / 小森めと 】,Met Channel / 小森めと,https://www.youtube.com/watch?v=49doU8ESwpA&t=7441s,2023-04-12T15:31:44Z
4360055,7855,脱いだら筋肉バキバキおじかっこいいよな,【 minecraft 】おはよう!!!!!!!!!!!!【 ぶいすぽっ! / 小森めと 】,Met Channel / 小森めと,https://www.youtube.com/watch?v=mLVfTCLZc1o&t=7855s,2023-06-14T02:57:53Z
4377062,1645,先週ジム行ったけど筋肉痛で死にそう,【 minecraft 】ぬーーーん【 ぶいすぽっ! / 小森めと 】,Met Channel / 小森めと,https://www.youtube.com/watch?v=00QBiaqHY5s&t=1645s,2023-06-06T14:42:52Z
4377405,2188,筋肉量とかでも変わるし何度だからとはいえないよね,【 minecraft 】ぬーーーん【 ぶいすぽっ! / 小森めと 】,Met Channel / 小森めと,https://www.youtube.com/watch?v=00QBiaqHY5s&t=2188s,2023-06-06T14:42:52Z
4411286,13034,筋肉式丸石製造機は簡単に作れるからオヌヌメ,【 minecraft 】人の夢は終わらねエ!!!!!【 ぶいすぽっ! / 小森めと 】,Met Channel / 小森めと,https://www.youtube.com/watch?v=qmppmTvvMNM&t=13034s,2023-06-02T08:42:55Z
4444532,33095,そりゃあ…筋肉ないからそのまま流れてくね,【 minecraft 】真夜中冒険隊【 ぶいすぽっ! / 小森めと 】,Met Channel / 小森めと,https://www.youtube.com/watch?v=JnCtYvZeAD4&t=33095s,2023-06-15T05:39:16Z
4444712,33274,筋肉つけよう,【 minecraft 】真夜中冒険隊【 ぶいすぽっ! / 小森めと 】,Met Channel / 小森めと,https://www.youtube.com/watch?v=JnCtYvZeAD4&t=33274s,2023-06-15T05:39:16Z
4444837,33389,筋肉もないのか,【 minecraft 】真夜中冒険隊【 ぶいすぽっ! / 小森めと 】,Met Channel / 小森めと,https://www.youtube.com/watch?v=JnCtYvZeAD4&t=33389s,2023-06-15T05:39:16Z
4444866,33420,男は太れないってより筋肉がつかないんやろ,【 minecraft 】真夜中冒険隊【 ぶいすぽっ! / 小森めと 】,Met Channel / 小森めと,https://www.youtube.com/watch?v=JnCtYvZeAD4&t=33420s,2023-06-15T05:39:16Z
4444873,33431,筋肉つけるだけでそれなりにいく,【 minecraft 】真夜中冒険隊【 ぶいすぽっ! / 小森めと 】,Met Channel / 小森めと,https://www.youtube.com/watch?v=JnCtYvZeAD4&t=33431s,2023-06-15T05:39:16Z
4460591,17341,筋肉質。,【 PUBG 】ぱぶじあかちゃんこと俺【 ぶいすぽっ! / 小森めと 】,Met Channel / 小森めと,https://www.youtube.com/watch?v=eq2gpgIpyLs&t=17341s,2023-06-25T18:36:11Z
4511829,6230,ものすごい筋肉痛だったのかな,【 Rust 】おは~~【 ぶいすぽっ! / 小森めと 】,Met Channel / 小森めと,https://www.youtube.com/watch?v=HJcic7PlWaU&t=6230s,2023-04-21T11:55:50Z
4513300,9186,あの筋肉で炭鉱夫やってたか,【 Rust 】おは~~【 ぶいすぽっ! / 小森めと 】,Met Channel / 小森めと,https://www.youtube.com/watch?v=HJcic7PlWaU&t=9186s,2023-04-21T11:55:50Z
4514538,12550,筋肉ルーレットするしかないか,【 Rust 】おは~~【 ぶいすぽっ! / 小森めと 】,Met Channel / 小森めと,https://www.youtube.com/watch?v=HJcic7PlWaU&t=12550s,2023-04-21T11:55:50Z
4514731,12856,やっぱ筋肉やな,【 Rust 】おは~~【 ぶいすぽっ! / 小森めと 】,Met Channel / 小森めと,https://www.youtube.com/watch?v=HJcic7PlWaU&t=12856s,2023-04-21T11:55:50Z
4514753,12881,筋肉ニキ最高やな,【 Rust 】おは~~【 ぶいすぽっ! / 小森めと 】,Met Channel / 小森めと,https://www.youtube.com/watch?v=HJcic7PlWaU&t=12881s,2023-04-21T11:55:50Z
4524876,1687,力仕事…無駄に筋肉がある奴…,【 Rust 】きょうはふたり【 ぶいすぽっ! / 小森めと 】,Met Channel / 小森めと,https://www.youtube.com/watch?v=N4KGQX_yxY0&t=1687s,2023-04-19T02:49:41Z
4536988,39422,若いのに座ってて痛い人はお尻の筋肉が衰えてるサインだよ,【 Rust 】きょうはふたり【 ぶいすぽっ! / 小森めと 】,Met Channel / 小森めと,https://www.youtube.com/watch?v=N4KGQX_yxY0&t=39422s,2023-04-19T02:49:41Z
4548975,24838,筋肉固まっとる,【 Rust 】むむむ【 ぶいすぽっ! / 小森めと 】,Met Channel / 小森めと,https://www.youtube.com/watch?v=ogUUYOZvjL0&t=24838s,2023-04-20T12:20:14Z
4548987,24884,筋肉固まったんじゃない,【 Rust 】むむむ【 ぶいすぽっ! / 小森めと 】,Met Channel / 小森めと,https://www.youtube.com/watch?v=ogUUYOZvjL0&t=24884s,2023-04-20T12:20:14Z
4549028,24945,筋肉伸ばせ,【 Rust 】むむむ【 ぶいすぽっ! / 小森めと 】,Met Channel / 小森めと,https://www.youtube.com/watch?v=ogUUYOZvjL0&t=24945s,2023-04-20T12:20:14Z
4549029,24945,体を動かして筋肉をほぐすだけでけっこう違うと思うよ,【 Rust 】むむむ【 ぶいすぽっ! / 小森めと 】,Met Channel / 小森めと,https://www.youtube.com/watch?v=ogUUYOZvjL0&t=24945s,2023-04-20T12:20:14Z
4549063,24981,急に動かすのはむしろやめましょう。まずは筋肉を温めることから,【 Rust 】むむむ【 ぶいすぽっ! / 小森めと 】,Met Channel / 小森めと,https://www.youtube.com/watch?v=ogUUYOZvjL0&t=24981s,2023-04-20T12:20:14Z
4549064,24982,でも筋肉伸ばしてる時の痛みってちょっと気持ちいいよね,【 Rust 】むむむ【 ぶいすぽっ! / 小森めと 】,Met Channel / 小森めと,https://www.youtube.com/watch?v=ogUUYOZvjL0&t=24982s,2023-04-20T12:20:14Z
4557763,5649,肉も筋肉もないから・・・,【 Rust 】やったんで【 ぶいすぽっ! / 小森めと 】,Met Channel / 小森めと,https://www.youtube.com/watch?v=BOq6mdxI2A0&t=5649s,2023-04-22T11:44:09Z
4582347,6476,筋肉すぎたな,【 VALORANT 】VCC チームD GO【 ぶいすぽっ! / 小森めと 】,Met Channel / 小森めと,https://www.youtube.com/watch?v=MrkcAy5cHzk&t=6476s,2023-06-10T18:25:04Z
4582389,6570,筋肉でシバキあげるw,【 VALORANT 】VCC チームD GO【 ぶいすぽっ! / 小森めと 】,Met Channel / 小森めと,https://www.youtube.com/watch?v=MrkcAy5cHzk&t=6570s,2023-06-10T18:25:04Z
4582390,6574,リアルの筋肉温めるマ？？,【 VALORANT 】VCC チームD GO【 ぶいすぽっ! / 小森めと 】,Met Channel / 小森めと,https://www.youtube.com/watch?v=MrkcAy5cHzk&t=6574s,2023-06-10T18:25:04Z
4586004,19602,筋肉!!,【 VALORANT 】VCC チームD GO【 ぶいすぽっ! / 小森めと 】,Met Channel / 小森めと,https://www.youtube.com/watch?v=MrkcAy5cHzk&t=19602s,2023-06-10T18:25:04Z
4597419,4980,筋肉w,【 VALORANT 】ふるぱてばろらんよ【 ぶいすぽっ! / 小森めと 】,Met Channel / 小森めと,https://www.youtube.com/watch?v=qTu4P7BUk7Y&t=4980s,2023-05-15T18:20:17Z
4600766,5450,腕の筋肉が無いんじゃない？,【 VALORANT 】みみたやとづお→ふるぱばろ【 ぶいすぽっ! / 小森めと 】,Met Channel / 小森めと,https://www.youtube.com/watch?v=eD4BNzqPC1o&t=5450s,2023-05-24T13:50:04Z
4600775,5469,筋肉の影響やらビタミンやらはあるかもねー,【 VALORANT 】みみたやとづお→ふるぱばろ【 ぶいすぽっ! / 小森めと 】,Met Channel / 小森めと,https://www.youtube.com/watch?v=eD4BNzqPC1o&t=5469s,2023-05-24T13:50:04Z
4619830,518,今回は筋肉チームかもしれん,【 えぺまつり外伝S3 】えぺまつりがんばります!!!【 ぶいすぽっ! / 小森めと 】,Met Channel / 小森めと,https://www.youtube.com/watch?v=_ArhW4-FLVU&t=518s,2023-05-21T14:19:31Z
4652894,6813,喉周りってちゃんと筋肉やしな,【APEX 】APEX赤ちゃん誕生【 ぶいすぽっ! / 小森めと 】,Met Channel / 小森めと,https://www.youtube.com/watch?v=qtmO_DJ-g6s&t=6813s,2023-05-18T06:11:33Z
4661743,3841,筋肉,【APEX 】シルバー界の王になれ【 ぶいすぽっ! / 小森めと 】,Met Channel / 小森めと,https://www.youtube.com/watch?v=_Y4TNOD2CIA&t=3841s,2023-05-19T11:18:33Z
4679416,4051,筋肉もりもりってこと？,【ニチアサ】OPAYOOOOOOOOOOOOO【 ぶいすぽっ! / 小森めと 】,Met Channel / 小森めと,https://www.youtube.com/watch?v=8i7QUUm5YFs&t=4051s,2023-05-07T01:12:49Z
4681142,4460,筋肉アピール,【ニチアサ】OPAYOOOOOOOOOOOOO【 ぶいすぽっ! / 小森めと 】,Met Channel / 小森めと,https://www.youtube.com/watch?v=8i7QUUm5YFs&t=4460s,2023-05-07T01:12:49Z
4685980,6025,筋肉は全てを解決する,【ニチアサ】OPAYOOOOOOOOOOOOO【 ぶいすぽっ! / 小森めと 】,Met Channel / 小森めと,https://www.youtube.com/watch?v=8i7QUUm5YFs&t=6025s,2023-05-07T01:12:49Z
4686736,6337,筋肉あるんか？,【ニチアサ】OPAYOOOOOOOOOOOOO【 ぶいすぽっ! / 小森めと 】,Met Channel / 小森めと,https://www.youtube.com/watch?v=8i7QUUm5YFs&t=6337s,2023-05-07T01:12:49Z
4692409,702,筋肉もﾔﾊﾞｲﾔﾊﾞｲﾔﾊﾞｲ,【ニチアサ】おぱよ~~~~!!!!!!!!!!!【 ぶいすぽっ! / 小森めと 】,Met Channel / 小森めと,https://www.youtube.com/watch?v=toTAZGDox1o&t=702s,2023-04-02T01:25:27Z
4692452,723,ステイサムの彫りの深さ、筋肉、体格、も相まってスキンがかっこいい,【ニチアサ】おぱよ~~~~!!!!!!!!!!!【 ぶいすぽっ! / 小森めと 】,Met Channel / 小森めと,https://www.youtube.com/watch?v=toTAZGDox1o&t=723s,2023-04-02T01:25:27Z
4706067,5235,ただの筋肉痛,【ニチアサ】おぱよ~~~~!!!!!!!!!!!【 ぶいすぽっ! / 小森めと 】,Met Channel / 小森めと,https://www.youtube.com/watch?v=toTAZGDox1o&t=5235s,2023-04-02T01:25:27Z
4706070,5236,席で筋肉痛になるときある,【ニチアサ】おぱよ~~~~!!!!!!!!!!!【 ぶいすぽっ! / 小森めと 】,Met Channel / 小森めと,https://www.youtube.com/watch?v=toTAZGDox1o&t=5236s,2023-04-02T01:25:27Z
4706084,5241,筋肉痛,【ニチアサ】おぱよ~~~~!!!!!!!!!!!【 ぶいすぽっ! / 小森めと 】,Met Channel / 小森めと,https://www.youtube.com/watch?v=toTAZGDox1o&t=5241s,2023-04-02T01:25:27Z
4706094,5243,それ筋肉痛わ,【ニチアサ】おぱよ~~~~!!!!!!!!!!!【 ぶいすぽっ! / 小森めと 】,Met Channel / 小森めと,https://www.youtube.com/watch?v=toTAZGDox1o&t=5243s,2023-04-02T01:25:27Z
4706095,5243,筋肉痛かな,【ニチアサ】おぱよ~~~~!!!!!!!!!!!【 ぶいすぽっ! / 小森めと 】,Met Channel / 小森めと,https://www.youtube.com/watch?v=toTAZGDox1o&t=5243s,2023-04-02T01:25:27Z
4706101,5245,筋肉痛だね,【ニチアサ】おぱよ~~~~!!!!!!!!!!!【 ぶいすぽっ! / 小森めと 】,Met Channel / 小森めと,https://www.youtube.com/watch?v=toTAZGDox1o&t=5245s,2023-04-02T01:25:27Z
4706113,5248,筋肉やろね,【ニチアサ】おぱよ~~~~!!!!!!!!!!!【 ぶいすぽっ! / 小森めと 】,Met Channel / 小森めと,https://www.youtube.com/watch?v=toTAZGDox1o&t=5248s,2023-04-02T01:25:27Z
4706114,5249,筋肉痛じゃない？,【ニチアサ】おぱよ~~~~!!!!!!!!!!!【 ぶいすぽっ! / 小森めと 】,Met Channel / 小森めと,https://www.youtube.com/watch?v=toTAZGDox1o&t=5249s,2023-04-02T01:25:27Z
4706137,5257,筋肉痛,【ニチアサ】おぱよ~~~~!!!!!!!!!!!【 ぶいすぽっ! / 小森めと 】,Met Channel / 小森めと,https://www.youtube.com/watch?v=toTAZGDox1o&t=5257s,2023-04-02T01:25:27Z
4706142,5258,筋肉痛やね,【ニチアサ】おぱよ~~~~!!!!!!!!!!!【 ぶいすぽっ! / 小森めと 】,Met Channel / 小森めと,https://www.youtube.com/watch?v=toTAZGDox1o&t=5258s,2023-04-02T01:25:27Z
4706185,5269,筋肉の繊維がちぎれまくってるだけ,【ニチアサ】おぱよ~~~~!!!!!!!!!!!【 ぶいすぽっ! / 小森めと 】,Met Channel / 小森めと,https://www.youtube.com/watch?v=toTAZGDox1o&t=5269s,2023-04-02T01:25:27Z
4706194,5272,それ筋肉痛,【ニチアサ】おぱよ~~~~!!!!!!!!!!!【 ぶいすぽっ! / 小森めと 】,Met Channel / 小森めと,https://www.youtube.com/watch?v=toTAZGDox1o&t=5272s,2023-04-02T01:25:27Z
4706213,5277,筋肉使いすぎたんやね^ ^,【ニチアサ】おぱよ~~~~!!!!!!!!!!!【 ぶいすぽっ! / 小森めと 】,Met Channel / 小森めと,https://www.youtube.com/watch?v=toTAZGDox1o&t=5277s,2023-04-02T01:25:27Z
4706222,5280,多分肋骨の間の筋肉がめっちゃ筋肉痛を起こしてたから痛かったんやと思うで,【ニチアサ】おぱよ~~~~!!!!!!!!!!!【 ぶいすぽっ! / 小森めと 】,Met Channel / 小森めと,https://www.youtube.com/watch?v=toTAZGDox1o&t=5280s,2023-04-02T01:25:27Z
4706231,5285,たぶん普段使わない筋肉がつったのよ,【ニチアサ】おぱよ~~~~!!!!!!!!!!!【 ぶいすぽっ! / 小森めと 】,Met Channel / 小森めと,https://www.youtube.com/watch?v=toTAZGDox1o&t=5285s,2023-04-02T01:25:27Z
4706350,5328,頚椎は手術リスクあるから筋肉でリハビリするのがいいって他の配信者の方が言うてたぞ,【ニチアサ】おぱよ~~~~!!!!!!!!!!!【 ぶいすぽっ! / 小森めと 】,Met Channel / 小森めと,https://www.youtube.com/watch?v=toTAZGDox1o&t=5328s,2023-04-02T01:25:27Z
4706399,5350,まじで筋肉リハビリでどうにかなるよ,【ニチアサ】おぱよ~~~~!!!!!!!!!!!【 ぶいすぽっ! / 小森めと 】,Met Channel / 小森めと,https://www.youtube.com/watch?v=toTAZGDox1o&t=5350s,2023-04-02T01:25:27Z
4709023,6189,優しくなるには筋肉と金が大事,【ニチアサ】おぱよ~~~~!!!!!!!!!!!【 ぶいすぽっ! / 小森めと 】,Met Channel / 小森めと,https://www.youtube.com/watch?v=toTAZGDox1o&t=6189s,2023-04-02T01:25:27Z
4716868,1196,筋肉多いと麻酔効かないとかなんとか,【ニチアサ】ぱよ~~~ん【 ぶいすぽっ! / 小森めと 】,Met Channel / 小森めと,https://www.youtube.com/watch?v=7KU8UoqBQiQ&t=1196s,2023-06-11T01:58:04Z
4717634,1619,めっさん普段笑いまくりだから顔の筋肉強そう,【ニチアサ】ぱよ~~~ん【 ぶいすぽっ! / 小森めと 】,Met Channel / 小森めと,https://www.youtube.com/watch?v=7KU8UoqBQiQ&t=1619s,2023-06-11T01:58:04Z
4726496,5212,筋肉感じる？,【ニチアサ】ぱよ~~~ん【 ぶいすぽっ! / 小森めと 】,Met Channel / 小森めと,https://www.youtube.com/watch?v=7KU8UoqBQiQ&t=5212s,2023-06-11T01:58:04Z
4771213,6299,筋肉増強目的ならジム行くのは大正解よ,【ニチアサ】人生楽しすぎワロタ【 ぶいすぽっ! / 小森めと 】,Met Channel / 小森めと,https://www.youtube.com/watch?v=AYG0kAFPNMs&t=6299s,2023-06-04T01:12:32Z
4771698,6408,筋肉は世界を救う！！,【ニチアサ】人生楽しすぎワロタ【 ぶいすぽっ! / 小森めと 】,Met Channel / 小森めと,https://www.youtube.com/watch?v=AYG0kAFPNMs&t=6408s,2023-06-04T01:12:32Z
4771701,6410,筋肉つけたら太りにくくなるらしいよ,【ニチアサ】人生楽しすぎワロタ【 ぶいすぽっ! / 小森めと 】,Met Channel / 小森めと,https://www.youtube.com/watch?v=AYG0kAFPNMs&t=6410s,2023-06-04T01:12:32Z
4771729,6417,筋肉マウントやめてw,【ニチアサ】人生楽しすぎワロタ【 ぶいすぽっ! / 小森めと 】,Met Channel / 小森めと,https://www.youtube.com/watch?v=AYG0kAFPNMs&t=6417s,2023-06-04T01:12:32Z
4771733,6418,筋肉（とき）は満ちた…,【ニチアサ】人生楽しすぎワロタ【 ぶいすぽっ! / 小森めと 】,Met Channel / 小森めと,https://www.youtube.com/watch?v=AYG0kAFPNMs&t=6418s,2023-06-04T01:12:32Z
4771756,6428,筋肉は自信になる,【ニチアサ】人生楽しすぎワロタ【 ぶいすぽっ! / 小森めと 】,Met Channel / 小森めと,https://www.youtube.com/watch?v=AYG0kAFPNMs&t=6428s,2023-06-04T01:12:32Z
4771760,6429,筋肉は世界を救う,【ニチアサ】人生楽しすぎワロタ【 ぶいすぽっ! / 小森めと 】,Met Channel / 小森めと,https://www.youtube.com/watch?v=AYG0kAFPNMs&t=6429s,2023-06-04T01:12:32Z
4771766,6431,筋肉って筋トレ始めても成果は2ヶ月後に出るから続けないとダメだよ,【ニチアサ】人生楽しすぎワロタ【 ぶいすぽっ! / 小森めと 】,Met Channel / 小森めと,https://www.youtube.com/watch?v=AYG0kAFPNMs&t=6431s,2023-06-04T01:12:32Z
4771798,6442,まず食べなきゃ筋肉付かないんちゃう？,【ニチアサ】人生楽しすぎワロタ【 ぶいすぽっ! / 小森めと 】,Met Channel / 小森めと,https://www.youtube.com/watch?v=AYG0kAFPNMs&t=6442s,2023-06-04T01:12:32Z
4771799,6442,ケンカと筋肉は別物だぞ,【ニチアサ】人生楽しすぎワロタ【 ぶいすぽっ! / 小森めと 】,Met Channel / 小森めと,https://www.youtube.com/watch?v=AYG0kAFPNMs&t=6442s,2023-06-04T01:12:32Z
4771810,6444,まずは筋肉になる肉つけるとこからやな,【ニチアサ】人生楽しすぎワロタ【 ぶいすぽっ! / 小森めと 】,Met Channel / 小森めと,https://www.youtube.com/watch?v=AYG0kAFPNMs&t=6444s,2023-06-04T01:12:32Z
4771825,6449,みんな筋肉ついたらどうなんねん,【ニチアサ】人生楽しすぎワロタ【 ぶいすぽっ! / 小森めと 】,Met Channel / 小森めと,https://www.youtube.com/watch?v=AYG0kAFPNMs&t=6449s,2023-06-04T01:12:32Z
4771836,6453,筋肉なくても殴ってくるやん,【ニチアサ】人生楽しすぎワロタ【 ぶいすぽっ! / 小森めと 】,Met Channel / 小森めと,https://www.youtube.com/watch?v=AYG0kAFPNMs&t=6453s,2023-06-04T01:12:32Z
4771840,6454,筋肉の全能感マジ半端ない,【ニチアサ】人生楽しすぎワロタ【 ぶいすぽっ! / 小森めと 】,Met Channel / 小森めと,https://www.youtube.com/watch?v=AYG0kAFPNMs&t=6454s,2023-06-04T01:12:32Z
4771849,6457,筋肉はいいぞー,【ニチアサ】人生楽しすぎワロタ【 ぶいすぽっ! / 小森めと 】,Met Channel / 小森めと,https://www.youtube.com/watch?v=AYG0kAFPNMs&t=6457s,2023-06-04T01:12:32Z
4771850,6458,筋肉ある人人生楽しそうではある,【ニチアサ】人生楽しすぎワロタ【 ぶいすぽっ! / 小森めと 】,Met Channel / 小森めと,https://www.youtube.com/watch?v=AYG0kAFPNMs&t=6458s,2023-06-04T01:12:32Z
4771856,6461,筋肉はすべてを解決するのか,【ニチアサ】人生楽しすぎワロタ【 ぶいすぽっ! / 小森めと 】,Met Channel / 小森めと,https://www.youtube.com/watch?v=AYG0kAFPNMs&t=6461s,2023-06-04T01:12:32Z
4771860,6464,筋肉は全てを解決する,【ニチアサ】人生楽しすぎワロタ【 ぶいすぽっ! / 小森めと 】,Met Channel / 小森めと,https://www.youtube.com/watch?v=AYG0kAFPNMs&t=6464s,2023-06-04T01:12:32Z
4771863,6464,高校生の頃メンタル強かったけど部活引退して筋肉量落ちてからメンタルやられること増えた,【ニチアサ】人生楽しすぎワロタ【 ぶいすぽっ! / 小森めと 】,Met Channel / 小森めと,https://www.youtube.com/watch?v=AYG0kAFPNMs&t=6464s,2023-06-04T01:12:32Z
4771867,6465,ほな筋肉つけるか,【ニチアサ】人生楽しすぎワロタ【 ぶいすぽっ! / 小森めと 】,Met Channel / 小森めと,https://www.youtube.com/watch?v=AYG0kAFPNMs&t=6465s,2023-06-04T01:12:32Z
4771872,6467,お金と筋肉はなんぼあってもええですからね,【ニチアサ】人生楽しすぎワロタ【 ぶいすぽっ! / 小森めと 】,Met Channel / 小森めと,https://www.youtube.com/watch?v=AYG0kAFPNMs&t=6467s,2023-06-04T01:12:32Z
4771873,6467,筋肉で胸作ろうぜ,【ニチアサ】人生楽しすぎワロタ【 ぶいすぽっ! / 小森めと 】,Met Channel / 小森めと,https://www.youtube.com/watch?v=AYG0kAFPNMs&t=6467s,2023-06-04T01:12:32Z
4771885,6472,実際めっさんは筋肉好きなの？,【ニチアサ】人生楽しすぎワロタ【 ぶいすぽっ! / 小森めと 】,Met Channel / 小森めと,https://www.youtube.com/watch?v=AYG0kAFPNMs&t=6472s,2023-06-04T01:12:32Z
4771892,6477,筋肉つけた方が気持ちいいからマジで,【ニチアサ】人生楽しすぎワロタ【 ぶいすぽっ! / 小森めと 】,Met Channel / 小森めと,https://www.youtube.com/watch?v=AYG0kAFPNMs&t=6477s,2023-06-04T01:12:32Z
4771895,6479,脳みそまで筋肉なるのが欠点,【ニチアサ】人生楽しすぎワロタ【 ぶいすぽっ! / 小森めと 】,Met Channel / 小森めと,https://www.youtube.com/watch?v=AYG0kAFPNMs&t=6479s,2023-06-04T01:12:32Z
4771908,6483,筋肉は全てを解決する,【ニチアサ】人生楽しすぎワロタ【 ぶいすぽっ! / 小森めと 】,Met Channel / 小森めと,https://www.youtube.com/watch?v=AYG0kAFPNMs&t=6483s,2023-06-04T01:12:32Z
4771909,6483,めっさん、筋肉あるの？,【ニチアサ】人生楽しすぎワロタ【 ぶいすぽっ! / 小森めと 】,Met Channel / 小森めと,https://www.youtube.com/watch?v=AYG0kAFPNMs&t=6483s,2023-06-04T01:12:32Z
4771926,6491,筋肉は裏切らん,【ニチアサ】人生楽しすぎワロタ【 ぶいすぽっ! / 小森めと 】,Met Channel / 小森めと,https://www.youtube.com/watch?v=AYG0kAFPNMs&t=6491s,2023-06-04T01:12:32Z
4771940,6502,けつに筋肉付きそう,【ニチアサ】人生楽しすぎワロタ【 ぶいすぽっ! / 小森めと 】,Met Channel / 小森めと,https://www.youtube.com/watch?v=AYG0kAFPNMs&t=6502s,2023-06-04T01:12:32Z
4771958,6511,司法がなんだ筋肉だ,【ニチアサ】人生楽しすぎワロタ【 ぶいすぽっ! / 小森めと 】,Met Channel / 小森めと,https://www.youtube.com/watch?v=AYG0kAFPNMs&t=6511s,2023-06-04T01:12:32Z
4771994,6526,司法試験に必要なのは筋肉,【ニチアサ】人生楽しすぎワロタ【 ぶいすぽっ! / 小森めと 】,Met Channel / 小森めと,https://www.youtube.com/watch?v=AYG0kAFPNMs&t=6526s,2023-06-04T01:12:32Z
4772104,6572,筋肉が喜ぶよ,【ニチアサ】人生楽しすぎワロタ【 ぶいすぽっ! / 小森めと 】,Met Channel / 小森めと,https://www.youtube.com/watch?v=AYG0kAFPNMs&t=6572s,2023-06-04T01:12:32Z
4772105,6572,筋肉にお願いや,【ニチアサ】人生楽しすぎワロタ【 ぶいすぽっ! / 小森めと 】,Met Channel / 小森めと,https://www.youtube.com/watch?v=AYG0kAFPNMs&t=6572s,2023-06-04T01:12:32Z
4772108,6574,アンチも筋肉も叩こうぜ,【ニチアサ】人生楽しすぎワロタ【 ぶいすぽっ! / 小森めと 】,Met Channel / 小森めと,https://www.youtube.com/watch?v=AYG0kAFPNMs&t=6574s,2023-06-04T01:12:32Z
4772110,6576,筋肉に名前つけよ,【ニチアサ】人生楽しすぎワロタ【 ぶいすぽっ! / 小森めと 】,Met Channel / 小森めと,https://www.youtube.com/watch?v=AYG0kAFPNMs&t=6576s,2023-06-04T01:12:32Z
4772113,6579,筋肉付ければ精神安定してFPSも勝てます,【ニチアサ】人生楽しすぎワロタ【 ぶいすぽっ! / 小森めと 】,Met Channel / 小森めと,https://www.youtube.com/watch?v=AYG0kAFPNMs&t=6579s,2023-06-04T01:12:32Z
4772117,6582,ぶいすぽの筋肉担当小森めとになろう,【ニチアサ】人生楽しすぎワロタ【 ぶいすぽっ! / 小森めと 】,Met Channel / 小森めと,https://www.youtube.com/watch?v=AYG0kAFPNMs&t=6582s,2023-06-04T01:12:32Z
4772121,6584,筋肉いぇいいぇい,【ニチアサ】人生楽しすぎワロタ【 ぶいすぽっ! / 小森めと 】,Met Channel / 小森めと,https://www.youtube.com/watch?v=AYG0kAFPNMs&t=6584s,2023-06-04T01:12:32Z
4772281,6655,筋肉付くわけではないね,【ニチアサ】人生楽しすぎワロタ【 ぶいすぽっ! / 小森めと 】,Met Channel / 小森めと,https://www.youtube.com/watch?v=AYG0kAFPNMs&t=6655s,2023-06-04T01:12:32Z
4772349,6683,筋肉は褒めると育つ。Vチューバーと一緒ですね。,【ニチアサ】人生楽しすぎワロタ【 ぶいすぽっ! / 小森めと 】,Met Channel / 小森めと,https://www.youtube.com/watch?v=AYG0kAFPNMs&t=6683s,2023-06-04T01:12:32Z
4772528,6745,めっさんの3Dが出た時、筋肉が割とあると他のメンバーに自慢できると思ったら頑張れるのでは？,【ニチアサ】人生楽しすぎワロタ【 ぶいすぽっ! / 小森めと 】,Met Channel / 小森めと,https://www.youtube.com/watch?v=AYG0kAFPNMs&t=6745s,2023-06-04T01:12:32Z
4772620,6775,筋肉になる肉つけないと,【ニチアサ】人生楽しすぎワロタ【 ぶいすぽっ! / 小森めと 】,Met Channel / 小森めと,https://www.youtube.com/watch?v=AYG0kAFPNMs&t=6775s,2023-06-04T01:12:32Z
4772624,6776,筋肉鍛えても間接が持たないぞ,【ニチアサ】人生楽しすぎワロタ【 ぶいすぽっ! / 小森めと 】,Met Channel / 小森めと,https://www.youtube.com/watch?v=AYG0kAFPNMs&t=6776s,2023-06-04T01:12:32Z
4772737,6877,やはりここでも筋肉,【ニチアサ】人生楽しすぎワロタ【 ぶいすぽっ! / 小森めと 】,Met Channel / 小森めと,https://www.youtube.com/watch?v=AYG0kAFPNMs&t=6877s,2023-06-04T01:12:32Z
4784746,3828,めっさん筋肉好きですか？,【ニチアサ】日曜はくるよどこまでも【 ぶいすぽっ! / 小森めと 】,Met Channel / 小森めと,https://www.youtube.com/watch?v=ZyrCJ3kXTME&t=3828s,2023-04-16T02:26:51Z
4797187,423,あれは筋肉で防寒してる,【ニチアサ】朝だよカンカン!!!!【 ぶいすぽっ! / 小森めと 】,Met Channel / 小森めと,https://www.youtube.com/watch?v=lXAmOAKxEcc&t=423s,2023-04-23T02:14:52Z
4797267,455,肉とか筋肉で防いでる,【ニチアサ】朝だよカンカン!!!!【 ぶいすぽっ! / 小森めと 】,Met Channel / 小森めと,https://www.youtube.com/watch?v=lXAmOAKxEcc&t=455s,2023-04-23T02:14:52Z
4797270,456,大体筋肉ゴリゴリの人ww,【ニチアサ】朝だよカンカン!!!!【 ぶいすぽっ! / 小森めと 】,Met Channel / 小森めと,https://www.youtube.com/watch?v=lXAmOAKxEcc&t=456s,2023-04-23T02:14:52Z
4797580,534,筋肉量高いと体温保ちやすいんちゃいますっけ,【ニチアサ】朝だよカンカン!!!!【 ぶいすぽっ! / 小森めと 】,Met Channel / 小森めと,https://www.youtube.com/watch?v=lXAmOAKxEcc&t=534s,2023-04-23T02:14:52Z
4813597,6998,筋肉デカい方が勝つ,【ニチアサ】朝だよカンカン!!!!【 ぶいすぽっ! / 小森めと 】,Met Channel / 小森めと,https://www.youtube.com/watch?v=lXAmOAKxEcc&t=6998s,2023-04-23T02:14:52Z
4822766,3069,筋肉痛2日後とかくる？,【ニチアサ】本日も日曜日です【 ぶいすぽっ! / 小森めと 】,Met Channel / 小森めと,https://www.youtube.com/watch?v=q0qfVaBMlVw&t=3069s,2023-05-28T01:16:02Z
4864071,2762,めっさんは筋肉あるマッチョメンとやせマッチョメンどっちが好き？,【雑談】muuuuuuuuuuuu【 ぶいすぽっ! / 小森めと 】,Met Channel / 小森めと,https://www.youtube.com/watch?v=-iIn_QenNLM&t=2762s,2023-04-06T19:18:33Z
4870645,6293,次の日筋肉痛になりそう,【雑談】muuuuuuuuuuuu【 ぶいすぽっ! / 小森めと 】,Met Channel / 小森めと,https://www.youtube.com/watch?v=-iIn_QenNLM&t=6293s,2023-04-06T19:18:33Z
4871206,6612,舌の筋肉が強いとできないらしいね,【雑談】muuuuuuuuuuuu【 ぶいすぽっ! / 小森めと 】,Met Channel / 小森めと,https://www.youtube.com/watch?v=-iIn_QenNLM&t=6612s,2023-04-06T19:18:33Z
4871545,6820,喋るのに使ってるのがベロの筋肉やぞ,【雑談】muuuuuuuuuuuu【 ぶいすぽっ! / 小森めと 】,Met Channel / 小森めと,https://www.youtube.com/watch?v=-iIn_QenNLM&t=6820s,2023-04-06T19:18:33Z
4871557,6827,ベロって筋肉だぞ,【雑談】muuuuuuuuuuuu【 ぶいすぽっ! / 小森めと 】,Met Channel / 小森めと,https://www.youtube.com/watch?v=-iIn_QenNLM&t=6827s,2023-04-06T19:18:33Z
4871569,6843,べろの筋肉使わないと窒息するぞ,【雑談】muuuuuuuuuuuu【 ぶいすぽっ! / 小森めと 】,Met Channel / 小森めと,https://www.youtube.com/watch?v=-iIn_QenNLM&t=6843s,2023-04-06T19:18:33Z
4871572,6847,舌は筋肉の塊やぞ,【雑談】muuuuuuuuuuuu【 ぶいすぽっ! / 小森めと 】,Met Channel / 小森めと,https://www.youtube.com/watch?v=-iIn_QenNLM&t=6847s,2023-04-06T19:18:33Z
4871575,6847,腕曲げる時に腕の筋肉使わないつもりなんか？,【雑談】muuuuuuuuuuuu【 ぶいすぽっ! / 小森めと 】,Met Channel / 小森めと,https://www.youtube.com/watch?v=-iIn_QenNLM&t=6847s,2023-04-06T19:18:33Z
4871578,6849,ベロを動かせる時点でそれ筋肉やろ,【雑談】muuuuuuuuuuuu【 ぶいすぽっ! / 小森めと 】,Met Channel / 小森めと,https://www.youtube.com/watch?v=-iIn_QenNLM&t=6849s,2023-04-06T19:18:33Z
4871586,6853,歯にもの挟まった時かノリが引っ付いた時にべろの筋肉すごい使う,【雑談】muuuuuuuuuuuu【 ぶいすぽっ! / 小森めと 】,Met Channel / 小森めと,https://www.youtube.com/watch?v=-iIn_QenNLM&t=6853s,2023-04-06T19:18:33Z
4871616,6868,舌自体ほぼ筋肉,【雑談】muuuuuuuuuuuu【 ぶいすぽっ! / 小森めと 】,Met Channel / 小森めと,https://www.youtube.com/watch?v=-iIn_QenNLM&t=6868s,2023-04-06T19:18:33Z
4871948,7092,筋肉ん,【雑談】muuuuuuuuuuuu【 ぶいすぽっ! / 小森めと 】,Met Channel / 小森めと,https://www.youtube.com/watch?v=-iIn_QenNLM&t=7092s,2023-04-06T19:18:33Z
4871959,7095,筋肉ルーレットね,【雑談】muuuuuuuuuuuu【 ぶいすぽっ! / 小森めと 】,Met Channel / 小森めと,https://www.youtube.com/watch?v=-iIn_QenNLM&t=7095s,2023-04-06T19:18:33Z
4871965,7097,筋肉ルーレット,【雑談】muuuuuuuuuuuu【 ぶいすぽっ! / 小森めと 】,Met Channel / 小森めと,https://www.youtube.com/watch?v=-iIn_QenNLM&t=7097s,2023-04-06T19:18:33Z
4871975,7099,筋肉ルーレット,【雑談】muuuuuuuuuuuu【 ぶいすぽっ! / 小森めと 】,Met Channel / 小森めと,https://www.youtube.com/watch?v=-iIn_QenNLM&t=7099s,2023-04-06T19:18:33Z
4871977,7100,筋肉ルーレットやない？,【雑談】muuuuuuuuuuuu【 ぶいすぽっ! / 小森めと 】,Met Channel / 小森めと,https://www.youtube.com/watch?v=-iIn_QenNLM&t=7100s,2023-04-06T19:18:33Z
4871982,7102,筋肉ルーレットやん,【雑談】muuuuuuuuuuuu【 ぶいすぽっ! / 小森めと 】,Met Channel / 小森めと,https://www.youtube.com/watch?v=-iIn_QenNLM&t=7102s,2023-04-06T19:18:33Z
4872010,7117,筋肉ルーレットはヤラセ,【雑談】muuuuuuuuuuuu【 ぶいすぽっ! / 小森めと 】,Met Channel / 小森めと,https://www.youtube.com/watch?v=-iIn_QenNLM&t=7117s,2023-04-06T19:18:33Z
4872013,7119,めっさんも鍛えたら筋肉ルーレットできるんじゃ？,【雑談】muuuuuuuuuuuu【 ぶいすぽっ! / 小森めと 】,Met Channel / 小森めと,https://www.youtube.com/watch?v=-iIn_QenNLM&t=7119s,2023-04-06T19:18:33Z
4872020,7130,【悲報】筋肉ルーレット不正だった,【雑談】muuuuuuuuuuuu【 ぶいすぽっ! / 小森めと 】,Met Channel / 小森めと,https://www.youtube.com/watch?v=-iIn_QenNLM&t=7130s,2023-04-06T19:18:33Z
4872029,7148,筋肉ルーレットは利権が絡んでるとか,【雑談】muuuuuuuuuuuu【 ぶいすぽっ! / 小森めと 】,Met Channel / 小森めと,https://www.youtube.com/watch?v=-iIn_QenNLM&t=7148s,2023-04-06T19:18:33Z
4897415,5747,今日お尻に筋肉注射2発打って来たんだけど、痛過ぎでしんどいですどうしたらいいでしょうか,【雑談】おーーーーーーーーーい!!!!!!!!!!!!!!!!!!!!【 ぶいすぽっ! / 小森めと 】,Met Channel / 小森めと,https://www.youtube.com/watch?v=9y5IJfslgq8&t=5747s,2023-05-01T13:40:20Z
